,AUD_AWFA,AWFA_p-e09,BIG_OWFA,SYL_mAWFA,VIS_IFG,VIS_VWFA
AUD_AWFA,1.0,0.83168525,0.07647793,0.62923187,0.29571345,-0.13083601
AWFA_p-e09,0.83168525,1.0,0.046416316,0.5161079,0.3351637,-0.024244288
BIG_OWFA,0.07647793,0.046416316,1.0,0.11184871,0.10493669,0.23336592
SYL_mAWFA,0.62923187,0.5161079,0.11184871,1.0,0.26681408,-0.10487401
VIS_IFG,0.29571345,0.3351637,0.10493669,0.26681408,1.0,0.18150374
VIS_VWFA,-0.13083601,-0.024244288,0.23336592,-0.10487401,0.18150374,1.0
