,AUD_AWFA,AWFA_p-e09,BIG_OWFA,SYL_mAWFA,VIS_IFG,VIS_VWFA
AUD_AWFA,1.0,0.9016179,0.31735674,0.37522605,0.65173346,-0.04833393
AWFA_p-e09,0.9016179,1.0,0.35314307,0.35220715,0.70633364,0.031063575
BIG_OWFA,0.31735674,0.35314307,1.0,-0.09592714,0.36062437,0.38028556
SYL_mAWFA,0.37522605,0.35220715,-0.09592714,1.0,0.2728511,-0.097800426
VIS_IFG,0.65173346,0.70633364,0.36062437,0.2728511,1.0,0.23770607
VIS_VWFA,-0.04833393,0.031063575,0.38028556,-0.097800426,0.23770607,1.0
