,AUD_AWFA,AWFA_p-e09,BIG_OWFA,SYL_mAWFA,VIS_IFG,VIS_VWFA,mAWFA_p-e09
AUD_AWFA,1.0,0.80863154,0.2794393,0.43008927,0.4067237,0.31681442,0.43752947
AWFA_p-e09,0.80863154,1.0,0.2752726,0.4352962,0.43987173,0.319929,0.3776282
BIG_OWFA,0.2794393,0.2752726,1.0,0.37773883,0.25494373,0.42360577,0.37498528
SYL_mAWFA,0.43008927,0.4352962,0.37773883,1.0,0.57631165,0.46142432,0.85937184
VIS_IFG,0.4067237,0.43987173,0.25494373,0.57631165,1.0,0.58635503,0.4548111
VIS_VWFA,0.31681442,0.319929,0.42360577,0.46142432,0.58635503,1.0,0.39622006
mAWFA_p-e09,0.43752947,0.3776282,0.37498528,0.85937184,0.4548111,0.39622006,1.0
