,AUD_AWFA,AWFA_p-e09,BIG_OWFA,SYL_mAWFA,VIS_IFG,VIS_VWFA,mAWFA_p-e09
AUD_AWFA,1.0,0.8665106,0.087062314,0.4641373,0.2004228,0.41473728,0.32537127
AWFA_p-e09,0.8665106,1.0,0.123149425,0.415641,0.23604122,0.38059065,0.2986692
BIG_OWFA,0.087062314,0.123149425,1.0,0.15695843,0.14424175,0.5168716,0.12822379
SYL_mAWFA,0.4641373,0.415641,0.15695843,1.0,0.5509263,0.5379634,0.89540887
VIS_IFG,0.2004228,0.23604122,0.14424175,0.5509263,1.0,0.43949032,0.49432802
VIS_VWFA,0.41473728,0.38059065,0.5168716,0.5379634,0.43949032,1.0,0.47119242
mAWFA_p-e09,0.32537127,0.2986692,0.12822379,0.89540887,0.49432802,0.47119242,1.0
