,AUD_AWFA,AWFA_p-e09,BIG_OWFA,SYL_mAWFA,VIS_IFG,VIS_VWFA,mAWFA_p-e09
AUD_AWFA,1.0,0.82409406,0.36673963,0.6912602,0.36306408,0.38563445,0.62685335
AWFA_p-e09,0.82409406,1.0,0.31837198,0.62876403,0.3254246,0.39006564,0.58138126
BIG_OWFA,0.36673963,0.31837198,1.0,0.54462683,0.019664822,0.30084586,0.53071266
SYL_mAWFA,0.6912602,0.62876403,0.54462683,1.0,0.39958414,0.4737397,0.9130689
VIS_IFG,0.36306408,0.3254246,0.019664822,0.39958414,1.0,0.5258029,0.34091222
VIS_VWFA,0.38563445,0.39006564,0.30084586,0.4737397,0.5258029,1.0,0.4106739
mAWFA_p-e09,0.62685335,0.58138126,0.53071266,0.9130689,0.34091222,0.4106739,1.0
