,AUD_AWFA,AWFA_p-e09,BIG_OWFA,SYL_mAWFA,VIS_IFG,VIS_VWFA,mAWFA_p-e09
AUD_AWFA,1.0,0.7924604,-0.07127921,0.42068735,0.28476542,0.21312031,0.38591912
AWFA_p-e09,0.7924604,1.0,-0.24598026,0.27269506,0.05327641,0.12780304,0.25721502
BIG_OWFA,-0.07127921,-0.24598026,1.0,0.033169255,-0.012481939,0.1362241,0.040438622
SYL_mAWFA,0.42068735,0.27269506,0.033169255,1.0,0.37808037,0.17137358,0.87049294
VIS_IFG,0.28476542,0.05327641,-0.012481939,0.37808037,1.0,0.191804,0.26880133
VIS_VWFA,0.21312031,0.12780304,0.1362241,0.17137358,0.191804,1.0,0.14990357
mAWFA_p-e09,0.38591912,0.25721502,0.040438622,0.87049294,0.26880133,0.14990357,1.0
