,AUD_AWFA,AWFA_p-e09,BIG_OWFA,SYL_mAWFA,VIS_IFG,VIS_VWFA,mAWFA_p-e09
AUD_AWFA,1.0,0.85062486,0.054830033,0.42063597,0.3116793,0.22670634,0.37078124
AWFA_p-e09,0.85062486,1.0,0.04146191,0.45544916,0.3479167,0.21637493,0.4173936
BIG_OWFA,0.054830033,0.04146191,1.0,0.17967594,0.20553496,0.42388427,0.045336347
SYL_mAWFA,0.42063597,0.45544916,0.17967594,1.0,0.47222346,0.4639775,0.87003094
VIS_IFG,0.3116793,0.3479167,0.20553496,0.47222346,1.0,0.4568263,0.41012654
VIS_VWFA,0.22670634,0.21637493,0.42388427,0.4639775,0.4568263,1.0,0.3572006
mAWFA_p-e09,0.37078124,0.4173936,0.045336347,0.87003094,0.41012654,0.3572006,1.0
