,AUD_AWFA,BIG_OWFA,SYL_mAWFA,VIS_IFG,VIS_VWFA
AUD_AWFA,1.0,0.26036844,0.4424728,0.42904183,0.3637288
BIG_OWFA,0.26036844,1.0,0.20668776,0.37003025,0.39119738
SYL_mAWFA,0.4424728,0.20668776,1.0,0.24823022,0.38748118
VIS_IFG,0.42904183,0.37003025,0.24823022,1.0,0.43837893
VIS_VWFA,0.3637288,0.39119738,0.38748118,0.43837893,1.0
