,AUD_AWFA,BIG_OWFA,SYL_mAWFA,VIS_IFG,VIS_VWFA
AUD_AWFA,1.0,0.26874105120184105,0.6458028709239676,0.548823869552155,0.4557325850582143
BIG_OWFA,0.26874105120184105,1.0,0.31361892298719685,0.2903165537229384,0.4826805103772298
SYL_mAWFA,0.6458028709239676,0.31361892298719685,1.0,0.5288712333958436,0.5503740198506266
VIS_IFG,0.548823869552155,0.2903165537229384,0.5288712333958436,1.0,0.5470457227799158
VIS_VWFA,0.4557325850582143,0.4826805103772298,0.5503740198506266,0.5470457227799158,1.0
