,AUD_AWFA,AWFA_p-e09,BIG_OWFA,SYL_mAWFA,VIS_IFG,VIS_VWFA
AUD_AWFA,1.0,0.86876076,0.005572432,0.1379846,0.15633082,-0.012237205
AWFA_p-e09,0.86876076,1.0,0.018889122,0.17928338,0.10740736,0.0035762663
BIG_OWFA,0.005572432,0.018889122,1.0,-0.19025496,0.27911758,0.34417906
SYL_mAWFA,0.1379846,0.17928338,-0.19025496,1.0,-0.0024926432,-0.16113529
VIS_IFG,0.15633082,0.10740736,0.27911758,-0.0024926432,1.0,0.49434835
VIS_VWFA,-0.012237205,0.0035762663,0.34417906,-0.16113529,0.49434835,1.0
