,AUD_AWFA,AWFA_p-e09,BIG_OWFA,SYL_mAWFA,VIS_IFG,VIS_VWFA
AUD_AWFA,1.0,0.7032512,0.16455293,0.27792504,0.2763049,0.09822169
AWFA_p-e09,0.7032512,1.0,0.1544528,0.21258357,0.21179414,0.06758753
BIG_OWFA,0.16455293,0.1544528,1.0,0.1406302,-0.0048758425,0.43809888
SYL_mAWFA,0.27792504,0.21258357,0.1406302,1.0,0.42601874,0.3468807
VIS_IFG,0.2763049,0.21179414,-0.0048758425,0.42601874,1.0,0.24295048
VIS_VWFA,0.09822169,0.06758753,0.43809888,0.3468807,0.24295048,1.0
