,AUD_AWFA,AWFA_p-e09,BIG_OWFA,SYL_mAWFA,VIS_IFG,VIS_VWFA
AUD_AWFA,1.0,0.80032283,0.13845223,0.33361182,0.051478595,-0.06220858
AWFA_p-e09,0.80032283,1.0,0.08690444,0.39056012,0.053532686,-0.02064246
BIG_OWFA,0.13845223,0.08690444,1.0,0.16388822,0.23215318,0.20256896
SYL_mAWFA,0.33361182,0.39056012,0.16388822,1.0,0.36414754,0.43242437
VIS_IFG,0.051478595,0.053532686,0.23215318,0.36414754,1.0,0.46873432
VIS_VWFA,-0.06220858,-0.02064246,0.20256896,0.43242437,0.46873432,1.0
