,AUD_AWFA,AWFA_p-e09,BIG_OWFA,SYL_mAWFA,VIS_IFG,VIS_VWFA,mAWFA_p-e09
AUD_AWFA,1.0,0.8257526,0.12927023,0.3094257,0.3083191,0.25665092,0.29067716
AWFA_p-e09,0.8257526,1.0,0.14034982,0.26688927,0.35646483,0.33919582,0.22606869
BIG_OWFA,0.12927023,0.14034982,1.0,0.056664307,0.18235515,0.3759255,0.056368545
SYL_mAWFA,0.3094257,0.26688927,0.056664307,1.0,0.41696405,0.056739345,0.92883426
VIS_IFG,0.3083191,0.35646483,0.18235515,0.41696405,1.0,0.3662209,0.46630877
VIS_VWFA,0.25665092,0.33919582,0.3759255,0.056739345,0.3662209,1.0,0.09919872
mAWFA_p-e09,0.29067716,0.22606869,0.056368545,0.92883426,0.46630877,0.09919872,1.0
