,AUD_AWFA,AWFA_p-e09,BIG_OWFA,SYL_mAWFA,VIS_IFG,VIS_VWFA
AUD_AWFA,1.0,0.8920651,0.33777884,0.6843719,0.47725102,0.54288226
AWFA_p-e09,0.8920651,1.0,0.23164931,0.61995023,0.41023228,0.44903824
BIG_OWFA,0.33777884,0.23164931,1.0,0.43842807,0.35110196,0.58376896
SYL_mAWFA,0.6843719,0.61995023,0.43842807,1.0,0.48607886,0.5626232
VIS_IFG,0.47725102,0.41023228,0.35110196,0.48607886,1.0,0.7406691
VIS_VWFA,0.54288226,0.44903824,0.58376896,0.5626232,0.7406691,1.0
