,AUD_AWFA,AWFA_p-e09,BIG_OWFA,SYL_mAWFA,VIS_IFG,VIS_VWFA
AUD_AWFA,1.0,0.819702,0.06957904,0.6232941,0.46398962,0.28375575
AWFA_p-e09,0.819702,1.0,-0.029045615,0.7116213,0.33329377,0.18744941
BIG_OWFA,0.06957904,-0.029045615,1.0,-0.23681104,0.1335004,0.5781461
SYL_mAWFA,0.6232941,0.7116213,-0.23681104,1.0,0.25886315,-0.0039122207
VIS_IFG,0.46398962,0.33329377,0.1335004,0.25886315,1.0,0.5132509
VIS_VWFA,0.28375575,0.18744941,0.5781461,-0.0039122207,0.5132509,1.0
