,cluster_1,cluster_2,cluster_3,cluster_4,cluster_5,cluster_6,cluster_7
cluster_1,1.0,0.58720005,0.55781597,0.60503006,0.058802903,0.34274182,0.7424794
cluster_2,0.58720005,1.0,0.4580589,0.40046623,0.03674946,0.20258558,0.39113173
cluster_3,0.55781597,0.4580589,1.0,0.40103576,0.1121416,0.33421135,0.54288125
cluster_4,0.60503006,0.40046623,0.40103576,1.0,-0.03516851,0.29819697,0.6324319
cluster_5,0.058802903,0.03674946,0.1121416,-0.03516851,1.0,0.2585965,0.00071622327
cluster_6,0.34274182,0.20258558,0.33421135,0.29819697,0.2585965,1.0,0.34562156
cluster_7,0.7424794,0.39113173,0.54288125,0.6324319,0.00071622327,0.34562156,1.0
