,AUD_AWFA,AWFA_p-e09,BIG_OWFA,SYL_mAWFA,VIS_IFG,VIS_VWFA,mAWFA_p-e09
AUD_AWFA,1.0,0.8744109,0.07709061,0.38997173,0.20406969,0.11137243,0.38228878
AWFA_p-e09,0.8744109,1.0,0.06533731,0.3872014,0.10414507,0.066589296,0.38675424
BIG_OWFA,0.07709061,0.06533731,1.0,-0.09016644,0.070392735,0.60133195,-0.14986226
SYL_mAWFA,0.38997173,0.3872014,-0.09016644,1.0,0.20331594,0.20166053,0.95291567
VIS_IFG,0.20406969,0.10414507,0.070392735,0.20331594,1.0,0.36428705,0.1881341
VIS_VWFA,0.11137243,0.066589296,0.60133195,0.20166053,0.36428705,1.0,0.15468517
mAWFA_p-e09,0.38228878,0.38675424,-0.14986226,0.95291567,0.1881341,0.15468517,1.0
