,AUD_AWFA,AWFA_p-e09,BIG_OWFA,SYL_mAWFA,VIS_IFG,VIS_VWFA
AUD_AWFA,1.0,0.89755526908002,0.19971894936557266,0.4890781738286303,0.48888775416797314,0.31947692103295733
AWFA_p-e09,0.89755526908002,1.0,0.1763993326785374,0.4703544503629013,0.4597518403906032,0.29278318945356024
BIG_OWFA,0.19971894936557266,0.1763993326785374,1.0,-0.07494887861640363,0.26748253373785097,0.5091015900304869
SYL_mAWFA,0.4890781738286303,0.4703544503629013,-0.07494887861640363,1.0,0.3171578006888324,0.06726184686242705
VIS_IFG,0.48888775416797314,0.4597518403906032,0.26748253373785097,0.3171578006888324,1.0,0.48847108308658416
VIS_VWFA,0.31947692103295733,0.29278318945356024,0.5091015900304869,0.06726184686242705,0.48847108308658416,1.0
