,cluster_1,cluster_2,cluster_3,cluster_4,cluster_5,cluster_6,cluster_7
cluster_1,1.0,0.6154649,0.7070174,0.40487832,0.4829954,0.4429107,0.5999644
cluster_2,0.6154649,1.0,0.65550685,0.38540727,0.37837285,0.28039104,0.43420127
cluster_3,0.7070174,0.65550685,1.0,0.273872,0.38991567,0.45130646,0.3901479
cluster_4,0.40487832,0.38540727,0.273872,1.0,0.1425291,0.0773028,0.27624923
cluster_5,0.4829954,0.37837285,0.38991567,0.1425291,1.0,0.39182574,0.44548452
cluster_6,0.4429107,0.28039104,0.45130646,0.0773028,0.39182574,1.0,0.36467028
cluster_7,0.5999644,0.43420127,0.3901479,0.27624923,0.44548452,0.36467028,1.0
