,AUD_AWFA,AWFA_p-e09,BIG_OWFA,SYL_mAWFA,VIS_IFG,VIS_VWFA
AUD_AWFA,1.0,0.9056076,0.22779721,0.825556,0.35369575,0.51001674
AWFA_p-e09,0.9056076,1.0,0.21285994,0.7474142,0.4351535,0.49113804
BIG_OWFA,0.22779721,0.21285994,1.0,0.16383317,0.148567,0.34932014
SYL_mAWFA,0.825556,0.7474142,0.16383317,1.0,0.3014617,0.62281317
VIS_IFG,0.35369575,0.4351535,0.148567,0.3014617,1.0,0.36580536
VIS_VWFA,0.51001674,0.49113804,0.34932014,0.62281317,0.36580536,1.0
