,AUD_AWFA,AWFA_p-e09,BIG_OWFA,SYL_mAWFA,VIS_IFG,VIS_VWFA
AUD_AWFA,1.0,0.8251009,0.20448263,0.7271601,0.57557845,0.308903
AWFA_p-e09,0.8251009,1.0,0.01769385,0.59153634,0.47389808,0.20530646
BIG_OWFA,0.20448263,0.01769385,1.0,0.3735098,0.35854897,0.5171595
SYL_mAWFA,0.7271601,0.59153634,0.3735098,1.0,0.6811136,0.41301897
VIS_IFG,0.57557845,0.47389808,0.35854897,0.6811136,1.0,0.37485746
VIS_VWFA,0.308903,0.20530646,0.5171595,0.41301897,0.37485746,1.0
