,AUD_AWFA,AWFA_p-e09,BIG_OWFA,SYL_mAWFA,VIS_IFG,VIS_VWFA
AUD_AWFA,1.0,0.82333744,0.086969815,0.56357145,0.4656097,0.23658094
AWFA_p-e09,0.82333744,1.0,0.18882056,0.54315734,0.38912237,0.23336312
BIG_OWFA,0.086969815,0.18882056,1.0,0.24152361,-0.063684344,0.16007535
SYL_mAWFA,0.56357145,0.54315734,0.24152361,1.0,0.4227154,0.4105424
VIS_IFG,0.4656097,0.38912237,-0.063684344,0.4227154,1.0,0.24920389
VIS_VWFA,0.23658094,0.23336312,0.16007535,0.4105424,0.24920389,1.0
