,AUD_AWFA,AWFA_p-e09,BIG_OWFA,SYL_mAWFA,VIS_IFG,VIS_VWFA
AUD_AWFA,1.0,0.9006522,0.19023153,0.5245569,0.4718105,0.19945468
AWFA_p-e09,0.9006522,1.0,0.11042912,0.46713728,0.42435348,0.10159077
BIG_OWFA,0.19023153,0.11042912,1.0,0.45061964,0.10917796,0.41403523
SYL_mAWFA,0.5245569,0.46713728,0.45061964,1.0,0.2872557,0.42313018
VIS_IFG,0.4718105,0.42435348,0.10917796,0.2872557,1.0,0.3334639
VIS_VWFA,0.19945468,0.10159077,0.41403523,0.42313018,0.3334639,1.0
