,AUD_AWFA,AWFA_p-e09,BIG_OWFA,SYL_mAWFA,VIS_IFG,VIS_VWFA
AUD_AWFA,1.0,0.8776629,0.22115235,0.607136,0.58495814,0.29992086
AWFA_p-e09,0.8776629,1.0,0.16677524,0.45730788,0.58170664,0.18753783
BIG_OWFA,0.22115235,0.16677524,1.0,0.2732954,0.1983349,0.25028676
SYL_mAWFA,0.607136,0.45730788,0.2732954,1.0,0.40602368,0.37251666
VIS_IFG,0.58495814,0.58170664,0.1983349,0.40602368,1.0,0.40976152
VIS_VWFA,0.29992086,0.18753783,0.25028676,0.37251666,0.40976152,1.0
