,AUD_AWFA,AWFA_p-e09,BIG_OWFA,SYL_mAWFA,VIS_IFG,VIS_VWFA
AUD_AWFA,1.0,0.90711766,0.54600203,0.723671,0.56487197,0.506809
AWFA_p-e09,0.90711766,1.0,0.4599729,0.6138064,0.43703482,0.40904367
BIG_OWFA,0.54600203,0.4599729,1.0,0.5381216,0.50756097,0.59051657
SYL_mAWFA,0.723671,0.6138064,0.5381216,1.0,0.67551434,0.55539733
VIS_IFG,0.56487197,0.43703482,0.50756097,0.67551434,1.0,0.6146919
VIS_VWFA,0.506809,0.40904367,0.59051657,0.55539733,0.6146919,1.0
