,AUD_AWFA,AWFA_p-e09,BIG_OWFA,SYL_mAWFA,VIS_IFG,VIS_VWFA
AUD_AWFA,1.0,0.87805843,0.15034126,0.45616817,0.5742886,0.3178245
AWFA_p-e09,0.87805843,1.0,0.18229774,0.42458406,0.5278806,0.30941424
BIG_OWFA,0.15034126,0.18229774,1.0,0.2289522,0.034414172,0.257744
SYL_mAWFA,0.45616817,0.42458406,0.2289522,1.0,0.3661749,0.4623734
VIS_IFG,0.5742886,0.5278806,0.034414172,0.3661749,1.0,0.36494908
VIS_VWFA,0.3178245,0.30941424,0.257744,0.4623734,0.36494908,1.0
