,AUD_AWFA,BIG_OWFA,SYL_mAWFA,VIS_IFG,VIS_VWFA
AUD_AWFA,1.0,0.28264812,0.36570477,0.46442398,0.46871597
BIG_OWFA,0.28264812,1.0,0.22347711,0.18544887,0.47617662
SYL_mAWFA,0.36570477,0.22347711,1.0,0.31326604,0.3061056
VIS_IFG,0.46442398,0.18544887,0.31326604,1.0,0.5375335
VIS_VWFA,0.46871597,0.47617662,0.3061056,0.5375335,1.0
