,AUD_AWFA,AWFA_p-e09,BIG_OWFA,SYL_mAWFA,VIS_IFG,VIS_VWFA,mAWFA_p-e09
AUD_AWFA,1.0,0.81920797,0.2795718,0.3825156,0.3162799,0.22353122,0.31562608
AWFA_p-e09,0.81920797,1.0,0.20295502,0.18522452,0.140923,0.084696844,0.10916393
BIG_OWFA,0.2795718,0.20295502,1.0,0.28109178,0.04185484,0.26997763,0.1775884
SYL_mAWFA,0.3825156,0.18522452,0.28109178,1.0,0.45325774,0.32928964,0.847981
VIS_IFG,0.3162799,0.140923,0.04185484,0.45325774,1.0,0.5651972,0.3734644
VIS_VWFA,0.22353122,0.084696844,0.26997763,0.32928964,0.5651972,1.0,0.2703021
mAWFA_p-e09,0.31562608,0.10916393,0.1775884,0.847981,0.3734644,0.2703021,1.0
