,AUD_AWFA,BIG_OWFA,SYL_mAWFA,VIS_IFG,VIS_VWFA
AUD_AWFA,1.0,0.35254905,0.5067017,0.60036963,0.51254326
BIG_OWFA,0.35254905,1.0,0.45114076,0.23840544,0.5192021
SYL_mAWFA,0.5067017,0.45114076,1.0,0.37168634,0.46331653
VIS_IFG,0.60036963,0.23840544,0.37168634,1.0,0.559006
VIS_VWFA,0.51254326,0.5192021,0.46331653,0.559006,1.0
