,AUD_AWFA,BIG_OWFA,SYL_mAWFA,VIS_IFG,VIS_VWFA
AUD_AWFA,1.0,0.19317667,0.3887013,0.39897034,0.2892483
BIG_OWFA,0.19317667,1.0,-0.043382406,0.20559897,0.48151395
SYL_mAWFA,0.3887013,-0.043382406,1.0,0.25063762,-0.0026308952
VIS_IFG,0.39897034,0.20559897,0.25063762,1.0,0.47990718
VIS_VWFA,0.2892483,0.48151395,-0.0026308952,0.47990718,1.0
