,AUD_AWFA,AWFA_p-e09,BIG_OWFA,SYL_mAWFA,VIS_IFG,VIS_VWFA
AUD_AWFA,1.0,0.8886495,0.29392505,0.5243384,0.6334541,0.48100576
AWFA_p-e09,0.8886495,1.0,0.27225623,0.42256385,0.54671776,0.42672873
BIG_OWFA,0.29392505,0.27225623,1.0,0.22490644,0.2098127,0.49484536
SYL_mAWFA,0.5243384,0.42256385,0.22490644,1.0,0.461128,0.48296103
VIS_IFG,0.6334541,0.54671776,0.2098127,0.461128,1.0,0.37770098
VIS_VWFA,0.48100576,0.42672873,0.49484536,0.48296103,0.37770098,1.0
