,AUD_AWFA,AWFA_p-e09,BIG_OWFA,SYL_mAWFA,VIS_IFG,VIS_VWFA
AUD_AWFA,1.0,0.8842576,0.5078164,0.7024642,0.6823531,0.6141955
AWFA_p-e09,0.8842576,1.0,0.37498766,0.67341065,0.57898647,0.44641912
BIG_OWFA,0.5078164,0.37498766,1.0,0.29403445,0.3917585,0.611342
SYL_mAWFA,0.7024642,0.67341065,0.29403445,1.0,0.6376798,0.38555884
VIS_IFG,0.6823531,0.57898647,0.3917585,0.6376798,1.0,0.64105564
VIS_VWFA,0.6141955,0.44641912,0.611342,0.38555884,0.64105564,1.0
