,AUD_AWFA,AWFA_p-e09,BIG_OWFA,SYL_mAWFA,VIS_IFG,VIS_VWFA,mAWFA_p-e09
AUD_AWFA,1.0,0.7160142,0.20017213,0.46394408,0.15138614,0.12087611,0.36470702
AWFA_p-e09,0.7160142,1.0,0.18115981,0.3463272,0.18794942,0.14685674,0.21357098
BIG_OWFA,0.20017213,0.18115981,1.0,0.3531779,0.29000568,0.34085584,0.27240655
SYL_mAWFA,0.46394408,0.3463272,0.3531779,1.0,0.214055,0.26901495,0.78411245
VIS_IFG,0.15138614,0.18794942,0.29000568,0.214055,1.0,0.34365016,0.07419954
VIS_VWFA,0.12087611,0.14685674,0.34085584,0.26901495,0.34365016,1.0,0.23096794
mAWFA_p-e09,0.36470702,0.21357098,0.27240655,0.78411245,0.07419954,0.23096794,1.0
