,AUD_AWFA,AWFA_p-e09,BIG_OWFA,SYL_mAWFA,VIS_IFG,VIS_VWFA,mAWFA_p-e09
AUD_AWFA,1.0,0.81374776,0.42791367,0.69604474,0.32273337,0.46857828,0.6132287
AWFA_p-e09,0.81374776,1.0,0.30761036,0.49485242,0.28841254,0.36910555,0.4082355
BIG_OWFA,0.42791367,0.30761036,1.0,0.6220638,0.31167218,0.58167267,0.57625973
SYL_mAWFA,0.69604474,0.49485242,0.6220638,1.0,0.40477818,0.61584705,0.916151
VIS_IFG,0.32273337,0.28841254,0.31167218,0.40477818,1.0,0.5629888,0.38902396
VIS_VWFA,0.46857828,0.36910555,0.58167267,0.61584705,0.5629888,1.0,0.5851746
mAWFA_p-e09,0.6132287,0.4082355,0.57625973,0.916151,0.38902396,0.5851746,1.0
