,AUD_AWFA,AWFA_p-e09,BIG_OWFA,SYL_mAWFA,VIS_IFG,VIS_VWFA
AUD_AWFA,1.0,0.91466194,0.14860897,0.4324376,0.45769927,0.45197263
AWFA_p-e09,0.91466194,1.0,0.16782719,0.40186733,0.46288034,0.40629405
BIG_OWFA,0.14860897,0.16782719,1.0,-0.44306627,0.1826306,0.35278147
SYL_mAWFA,0.4324376,0.40186733,-0.44306627,1.0,0.22653523,0.10802271
VIS_IFG,0.45769927,0.46288034,0.1826306,0.22653523,1.0,0.6720303
VIS_VWFA,0.45197263,0.40629405,0.35278147,0.10802271,0.6720303,1.0
