,AUD_AWFA,AWFA_p-e09,BIG_OWFA,SYL_mAWFA,VIS_IFG,VIS_VWFA
AUD_AWFA,1.0,0.9011172,0.10971003,0.6067675,0.27852276,0.0032297312
AWFA_p-e09,0.9011172,1.0,0.20645168,0.6425155,0.30672553,0.09574515
BIG_OWFA,0.10971003,0.20645168,1.0,0.21317844,0.1795112,0.3857048
SYL_mAWFA,0.6067675,0.6425155,0.21317844,1.0,0.430609,0.28564167
VIS_IFG,0.27852276,0.30672553,0.1795112,0.430609,1.0,0.55130756
VIS_VWFA,0.0032297312,0.09574515,0.3857048,0.28564167,0.55130756,1.0
