,AUD_AWFA,AWFA_p-e09,BIG_OWFA,SYL_mAWFA,VIS_IFG,VIS_VWFA,mAWFA_p-e09
AUD_AWFA,1.0,0.9086027401024201,0.2694142615049003,0.647602359961959,0.5502770841122173,0.4569567451011805,0.5809244401730804
AWFA_p-e09,0.9086027401024201,1.0,0.2571778590641417,0.5985995061775788,0.5189925063725461,0.42954991897655814,0.5318400231379599
BIG_OWFA,0.2694142615049003,0.2571778590641417,1.0,0.3144342569913554,0.2910857048502881,0.4839873100787217,0.24917390319008503
SYL_mAWFA,0.647602359961959,0.5985995061775788,0.3144342569913554,1.0,0.5303195062053178,0.5518739805864882,0.9036476860914693
VIS_IFG,0.5502770841122173,0.5189925063725461,0.2910857048502881,0.5303195062053178,1.0,0.5484420907889643,0.4408515191915947
VIS_VWFA,0.4569567451011805,0.42954991897655814,0.4839873100787217,0.5518739805864882,0.5484420907889643,1.0,0.46704606888629085
mAWFA_p-e09,0.5809244401730804,0.5318400231379599,0.24917390319008503,0.9036476860914693,0.4408515191915947,0.46704606888629085,1.0
