,AUD_AWFA,BIG_OWFA,SYL_mAWFA,VIS_IFG,VIS_VWFA
AUD_AWFA,1.0,0.31534845,0.6409729,0.5297689,0.42579514
BIG_OWFA,0.31534845,1.0,0.3639989,0.29230908,0.50312215
SYL_mAWFA,0.6409729,0.3639989,1.0,0.6326773,0.6788523
VIS_IFG,0.5297689,0.29230908,0.6326773,1.0,0.5288701
VIS_VWFA,0.42579514,0.50312215,0.6788523,0.5288701,1.0
