,AUD_AWFA,AWFA_p-e09,BIG_OWFA,SYL_mAWFA,VIS_IFG,VIS_VWFA,mAWFA_p-e09
AUD_AWFA,1.0,0.8444087,0.31740785,0.4548598,0.08053647,0.037950058,0.37771952
AWFA_p-e09,0.8444087,1.0,0.29015088,0.40545216,0.053012602,-0.0022378135,0.32176247
BIG_OWFA,0.31740785,0.29015088,1.0,0.35310102,0.24917896,0.19489135,0.19154383
SYL_mAWFA,0.4548598,0.40545216,0.35310102,1.0,0.3256503,0.25782013,0.794171
VIS_IFG,0.08053647,0.053012602,0.24917896,0.3256503,1.0,0.31672,0.21521747
VIS_VWFA,0.037950058,-0.0022378135,0.19489135,0.25782013,0.31672,1.0,0.19554256
mAWFA_p-e09,0.37771952,0.32176247,0.19154383,0.794171,0.21521747,0.19554256,1.0
