,AUD_AWFA,AWFA_p-e09,BIG_OWFA,SYL_mAWFA,VIS_IFG,VIS_VWFA
AUD_AWFA,1.0,0.81934583,0.12116953,0.53279686,0.48320174,0.32267395
AWFA_p-e09,0.81934583,1.0,0.1672191,0.59001046,0.41921017,0.26350108
BIG_OWFA,0.12116953,0.1672191,1.0,0.31504595,0.14704315,0.056814395
SYL_mAWFA,0.53279686,0.59001046,0.31504595,1.0,0.51366735,0.29784656
VIS_IFG,0.48320174,0.41921017,0.14704315,0.51366735,1.0,0.44850892
VIS_VWFA,0.32267395,0.26350108,0.056814395,0.29784656,0.44850892,1.0
