,AUD_AWFA,BIG_OWFA,SYL_mAWFA,VIS_IFG,VIS_VWFA
AUD_AWFA,1.0,0.39323094,0.4089192,0.46235776,0.43401393
BIG_OWFA,0.39323094,1.0,-0.1245513,0.32315874,0.7186249
SYL_mAWFA,0.4089192,-0.1245513,1.0,0.29326203,-0.012364724
VIS_IFG,0.46235776,0.32315874,0.29326203,1.0,0.5285279
VIS_VWFA,0.43401393,0.7186249,-0.012364724,0.5285279,1.0
