,AUD_AWFA,BIG_OWFA,SYL_mAWFA,VIS_IFG,VIS_VWFA
AUD_AWFA,1.0,0.06903238,0.618397,0.4603441,0.2815263
BIG_OWFA,0.06903238,1.0,-0.23495048,0.13245152,0.57360375
SYL_mAWFA,0.618397,-0.23495048,1.0,0.2568293,-0.0038814829
VIS_IFG,0.4603441,0.13245152,0.2568293,1.0,0.50921834
VIS_VWFA,0.2815263,0.57360375,-0.0038814829,0.50921834,1.0
