,AUD_AWFA,AWFA_p-e09,BIG_OWFA,SYL_mAWFA,VIS_IFG,VIS_VWFA
AUD_AWFA,1.0,0.84099036,0.17792258,0.47944868,0.47193184,0.1952869
AWFA_p-e09,0.84099036,1.0,0.050205067,0.49495226,0.3375086,0.09935464
BIG_OWFA,0.17792258,0.050205067,1.0,-0.1746299,0.26336363,0.5939117
SYL_mAWFA,0.47944868,0.49495226,-0.1746299,1.0,0.17581254,-0.3252922
VIS_IFG,0.47193184,0.3375086,0.26336363,0.17581254,1.0,0.35691288
VIS_VWFA,0.1952869,0.09935464,0.5939117,-0.3252922,0.35691288,1.0
