,AUD_AWFA,AWFA_p-e09,BIG_OWFA,SYL_mAWFA,VIS_IFG,VIS_VWFA,mAWFA_p-e09
AUD_AWFA,1.0,0.83501077,0.19883288,0.6599224,0.39057133,0.20075077,0.70083505
AWFA_p-e09,0.83501077,1.0,0.17015299,0.76916945,0.3626617,0.26311862,0.7561463
BIG_OWFA,0.19883288,0.17015299,1.0,0.120891795,0.41602343,0.50848913,0.1677485
SYL_mAWFA,0.6599224,0.76916945,0.120891795,1.0,0.32187003,0.14765967,0.9393849
VIS_IFG,0.39057133,0.3626617,0.41602343,0.32187003,1.0,0.34307858,0.3496169
VIS_VWFA,0.20075077,0.26311862,0.50848913,0.14765967,0.34307858,1.0,0.12146546
mAWFA_p-e09,0.70083505,0.7561463,0.1677485,0.9393849,0.3496169,0.12146546,1.0
