,AUD_AWFA,AWFA_p-e09,BIG_OWFA,SYL_mAWFA,VIS_IFG,VIS_VWFA,mAWFA_p-e09
AUD_AWFA,1.0,0.8659742,0.19921534,0.5341964,0.4348659,0.38987783,0.5045514
AWFA_p-e09,0.8659742,1.0,0.24656597,0.5174085,0.41035867,0.37651497,0.501009
BIG_OWFA,0.19921534,0.24656597,1.0,0.4119296,0.16371493,0.40810087,0.38142267
SYL_mAWFA,0.5341964,0.5174085,0.4119296,1.0,0.5382643,0.45235583,0.8149864
VIS_IFG,0.4348659,0.41035867,0.16371493,0.5382643,1.0,0.390001,0.5054254
VIS_VWFA,0.38987783,0.37651497,0.40810087,0.45235583,0.390001,1.0,0.3402523
mAWFA_p-e09,0.5045514,0.501009,0.38142267,0.8149864,0.5054254,0.3402523,1.0
