,cluster_1,cluster_2,cluster_3,cluster_4,cluster_5,cluster_6,cluster_7
cluster_1,1.0,0.44972977,0.45467553,0.62728846,0.10075905,0.5430633,0.54796326
cluster_2,0.44972977,1.0,0.07670018,0.5383988,0.09789225,0.28608727,0.5437848
cluster_3,0.45467553,0.07670018,1.0,0.23915808,0.25173283,0.2882815,0.28676102
cluster_4,0.62728846,0.5383988,0.23915808,1.0,-0.09200866,0.2711233,0.5253355
cluster_5,0.10075905,0.09789225,0.25173283,-0.09200866,1.0,0.4534454,0.1809301
cluster_6,0.5430633,0.28608727,0.2882815,0.2711233,0.4534454,1.0,0.40391603
cluster_7,0.54796326,0.5437848,0.28676102,0.5253355,0.1809301,0.40391603,1.0
