,AUD_AWFA,BIG_OWFA,SYL_mAWFA,VIS_IFG,VIS_VWFA
AUD_AWFA,1.0,0.302993,0.68044,0.64190954,0.48860946
BIG_OWFA,0.302993,1.0,0.33454117,0.33173078,0.44363743
SYL_mAWFA,0.68044,0.33454117,1.0,0.56766814,0.6973713
VIS_IFG,0.64190954,0.33173078,0.56766814,1.0,0.54497665
VIS_VWFA,0.48860946,0.44363743,0.6973713,0.54497665,1.0
