,AUD_AWFA,AWFA_p-e09,BIG_OWFA,SYL_mAWFA,VIS_IFG,VIS_VWFA
AUD_AWFA,1.0,0.8367905,-0.051165454,0.5263193,0.45508543,0.019422662
AWFA_p-e09,0.8367905,1.0,-0.07572383,0.47177017,0.32782036,0.002426445
BIG_OWFA,-0.051165454,-0.07572383,1.0,0.19194923,0.096633114,0.1050662
SYL_mAWFA,0.5263193,0.47177017,0.19194923,1.0,0.45925257,0.21058445
VIS_IFG,0.45508543,0.32782036,0.096633114,0.45925257,1.0,0.065587446
VIS_VWFA,0.019422662,0.002426445,0.1050662,0.21058445,0.065587446,1.0
