,AUD_AWFA,AWFA_p-e09,BIG_OWFA,SYL_mAWFA,VIS_IFG,VIS_VWFA,mAWFA_p-e09
AUD_AWFA,1.0,0.9356587,0.6095619,0.76767266,0.53213406,0.5434673,0.70707726
AWFA_p-e09,0.9356587,1.0,0.57778996,0.7339523,0.47583175,0.5300725,0.6652821
BIG_OWFA,0.6095619,0.57778996,1.0,0.6381245,0.4265619,0.71003824,0.57909566
SYL_mAWFA,0.76767266,0.7339523,0.6381245,1.0,0.49248075,0.6669079,0.93883824
VIS_IFG,0.53213406,0.47583175,0.4265619,0.49248075,1.0,0.45592338,0.4261323
VIS_VWFA,0.5434673,0.5300725,0.71003824,0.6669079,0.45592338,1.0,0.6024719
mAWFA_p-e09,0.70707726,0.6652821,0.57909566,0.93883824,0.4261323,0.6024719,1.0
