,AUD_AWFA,AWFA_p-e09,BIG_OWFA,SYL_mAWFA,VIS_IFG,VIS_VWFA,mAWFA_p-e09
AUD_AWFA,1.0,0.8555299,0.40917528,0.43962404,0.39434463,0.40978783,0.37756544
AWFA_p-e09,0.8555299,1.0,0.22956972,0.30934015,0.36532387,0.36679253,0.23170206
BIG_OWFA,0.40917528,0.22956972,1.0,0.5693368,0.08122234,0.4664067,0.56432956
SYL_mAWFA,0.43962404,0.30934015,0.5693368,1.0,0.21367681,0.5585833,0.7663939
VIS_IFG,0.39434463,0.36532387,0.08122234,0.21367681,1.0,0.36597878,0.14234619
VIS_VWFA,0.40978783,0.36679253,0.4664067,0.5585833,0.36597878,1.0,0.48423257
mAWFA_p-e09,0.37756544,0.23170206,0.56432956,0.7663939,0.14234619,0.48423257,1.0
