,AUD_AWFA,AWFA_p-e09,BIG_OWFA,SYL_mAWFA,VIS_IFG,VIS_VWFA
AUD_AWFA,1.0,0.78612936,0.51926965,0.6932087,0.4555468,0.45149556
AWFA_p-e09,0.78612936,1.0,0.29659474,0.5554029,0.45773485,0.30919725
BIG_OWFA,0.51926965,0.29659474,1.0,0.57886297,0.29980367,0.6000376
SYL_mAWFA,0.6932087,0.5554029,0.57886297,1.0,0.36206046,0.5577786
VIS_IFG,0.4555468,0.45773485,0.29980367,0.36206046,1.0,0.40395936
VIS_VWFA,0.45149556,0.30919725,0.6000376,0.5577786,0.40395936,1.0
