,cluster_1,cluster_2,cluster_3,cluster_4,cluster_5,cluster_6,cluster_7
cluster_1,1.0,0.4524890965859901,0.5628654455868436,0.4350863698381082,0.15852154744518554,0.4378871412528323,0.6793556730207277
cluster_2,0.4524890965859901,1.0,0.3285397161757131,0.3500231329696968,0.31198552750371744,0.045964172015282405,0.34848141173915004
cluster_3,0.5628654455868436,0.3285397161757131,1.0,0.40273579941342047,0.07555489819602486,0.2639803542368365,0.42970670179931547
cluster_4,0.4350863698381082,0.3500231329696968,0.40273579941342047,1.0,0.07855239328676178,0.27482201770346226,0.4311631850305143
cluster_5,0.15852154744518554,0.31198552750371744,0.07555489819602486,0.07855239328676178,1.0,-0.09305911348641786,0.18652413050451735
cluster_6,0.4378871412528323,0.045964172015282405,0.2639803542368365,0.27482201770346226,-0.09305911348641786,1.0,0.22585500008326137
cluster_7,0.6793556730207277,0.34848141173915004,0.42970670179931547,0.4311631850305143,0.18652413050451735,0.22585500008326137,1.0
