,AUD_AWFA,AWFA_p-e09,BIG_OWFA,SYL_mAWFA,VIS_IFG,VIS_VWFA
AUD_AWFA,1.0,0.92701286,0.4653653,0.649265,0.66523606,0.34042537
AWFA_p-e09,0.92701286,1.0,0.38671336,0.5831204,0.5726386,0.23435292
BIG_OWFA,0.4653653,0.38671336,1.0,0.40432322,0.38620946,0.5423745
SYL_mAWFA,0.649265,0.5831204,0.40432322,1.0,0.57406247,0.3626135
VIS_IFG,0.66523606,0.5726386,0.38620946,0.57406247,1.0,0.48655146
VIS_VWFA,0.34042537,0.23435292,0.5423745,0.3626135,0.48655146,1.0
