,AUD_AWFA,BIG_OWFA,SYL_mAWFA,VIS_IFG,VIS_VWFA
AUD_AWFA,1.0,0.14955343,0.45377776,0.5712792,0.31615904
BIG_OWFA,0.14955343,1.0,0.22775245,0.034233835,0.25639337
SYL_mAWFA,0.45377776,0.22775245,1.0,0.36425608,0.45995045
VIS_IFG,0.5712792,0.034233835,0.36425608,1.0,0.36303666
VIS_VWFA,0.31615904,0.25639337,0.45995045,0.36303666,1.0
