,AUD_AWFA,BIG_OWFA,SYL_mAWFA,VIS_IFG,VIS_VWFA
AUD_AWFA,1.0,0.3587525,0.69232154,0.55291176,0.46827772
BIG_OWFA,0.3587525,1.0,0.42228952,0.38194692,0.46553373
SYL_mAWFA,0.69232154,0.42228952,1.0,0.61498725,0.55156446
VIS_IFG,0.55291176,0.38194692,0.61498725,1.0,0.66234046
VIS_VWFA,0.46827772,0.46553373,0.55156446,0.66234046,1.0
