,AUD_AWFA,BIG_OWFA,SYL_mAWFA,VIS_IFG,VIS_VWFA
AUD_AWFA,1.0,0.20061463,0.4868747,0.59992903,0.3002318
BIG_OWFA,0.20061463,1.0,0.4235087,0.3035643,0.54476684
SYL_mAWFA,0.4868747,0.4235087,1.0,0.5631385,0.49566725
VIS_IFG,0.59992903,0.3035643,0.5631385,1.0,0.61372477
VIS_VWFA,0.3002318,0.54476684,0.49566725,0.61372477,1.0
