,AUD_AWFA,AWFA_p-e09,BIG_OWFA,SYL_mAWFA,VIS_IFG,VIS_VWFA,mAWFA_p-e09
AUD_AWFA,1.0,0.8477712,0.2624679,0.44604057,0.43250135,0.36666167,0.44081277
AWFA_p-e09,0.8477712,1.0,0.29922178,0.45296657,0.5395942,0.47958517,0.5223237
BIG_OWFA,0.2624679,0.29922178,1.0,0.20835435,0.37301394,0.39435175,0.24688165
SYL_mAWFA,0.44604057,0.45296657,0.20835435,1.0,0.2502318,0.39060557,0.8934883
VIS_IFG,0.43250135,0.5395942,0.37301394,0.2502318,1.0,0.44191372,0.37311321
VIS_VWFA,0.36666167,0.47958517,0.39435175,0.39060557,0.44191372,1.0,0.3999512
mAWFA_p-e09,0.44081277,0.5223237,0.24688165,0.8934883,0.37311321,0.3999512,1.0
