,AUD_AWFA,AWFA_p-e09,BIG_OWFA,SYL_mAWFA,VIS_IFG,VIS_VWFA
AUD_AWFA,1.0,0.81865925,0.22649437,0.47951058,0.41918042,0.27459615
AWFA_p-e09,0.81865925,1.0,0.13181828,0.3178659,0.3791925,0.17639142
BIG_OWFA,0.22649437,0.13181828,1.0,0.5181251,0.3005217,0.5494923
SYL_mAWFA,0.47951058,0.3178659,0.5181251,1.0,0.4182681,0.5521254
VIS_IFG,0.41918042,0.3791925,0.3005217,0.4182681,1.0,0.32590777
VIS_VWFA,0.27459615,0.17639142,0.5494923,0.5521254,0.32590777,1.0
