,AUD_AWFA,AWFA_p-e09,BIG_OWFA,SYL_mAWFA,VIS_IFG,VIS_VWFA
AUD_AWFA,1.0,0.9364826,0.32981685,0.6718323,0.55637634,0.2527531
AWFA_p-e09,0.9364826,1.0,0.30869055,0.6460746,0.5088301,0.18690392
BIG_OWFA,0.32981685,0.30869055,1.0,0.39586273,0.24989855,0.50097173
SYL_mAWFA,0.6718323,0.6460746,0.39586273,1.0,0.5337531,0.38372523
VIS_IFG,0.55637634,0.5088301,0.24989855,0.5337531,1.0,0.45312095
VIS_VWFA,0.2527531,0.18690392,0.50097173,0.38372523,0.45312095,1.0
