,AUD_AWFA,AWFA_p-e09,BIG_OWFA,SYL_mAWFA,VIS_IFG,VIS_VWFA,mAWFA_p-e09
AUD_AWFA,1.0,0.933628,0.18996565,0.6782539,0.5314908,0.46967587,0.64356667
AWFA_p-e09,0.933628,1.0,0.18287627,0.5763083,0.5111611,0.4252672,0.5466138
BIG_OWFA,0.18996565,0.18287627,1.0,0.2520191,0.16889802,0.34364757,0.19892907
SYL_mAWFA,0.6782539,0.5763083,0.2520191,1.0,0.6433989,0.6852271,0.93544585
VIS_IFG,0.5314908,0.5111611,0.16889802,0.6433989,1.0,0.5876865,0.5370011
VIS_VWFA,0.46967587,0.4252672,0.34364757,0.6852271,0.5876865,1.0,0.63240856
mAWFA_p-e09,0.64356667,0.5466138,0.19892907,0.93544585,0.5370011,0.63240856,1.0
