,AUD_AWFA,AWFA_p-e09,BIG_OWFA,SYL_mAWFA,VIS_IFG,VIS_VWFA,mAWFA_p-e09
AUD_AWFA,1.0,0.8889535,0.059625443,0.5890343,0.3402005,0.50466716,0.5920835
AWFA_p-e09,0.8889535,1.0,-0.0050788103,0.55627084,0.27056307,0.4518144,0.5399953
BIG_OWFA,0.059625443,-0.0050788103,1.0,-0.13394316,0.16711602,0.17616437,-0.09665719
SYL_mAWFA,0.5890343,0.55627084,-0.13394316,1.0,0.27576536,0.32629284,0.94135904
VIS_IFG,0.3402005,0.27056307,0.16711602,0.27576536,1.0,0.3901705,0.28009886
VIS_VWFA,0.50466716,0.4518144,0.17616437,0.32629284,0.3901705,1.0,0.36760193
mAWFA_p-e09,0.5920835,0.5399953,-0.09665719,0.94135904,0.28009886,0.36760193,1.0
