,cluster_1,cluster_2,cluster_3,cluster_4,cluster_5,cluster_6,cluster_7
cluster_1,1.0,0.7076005,0.6652904,0.7690963,0.34703088,0.52853024,0.6967543
cluster_2,0.7076005,1.0,0.56197876,0.69270635,0.11156104,0.20260367,0.6912153
cluster_3,0.6652904,0.56197876,1.0,0.5040352,0.13227049,0.20475431,0.4482179
cluster_4,0.7690963,0.69270635,0.5040352,1.0,0.32533967,0.4522152,0.690631
cluster_5,0.34703088,0.11156104,0.13227049,0.32533967,1.0,0.5168232,0.17567982
cluster_6,0.52853024,0.20260367,0.20475431,0.4522152,0.5168232,1.0,0.30981812
cluster_7,0.6967543,0.6912153,0.4482179,0.690631,0.17567982,0.30981812,1.0
