,cluster_1,cluster_2,cluster_3,cluster_4,cluster_5,cluster_6,cluster_7
cluster_1,1.0,0.6401708,0.49093193,0.37558702,0.3524218,0.4142498,0.45781714
cluster_2,0.6401708,1.0,0.6113044,0.3405401,0.18595016,0.25927234,0.33259577
cluster_3,0.49093193,0.6113044,1.0,0.1644703,0.29319385,0.307614,0.025887718
cluster_4,0.37558702,0.3405401,0.1644703,1.0,0.19454762,0.38449532,0.37857065
cluster_5,0.3524218,0.18595016,0.29319385,0.19454762,1.0,0.43985072,0.23394299
cluster_6,0.4142498,0.25927234,0.307614,0.38449532,0.43985072,1.0,0.29081663
cluster_7,0.45781714,0.33259577,0.025887718,0.37857065,0.23394299,0.29081663,1.0
