,AUD_AWFA,AWFA_p-e09,BIG_OWFA,SYL_mAWFA,VIS_IFG,VIS_VWFA,mAWFA_p-e09
AUD_AWFA,1.0,0.831109,0.38403794,0.57504654,0.5726811,0.34585735,0.5118001
AWFA_p-e09,0.831109,1.0,0.25452533,0.5798878,0.43957517,0.2756849,0.49669027
BIG_OWFA,0.38403794,0.25452533,1.0,0.39282504,0.11287184,0.4087736,0.30373058
SYL_mAWFA,0.57504654,0.5798878,0.39282504,1.0,0.24158983,0.39332363,0.8634329
VIS_IFG,0.5726811,0.43957517,0.11287184,0.24158983,1.0,0.4060492,0.1579016
VIS_VWFA,0.34585735,0.2756849,0.4087736,0.39332363,0.4060492,1.0,0.23854238
mAWFA_p-e09,0.5118001,0.49669027,0.30373058,0.8634329,0.1579016,0.23854238,1.0
