,AUD_AWFA,AWFA_p-e09,BIG_OWFA,SYL_mAWFA,VIS_IFG,VIS_VWFA
AUD_AWFA,1.0,0.8116908,0.42683196,0.6942853,0.32191756,0.46739382
AWFA_p-e09,0.8116908,1.0,0.3068328,0.49360153,0.2876835,0.36817253
BIG_OWFA,0.42683196,0.3068328,1.0,0.6204913,0.31088436,0.5802023
SYL_mAWFA,0.6942853,0.49360153,0.6204913,1.0,0.403755,0.6142903
VIS_IFG,0.32191756,0.2876835,0.31088436,0.403755,1.0,0.5615657
VIS_VWFA,0.46739382,0.36817253,0.5802023,0.6142903,0.5615657,1.0
