,AUD_AWFA,AWFA_p-e09,BIG_OWFA,SYL_mAWFA,VIS_IFG,VIS_VWFA,mAWFA_p-e09
AUD_AWFA,1.0,0.8202677,0.06962706,0.6237242,0.46430978,0.28395155,0.34289512
AWFA_p-e09,0.8202677,1.0,-0.029065661,0.7121123,0.33352375,0.18757875,0.44877285
BIG_OWFA,0.06962706,-0.029065661,1.0,-0.23697448,0.13359253,0.5785451,-0.24287026
SYL_mAWFA,0.6237242,0.7121123,-0.23697448,1.0,0.25904176,-0.00391492,0.8182849
VIS_IFG,0.46430978,0.33352375,0.13359253,0.25904176,1.0,0.51360506,0.32678705
VIS_VWFA,0.28395155,0.18757875,0.5785451,-0.00391492,0.51360506,1.0,0.04079914
mAWFA_p-e09,0.34289512,0.44877285,-0.24287026,0.8182849,0.32678705,0.04079914,1.0
