,AUD_AWFA,AWFA_p-e09,BIG_OWFA,SYL_mAWFA,VIS_IFG,VIS_VWFA,mAWFA_p-e09
AUD_AWFA,1.0,0.92054474,0.26133046,0.24433014,0.5485987,0.34759733,0.17463267
AWFA_p-e09,0.92054474,1.0,0.23644696,0.25564688,0.56207645,0.36139634,0.19066676
BIG_OWFA,0.26133046,0.23644696,1.0,-0.30625084,0.42832857,0.5201931,-0.3468075
SYL_mAWFA,0.24433014,0.25564688,-0.30625084,1.0,0.07314743,-0.27998668,0.97033703
VIS_IFG,0.5485987,0.56207645,0.42832857,0.07314743,1.0,0.536172,0.014094529
VIS_VWFA,0.34759733,0.36139634,0.5201931,-0.27998668,0.536172,1.0,-0.31399676
mAWFA_p-e09,0.17463267,0.19066676,-0.3468075,0.97033703,0.014094529,-0.31399676,1.0
