,AUD_AWFA,AWFA_p-e09,BIG_OWFA,SYL_mAWFA,VIS_IFG,VIS_VWFA,mAWFA_p-e09
AUD_AWFA,1.0,0.8750624,0.3187063,0.57045496,0.4695499,0.425152,0.54219306
AWFA_p-e09,0.8750624,1.0,0.24171959,0.52809197,0.30824307,0.35601985,0.50209135
BIG_OWFA,0.3187063,0.24171959,1.0,0.25266173,0.5547946,0.52608675,0.19894268
SYL_mAWFA,0.57045496,0.52809197,0.25266173,1.0,0.33740106,0.39926553,0.94053197
VIS_IFG,0.4695499,0.30824307,0.5547946,0.33740106,1.0,0.65058315,0.31839767
VIS_VWFA,0.425152,0.35601985,0.52608675,0.39926553,0.65058315,1.0,0.32423303
mAWFA_p-e09,0.54219306,0.50209135,0.19894268,0.94053197,0.31839767,0.32423303,1.0
