,AUD_AWFA,BIG_OWFA,SYL_mAWFA,VIS_IFG,VIS_VWFA
AUD_AWFA,1.0,0.24166892,0.68936867,0.5870643,0.32651109
BIG_OWFA,0.24166892,1.0,0.19357154,0.35435292,0.3200212
SYL_mAWFA,0.68936867,0.19357154,1.0,0.54523206,0.34408122
VIS_IFG,0.5870643,0.35435292,0.54523206,1.0,0.33451465
VIS_VWFA,0.32651109,0.3200212,0.34408122,0.33451465,1.0
