,AUD_AWFA,AWFA_p-e09,BIG_OWFA,SYL_mAWFA,VIS_IFG,VIS_VWFA,mAWFA_p-e09
AUD_AWFA,1.0,0.830143,0.31350777,0.6437723,0.52126694,0.39360482,0.66414875
AWFA_p-e09,0.830143,1.0,0.21636051,0.55976313,0.3836866,0.37364534,0.5704947
BIG_OWFA,0.31350777,0.21636051,1.0,0.19875458,0.13140781,0.18465923,0.24440014
SYL_mAWFA,0.6437723,0.55976313,0.19875458,1.0,0.3166707,0.4019786,0.86654484
VIS_IFG,0.52126694,0.3836866,0.13140781,0.3166707,1.0,0.3423949,0.3053307
VIS_VWFA,0.39360482,0.37364534,0.18465923,0.4019786,0.3423949,1.0,0.36743495
mAWFA_p-e09,0.66414875,0.5704947,0.24440014,0.86654484,0.3053307,0.36743495,1.0
