,AUD_AWFA,AWFA_p-e09,BIG_OWFA,SYL_mAWFA,VIS_IFG,VIS_VWFA,mAWFA_p-e09
AUD_AWFA,1.0,0.8594408,0.42478785,0.49391627,0.58405685,0.42094886,0.38467643
AWFA_p-e09,0.8594408,1.0,0.3637137,0.47042757,0.54599476,0.42010602,0.33634531
BIG_OWFA,0.42478785,0.3637137,1.0,0.5124959,0.2577086,0.4045689,0.42915323
SYL_mAWFA,0.49391627,0.47042757,0.5124959,1.0,0.48211882,0.54908055,0.8837468
VIS_IFG,0.58405685,0.54599476,0.2577086,0.48211882,1.0,0.57235175,0.35261074
VIS_VWFA,0.42094886,0.42010602,0.4045689,0.54908055,0.57235175,1.0,0.48022482
mAWFA_p-e09,0.38467643,0.33634531,0.42915323,0.8837468,0.35261074,0.48022482,1.0
