,AUD_AWFA,AWFA_p-e09,BIG_OWFA,SYL_mAWFA,VIS_IFG,VIS_VWFA,mAWFA_p-e09
AUD_AWFA,1.0,0.9305814,0.30888534,0.57531285,0.5617008,0.33627465,0.55554366
AWFA_p-e09,0.9305814,1.0,0.22612059,0.59882015,0.54090047,0.27317423,0.57695806
BIG_OWFA,0.30888534,0.22612059,1.0,-0.09022753,0.44183457,0.6805193,-0.13301174
SYL_mAWFA,0.57531285,0.59882015,-0.09022753,1.0,0.3335488,-0.062989704,0.97524
VIS_IFG,0.5617008,0.54090047,0.44183457,0.3335488,1.0,0.6340187,0.2868879
VIS_VWFA,0.33627465,0.27317423,0.6805193,-0.062989704,0.6340187,1.0,-0.10065718
mAWFA_p-e09,0.55554366,0.57695806,-0.13301174,0.97524,0.2868879,-0.10065718,1.0
