,AUD_AWFA,BIG_OWFA,SYL_mAWFA,VIS_IFG,VIS_VWFA
AUD_AWFA,1.0,0.444984,0.7872349,0.6737751,0.7541853
BIG_OWFA,0.444984,1.0,0.43578947,0.3809003,0.6579019
SYL_mAWFA,0.7872349,0.43578947,1.0,0.6302201,0.7611716
VIS_IFG,0.6737751,0.3809003,0.6302201,1.0,0.7152436
VIS_VWFA,0.7541853,0.6579019,0.7611716,0.7152436,1.0
