,AUD_AWFA,AWFA_p-e09,BIG_OWFA,SYL_mAWFA,VIS_IFG,VIS_VWFA
AUD_AWFA,1.0,0.8793027,0.2242047,0.66824925,0.56707835,0.1904423
AWFA_p-e09,0.8793027,1.0,0.14480671,0.65624565,0.48555332,0.1419159
BIG_OWFA,0.2242047,0.14480671,1.0,0.13379562,0.3906718,0.3406515
SYL_mAWFA,0.66824925,0.65624565,0.13379562,1.0,0.69994724,0.3164183
VIS_IFG,0.56707835,0.48555332,0.3906718,0.69994724,1.0,0.3748722
VIS_VWFA,0.1904423,0.1419159,0.3406515,0.3164183,0.3748722,1.0
