,AUD_AWFA,AWFA_p-e09,BIG_OWFA,SYL_mAWFA,VIS_IFG,VIS_VWFA
AUD_AWFA,1.0,0.92565507,0.039552163,0.39797097,0.554017,0.32196933
AWFA_p-e09,0.92565507,1.0,-0.03075088,0.4406308,0.57411194,0.34276494
BIG_OWFA,0.039552163,-0.03075088,1.0,-0.42274705,-0.022795705,0.35518643
SYL_mAWFA,0.39797097,0.4406308,-0.42274705,1.0,0.42803848,-0.019603519
VIS_IFG,0.554017,0.57411194,-0.022795705,0.42803848,1.0,0.60727155
VIS_VWFA,0.32196933,0.34276494,0.35518643,-0.019603519,0.60727155,1.0
