,AUD_AWFA,AWFA_p-e09,BIG_OWFA,SYL_mAWFA,VIS_IFG,VIS_VWFA,mAWFA_p-e09
AUD_AWFA,1.0,0.9462782,0.3977444,0.69107175,0.31611526,0.5943746,0.6393532
AWFA_p-e09,0.9462782,1.0,0.35701385,0.67586136,0.25465408,0.54722536,0.61709994
BIG_OWFA,0.3977444,0.35701385,1.0,0.27973253,0.40952367,0.4794796,0.25581032
SYL_mAWFA,0.69107175,0.67586136,0.27973253,1.0,0.21218345,0.67537296,0.9711112
VIS_IFG,0.31611526,0.25465408,0.40952367,0.21218345,1.0,0.43620718,0.17603262
VIS_VWFA,0.5943746,0.54722536,0.4794796,0.67537296,0.43620718,1.0,0.64351475
mAWFA_p-e09,0.6393532,0.61709994,0.25581032,0.9711112,0.17603262,0.64351475,1.0
