,AUD_AWFA,AWFA_p-e09,BIG_OWFA,SYL_mAWFA,VIS_IFG,VIS_VWFA,mAWFA_p-e09
AUD_AWFA,1.0,0.74731034,0.16532005,0.43236873,0.5191192,0.15142198,0.33294478
AWFA_p-e09,0.74731034,1.0,0.06316601,0.3276992,0.36257362,0.07667801,0.1641891
BIG_OWFA,0.16532005,0.06316601,1.0,0.22520721,0.22602862,0.19135094,0.17470162
SYL_mAWFA,0.43236873,0.3276992,0.22520721,1.0,0.48184842,0.21304779,0.7683791
VIS_IFG,0.5191192,0.36257362,0.22602862,0.48184842,1.0,0.32705364,0.3771697
VIS_VWFA,0.15142198,0.07667801,0.19135094,0.21304779,0.32705364,1.0,0.18573445
mAWFA_p-e09,0.33294478,0.1641891,0.17470162,0.7683791,0.3771697,0.18573445,1.0
