,AUD_AWFA,AWFA_p-e09,BIG_OWFA,SYL_mAWFA,VIS_IFG,VIS_VWFA
AUD_AWFA,1.0,0.91762584,0.030597277,0.38155285,0.38839558,0.14010158
AWFA_p-e09,0.91762584,1.0,0.0069276104,0.329083,0.32726705,0.13642026
BIG_OWFA,0.030597277,0.0069276104,1.0,0.23070604,0.17205736,0.2651862
SYL_mAWFA,0.38155285,0.329083,0.23070604,1.0,0.6808155,0.5375093
VIS_IFG,0.38839558,0.32726705,0.17205736,0.6808155,1.0,0.46858153
VIS_VWFA,0.14010158,0.13642026,0.2651862,0.5375093,0.46858153,1.0
