,AUD_AWFA,AWFA_p-e09,BIG_OWFA,SYL_mAWFA,VIS_IFG,VIS_VWFA
AUD_AWFA,1.0,0.8100369,0.3089134,0.44441813,0.2035674,0.02946627
AWFA_p-e09,0.8100369,1.0,0.19205213,0.3613705,0.08060535,-0.03121996
BIG_OWFA,0.3089134,0.19205213,1.0,0.2222771,0.22330345,0.08418033
SYL_mAWFA,0.44441813,0.3613705,0.2222771,1.0,0.3855328,0.2628802
VIS_IFG,0.2035674,0.08060535,0.22330345,0.3855328,1.0,0.20165673
VIS_VWFA,0.02946627,-0.03121996,0.08418033,0.2628802,0.20165673,1.0
