,AUD_AWFA,BIG_OWFA,SYL_mAWFA,VIS_IFG,VIS_VWFA
AUD_AWFA,1.0,0.18172032,0.4255202,0.49661225,0.35868067
BIG_OWFA,0.18172032,1.0,-0.038068783,0.18895268,0.5025942
SYL_mAWFA,0.4255202,-0.038068783,1.0,0.43052852,0.09509324
VIS_IFG,0.49661225,0.18895268,0.43052852,1.0,0.38621506
VIS_VWFA,0.35868067,0.5025942,0.09509324,0.38621506,1.0
