,AUD_AWFA,AWFA_p-e09,BIG_OWFA,SYL_mAWFA,VIS_IFG,VIS_VWFA,mAWFA_p-e09
AUD_AWFA,1.0,0.9237375,0.33011118,0.7919195,0.668632,0.46337038,0.7761281
AWFA_p-e09,0.9237375,1.0,0.367665,0.7868441,0.7057176,0.5076627,0.7480738
BIG_OWFA,0.33011118,0.367665,1.0,0.5183348,0.48642114,0.61793077,0.46591488
SYL_mAWFA,0.7919195,0.7868441,0.5183348,1.0,0.7062534,0.6606234,0.9555998
VIS_IFG,0.668632,0.7057176,0.48642114,0.7062534,1.0,0.67067474,0.64869267
VIS_VWFA,0.46337038,0.5076627,0.61793077,0.6606234,0.67067474,1.0,0.6045936
mAWFA_p-e09,0.7761281,0.7480738,0.46591488,0.9555998,0.64869267,0.6045936,1.0
