,AUD_AWFA,AWFA_p-e09,BIG_OWFA,SYL_mAWFA,VIS_IFG,VIS_VWFA,mAWFA_p-e09
AUD_AWFA,1.0,0.88320565,0.30358016,0.55729264,0.631192,0.51492655,0.41715327
AWFA_p-e09,0.88320565,1.0,0.35233054,0.5092769,0.58107144,0.49630648,0.3995673
BIG_OWFA,0.30358016,0.35233054,1.0,0.28837743,0.3509008,0.51223636,0.1851399
SYL_mAWFA,0.55729264,0.5092769,0.28837743,1.0,0.37689292,0.5231161,0.91450316
VIS_IFG,0.631192,0.58107144,0.3509008,0.37689292,1.0,0.5877397,0.22154829
VIS_VWFA,0.51492655,0.49630648,0.51223636,0.5231161,0.5877397,1.0,0.39077252
mAWFA_p-e09,0.41715327,0.3995673,0.1851399,0.91450316,0.22154829,0.39077252,1.0
