,AUD_AWFA,AWFA_p-e09,BIG_OWFA,SYL_mAWFA,VIS_IFG,VIS_VWFA
AUD_AWFA,1.0,0.9004769,0.21735995,0.8018002,0.56194377,0.49915493
AWFA_p-e09,0.9004769,1.0,0.18115711,0.685207,0.5252788,0.4211357
BIG_OWFA,0.21735995,0.18115711,1.0,0.37616816,0.16605003,0.6116642
SYL_mAWFA,0.8018002,0.685207,0.37616816,1.0,0.5346127,0.66309994
VIS_IFG,0.56194377,0.5252788,0.16605003,0.5346127,1.0,0.66506124
VIS_VWFA,0.49915493,0.4211357,0.6116642,0.66309994,0.66506124,1.0
