,cluster_1,cluster_2,cluster_3,cluster_4,cluster_5,cluster_6,cluster_7
cluster_1,1.0,0.5469295991944146,0.5537420198851879,0.5089790001135106,0.3157714113685445,0.3730410511642418,0.5887744847235253
cluster_2,0.5469295991944146,1.0,0.4634815281596681,0.4522325366476264,0.29155012827018023,0.18703295826578148,0.42213058447988516
cluster_3,0.5537420198851879,0.4634815281596681,1.0,0.34819487779838737,0.30433734574044874,0.2495445787320996,0.3493804298429362
cluster_4,0.5089790001135106,0.4522325366476264,0.34819487779838737,1.0,0.18861193273126212,0.2419097345139553,0.40638997397290744
cluster_5,0.3157714113685445,0.29155012827018023,0.30433734574044874,0.18861193273126212,1.0,0.1429399830161972,0.2297028896831069
cluster_6,0.3730410511642418,0.18703295826578148,0.2495445787320996,0.2419097345139553,0.1429399830161972,1.0,0.29750381023933276
cluster_7,0.5887744847235253,0.42213058447988516,0.3493804298429362,0.40638997397290744,0.2297028896831069,0.29750381023933276,1.0
