,AUD_AWFA,AWFA_p-e09,BIG_OWFA,SYL_mAWFA,VIS_IFG,VIS_VWFA
AUD_AWFA,1.0,0.90860116,0.46815544,0.6839452,0.6477442,0.6062252
AWFA_p-e09,0.90860116,1.0,0.43023098,0.5845556,0.5166655,0.5413987
BIG_OWFA,0.46815544,0.43023098,1.0,0.45644364,0.32658637,0.6071812
SYL_mAWFA,0.6839452,0.5845556,0.45644364,1.0,0.5726251,0.5073359
VIS_IFG,0.6477442,0.5166655,0.32658637,0.5726251,1.0,0.39658
VIS_VWFA,0.6062252,0.5413987,0.6071812,0.5073359,0.39658,1.0
