,AUD_AWFA,AWFA_p-e09,BIG_OWFA,SYL_mAWFA,VIS_IFG,VIS_VWFA
AUD_AWFA,1.0,0.89482635,0.5146228,0.71492743,0.2950187,0.38169807
AWFA_p-e09,0.89482635,1.0,0.45144284,0.69076204,0.29259753,0.37061262
BIG_OWFA,0.5146228,0.45144284,1.0,0.5298578,0.11250761,0.43456143
SYL_mAWFA,0.71492743,0.69076204,0.5298578,1.0,0.31429842,0.48137105
VIS_IFG,0.2950187,0.29259753,0.11250761,0.31429842,1.0,0.14357896
VIS_VWFA,0.38169807,0.37061262,0.43456143,0.48137105,0.14357896,1.0
