,cluster_1,cluster_2,cluster_3,cluster_4,cluster_5,cluster_6,cluster_7
cluster_1,1.0,0.645418,0.59078497,0.44540384,0.25654012,0.42273372,0.58804536
cluster_2,0.645418,1.0,0.59961116,0.41378397,0.35468102,0.18422599,0.41843796
cluster_3,0.59078497,0.59961116,1.0,0.26519898,0.28970832,0.09925462,0.24393749
cluster_4,0.44540384,0.41378397,0.26519898,1.0,0.2413196,0.05041065,0.40951437
cluster_5,0.25654012,0.35468102,0.28970832,0.2413196,1.0,0.04482473,0.13011356
cluster_6,0.42273372,0.18422599,0.09925462,0.05041065,0.04482473,1.0,0.26403317
cluster_7,0.58804536,0.41843796,0.24393749,0.40951437,0.13011356,0.26403317,1.0
