,AUD_AWFA,AWFA_p-e09,BIG_OWFA,SYL_mAWFA,VIS_IFG,VIS_VWFA,mAWFA_p-e09
AUD_AWFA,1.0,0.8422154,0.45642707,0.7183057,0.35733017,0.50691414,0.63016015
AWFA_p-e09,0.8422154,1.0,0.41685203,0.6477191,0.36508694,0.52058125,0.6068813
BIG_OWFA,0.45642707,0.41685203,1.0,0.68150616,0.23869377,0.64796776,0.5901062
SYL_mAWFA,0.7183057,0.6477191,0.68150616,1.0,0.40218812,0.6789998,0.9070248
VIS_IFG,0.35733017,0.36508694,0.23869377,0.40218812,1.0,0.3813221,0.3263864
VIS_VWFA,0.50691414,0.52058125,0.64796776,0.6789998,0.3813221,1.0,0.60723627
mAWFA_p-e09,0.63016015,0.6068813,0.5901062,0.9070248,0.3263864,0.60723627,1.0
