,AUD_AWFA,AWFA_p-e09,BIG_OWFA,SYL_mAWFA,VIS_IFG,VIS_VWFA,mAWFA_p-e09
AUD_AWFA,1.0,0.87346035,0.2672966,0.310172,0.47725502,0.3001308,0.26611677
AWFA_p-e09,0.87346035,1.0,0.30275655,0.28607056,0.3575172,0.2900061,0.19826177
BIG_OWFA,0.2672966,0.30275655,1.0,0.10832518,0.31134495,0.42904928,0.05259614
SYL_mAWFA,0.310172,0.28607056,0.10832518,1.0,0.2598678,0.21623543,0.9397933
VIS_IFG,0.47725502,0.3575172,0.31134495,0.2598678,1.0,0.5109716,0.24165966
VIS_VWFA,0.3001308,0.2900061,0.42904928,0.21623543,0.5109716,1.0,0.14649062
mAWFA_p-e09,0.26611677,0.19826177,0.05259614,0.9397933,0.24165966,0.14649062,1.0
