,AUD_AWFA,BIG_OWFA,SYL_mAWFA,VIS_IFG,VIS_VWFA
AUD_AWFA,1.0,0.2915665,0.46321923,0.43796772,0.480946
BIG_OWFA,0.2915665,1.0,0.13750555,0.3142176,0.6100004
SYL_mAWFA,0.46321923,0.13750555,1.0,0.3298329,0.2222614
VIS_IFG,0.43796772,0.3142176,0.3298329,1.0,0.5654011
VIS_VWFA,0.480946,0.6100004,0.2222614,0.5654011,1.0
