,AUD_AWFA,AWFA_p-e09,BIG_OWFA,SYL_mAWFA,VIS_IFG,VIS_VWFA,mAWFA_p-e09
AUD_AWFA,1.0,0.84400725,0.34181374,0.51335895,0.33118635,0.1263983,0.41335273
AWFA_p-e09,0.84400725,1.0,0.30216095,0.44766644,0.26139265,0.09984888,0.36847383
BIG_OWFA,0.34181374,0.30216095,1.0,0.4471754,0.29936022,0.28446886,0.3306013
SYL_mAWFA,0.51335895,0.44766644,0.4471754,1.0,0.39412808,0.28849915,0.8213235
VIS_IFG,0.33118635,0.26139265,0.29936022,0.39412808,1.0,0.42996898,0.34023163
VIS_VWFA,0.1263983,0.09984888,0.28446886,0.28849915,0.42996898,1.0,0.27343747
mAWFA_p-e09,0.41335273,0.36847383,0.3306013,0.8213235,0.34023163,0.27343747,1.0
