,AUD_AWFA,AWFA_p-e09,BIG_OWFA,SYL_mAWFA,VIS_IFG,VIS_VWFA,mAWFA_p-e09
AUD_AWFA,1.0,0.86116385,0.24831322,0.64342654,0.5635769,0.58265245,0.6429561
AWFA_p-e09,0.86116385,1.0,0.2454493,0.51519215,0.6494116,0.5430877,0.5158604
BIG_OWFA,0.24831322,0.2454493,1.0,0.2741134,0.34288353,0.54574084,0.21779722
SYL_mAWFA,0.64342654,0.51519215,0.2741134,1.0,0.48521185,0.6484127,0.9579473
VIS_IFG,0.5635769,0.6494116,0.34288353,0.48521185,1.0,0.6261265,0.44680858
VIS_VWFA,0.58265245,0.5430877,0.54574084,0.6484127,0.6261265,1.0,0.6186168
mAWFA_p-e09,0.6429561,0.5158604,0.21779722,0.9579473,0.44680858,0.6186168,1.0
