,AUD_AWFA,AWFA_p-e09,BIG_OWFA,SYL_mAWFA,VIS_IFG,VIS_VWFA,mAWFA_p-e09
AUD_AWFA,1.0,0.8662493,0.07319733,0.45902145,0.0541392,0.09582827,0.43068868
AWFA_p-e09,0.8662493,1.0,-0.0080348635,0.5074835,0.18739212,0.024801157,0.38909072
BIG_OWFA,0.07319733,-0.0080348635,1.0,-0.2652659,0.07240885,0.5171426,-0.19658242
SYL_mAWFA,0.45902145,0.5074835,-0.2652659,1.0,0.031525955,-0.23026954,0.8933585
VIS_IFG,0.0541392,0.18739212,0.07240885,0.031525955,1.0,0.34101433,-0.20145836
VIS_VWFA,0.09582827,0.024801157,0.5171426,-0.23026954,0.34101433,1.0,-0.23158993
mAWFA_p-e09,0.43068868,0.38909072,-0.19658242,0.8933585,-0.20145836,-0.23158993,1.0
