,AUD_AWFA,AWFA_p-e09,BIG_OWFA,SYL_mAWFA,VIS_IFG,VIS_VWFA
AUD_AWFA,1.0,0.9214641,0.2077059,0.35486847,0.4688582,0.32773656
AWFA_p-e09,0.9214641,1.0,0.24193431,0.37974796,0.50436884,0.29689407
BIG_OWFA,0.2077059,0.24193431,1.0,-0.05088608,0.3075981,0.556775
SYL_mAWFA,0.35486847,0.37974796,-0.05088608,1.0,0.41240484,-0.11353886
VIS_IFG,0.4688582,0.50436884,0.3075981,0.41240484,1.0,0.33357817
VIS_VWFA,0.32773656,0.29689407,0.556775,-0.11353886,0.33357817,1.0
