,AUD_AWFA,AWFA_p-e09,BIG_OWFA,SYL_mAWFA,VIS_IFG,VIS_VWFA
AUD_AWFA,1.0,0.8785012,0.34871307,0.6248846,0.5786785,0.44605082
AWFA_p-e09,0.8785012,1.0,0.3713772,0.5657377,0.586048,0.42298985
BIG_OWFA,0.34871307,0.3713772,1.0,0.37548923,0.48249608,0.47135866
SYL_mAWFA,0.6248846,0.5657377,0.37548923,1.0,0.52310175,0.74487734
VIS_IFG,0.5786785,0.586048,0.48249608,0.52310175,1.0,0.4439904
VIS_VWFA,0.44605082,0.42298985,0.47135866,0.74487734,0.4439904,1.0
