,AUD_AWFA,AWFA_p-e09,BIG_OWFA,SYL_mAWFA,VIS_IFG,VIS_VWFA,mAWFA_p-e09
AUD_AWFA,1.0,0.9440325,0.29133457,0.7179394,0.38515133,0.3953652,0.7031586
AWFA_p-e09,0.9440325,1.0,0.31036538,0.6755107,0.35269037,0.3645352,0.6433783
BIG_OWFA,0.29133457,0.31036538,1.0,0.41195408,0.1773658,0.58876914,0.34220204
SYL_mAWFA,0.7179394,0.6755107,0.41195408,1.0,0.47305474,0.5628033,0.90980834
VIS_IFG,0.38515133,0.35269037,0.1773658,0.47305474,1.0,0.42190203,0.40946078
VIS_VWFA,0.3953652,0.3645352,0.58876914,0.5628033,0.42190203,1.0,0.54550254
mAWFA_p-e09,0.7031586,0.6433783,0.34220204,0.90980834,0.40946078,0.54550254,1.0
