,AUD_AWFA,AWFA_p-e09,BIG_OWFA,SYL_mAWFA,VIS_IFG,VIS_VWFA,mAWFA_p-e09
AUD_AWFA,1.0,0.88893443,0.052563496,0.49422836,0.40428087,0.098172285,0.48859727
AWFA_p-e09,0.88893443,1.0,0.021252237,0.5656695,0.3954372,0.13223885,0.5420191
BIG_OWFA,0.052563496,0.021252237,1.0,-0.3906191,0.06089652,0.4885558,-0.41209927
SYL_mAWFA,0.49422836,0.5656695,-0.3906191,1.0,-0.039901767,-0.35295755,0.9703851
VIS_IFG,0.40428087,0.3954372,0.06089652,-0.039901767,1.0,0.45543373,-0.03856388
VIS_VWFA,0.098172285,0.13223885,0.4885558,-0.35295755,0.45543373,1.0,-0.370403
mAWFA_p-e09,0.48859727,0.5420191,-0.41209927,0.9703851,-0.03856388,-0.370403,1.0
