,AUD_AWFA,AWFA_p-e09,BIG_OWFA,SYL_mAWFA,VIS_IFG,VIS_VWFA
AUD_AWFA,1.0,0.92122763,0.100926094,0.578544,0.50298285,0.20208262
AWFA_p-e09,0.92122763,1.0,0.045346312,0.6539628,0.46302566,0.16275871
BIG_OWFA,0.100926094,0.045346312,1.0,-0.25582182,0.071699776,0.64961535
SYL_mAWFA,0.578544,0.6539628,-0.25582182,1.0,0.44796094,-0.047668766
VIS_IFG,0.50298285,0.46302566,0.071699776,0.44796094,1.0,0.30198824
VIS_VWFA,0.20208262,0.16275871,0.64961535,-0.047668766,0.30198824,1.0
