,AUD_AWFA,AWFA_p-e09,BIG_OWFA,SYL_mAWFA,VIS_IFG,VIS_VWFA
AUD_AWFA,1.0,0.9372518,0.6635233,0.7340987,0.55436766,0.6814488
AWFA_p-e09,0.9372518,1.0,0.62241536,0.7438,0.51143366,0.6438136
BIG_OWFA,0.6635233,0.62241536,1.0,0.6748622,0.5740558,0.74795264
SYL_mAWFA,0.7340987,0.7438,0.6748622,1.0,0.61829543,0.70409286
VIS_IFG,0.55436766,0.51143366,0.5740558,0.61829543,1.0,0.68911016
VIS_VWFA,0.6814488,0.6438136,0.74795264,0.70409286,0.68911016,1.0
