,AUD_AWFA,AWFA_p-e09,BIG_OWFA,SYL_mAWFA,VIS_IFG,VIS_VWFA,mAWFA_p-e09
AUD_AWFA,1.0,0.9374,0.33013994,0.6724904,0.55692136,0.2530007,0.6378946
AWFA_p-e09,0.9374,1.0,0.30899295,0.6467075,0.50932854,0.18708701,0.58220166
BIG_OWFA,0.33013994,0.30899295,1.0,0.39625052,0.25014335,0.5014625,0.42088965
SYL_mAWFA,0.6724904,0.6467075,0.39625052,1.0,0.53427595,0.38410112,0.89539146
VIS_IFG,0.55692136,0.50932854,0.25014335,0.53427595,1.0,0.45356482,0.43649763
VIS_VWFA,0.2530007,0.18708701,0.5014625,0.38410112,0.45356482,1.0,0.3546722
mAWFA_p-e09,0.6378946,0.58220166,0.42088965,0.89539146,0.43649763,0.3546722,1.0
