,AUD_AWFA,AWFA_p-e09,BIG_OWFA,SYL_mAWFA,VIS_IFG,VIS_VWFA
AUD_AWFA,1.0,0.73907536,-0.021000206,0.08234517,0.14867377,0.095140055
AWFA_p-e09,0.73907536,1.0,-0.08107114,0.13071565,0.14522721,0.07439361
BIG_OWFA,-0.021000206,-0.08107114,1.0,0.07834074,0.086874045,0.09355641
SYL_mAWFA,0.08234517,0.13071565,0.07834074,1.0,0.24587336,0.30618867
VIS_IFG,0.14867377,0.14522721,0.086874045,0.24587336,1.0,0.17671706
VIS_VWFA,0.095140055,0.07439361,0.09355641,0.30618867,0.17671706,1.0
