,AUD_AWFA,AWFA_p-e09,BIG_OWFA,SYL_mAWFA,VIS_IFG,VIS_VWFA,mAWFA_p-e09
AUD_AWFA,1.0,0.72920173,0.24210261,0.51375854,0.2656605,0.402699,0.42785496
AWFA_p-e09,0.72920173,1.0,0.25596508,0.47987932,0.029724495,0.46394953,0.25109518
BIG_OWFA,0.24210261,0.25596508,1.0,0.35202894,0.072556235,0.41202044,0.21297266
SYL_mAWFA,0.51375854,0.47987932,0.35202894,1.0,0.20394465,0.44879583,0.74957377
VIS_IFG,0.2656605,0.029724495,0.072556235,0.20394465,1.0,0.037933894,0.27303588
VIS_VWFA,0.402699,0.46394953,0.41202044,0.44879583,0.037933894,1.0,0.22152972
mAWFA_p-e09,0.42785496,0.25109518,0.21297266,0.74957377,0.27303588,0.22152972,1.0
