,AUD_AWFA,AWFA_p-e09,BIG_OWFA,SYL_mAWFA,VIS_IFG,VIS_VWFA
AUD_AWFA,1.0,0.82603055,0.32420418,0.44338843,0.43053246,0.42535207
AWFA_p-e09,0.82603055,1.0,0.20272958,0.32193398,0.26455548,0.37297526
BIG_OWFA,0.32420418,0.20272958,1.0,0.4276124,0.31782156,0.5713511
SYL_mAWFA,0.44338843,0.32193398,0.4276124,1.0,0.5148603,0.4710047
VIS_IFG,0.43053246,0.26455548,0.31782156,0.5148603,1.0,0.30906397
VIS_VWFA,0.42535207,0.37297526,0.5713511,0.4710047,0.30906397,1.0
