,AUD_AWFA,AWFA_p-e09,BIG_OWFA,SYL_mAWFA,VIS_IFG,VIS_VWFA,mAWFA_p-e09
AUD_AWFA,1.0,0.93399197,0.36383274,0.74902284,0.640821,0.46187973,0.6521013
AWFA_p-e09,0.93399197,1.0,0.33382252,0.68101287,0.57492596,0.42483512,0.5804164
BIG_OWFA,0.36383274,0.33382252,1.0,0.37188923,0.43879262,0.611004,0.2662819
SYL_mAWFA,0.74902284,0.68101287,0.37188923,1.0,0.5498125,0.51015675,0.9024957
VIS_IFG,0.640821,0.57492596,0.43879262,0.5498125,1.0,0.6663011,0.43018657
VIS_VWFA,0.46187973,0.42483512,0.611004,0.51015675,0.6663011,1.0,0.3440832
mAWFA_p-e09,0.6521013,0.5804164,0.2662819,0.9024957,0.43018657,0.3440832,1.0
