,AUD_AWFA,AWFA_p-e09,BIG_OWFA,SYL_mAWFA,VIS_IFG,VIS_VWFA,mAWFA_p-e09
AUD_AWFA,1.0,0.9092207,0.24743667,0.6782869,0.3740703,0.23337826,0.58734363
AWFA_p-e09,0.9092207,1.0,0.18812178,0.66817087,0.27847812,0.15323128,0.57475567
BIG_OWFA,0.24743667,0.18812178,1.0,0.30797845,0.2904954,0.3290855,0.24433057
SYL_mAWFA,0.6782869,0.66817087,0.30797845,1.0,0.46734694,0.3940351,0.90055776
VIS_IFG,0.3740703,0.27847812,0.2904954,0.46734694,1.0,0.72468174,0.40507734
VIS_VWFA,0.23337826,0.15323128,0.3290855,0.3940351,0.72468174,1.0,0.3536204
mAWFA_p-e09,0.58734363,0.57475567,0.24433057,0.90055776,0.40507734,0.3536204,1.0
