,cluster_1,cluster_2,cluster_3,cluster_4,cluster_5,cluster_6,cluster_7
cluster_1,1.0,0.67235607,0.4346577,0.5203774,0.21289231,0.3497371,0.6788321
cluster_2,0.67235607,1.0,0.52746356,0.4249703,0.22669286,0.2428282,0.5538459
cluster_3,0.4346577,0.52746356,1.0,0.39980698,0.0489651,0.13385929,0.266573
cluster_4,0.5203774,0.4249703,0.39980698,1.0,0.20649873,0.37708673,0.4575221
cluster_5,0.21289231,0.22669286,0.0489651,0.20649873,1.0,0.08818217,0.23088732
cluster_6,0.3497371,0.2428282,0.13385929,0.37708673,0.08818217,1.0,0.34336877
cluster_7,0.6788321,0.5538459,0.266573,0.4575221,0.23088732,0.34336877,1.0
