,AUD_AWFA,BIG_OWFA,SYL_mAWFA,VIS_IFG,VIS_VWFA
AUD_AWFA,1.0,0.20625162,0.35238382,0.46557546,0.32544187
BIG_OWFA,0.20625162,1.0,-0.050529793,0.30544445,0.55287665
SYL_mAWFA,0.35238382,-0.050529793,1.0,0.40951732,-0.11274391
VIS_IFG,0.46557546,0.30544445,0.40951732,1.0,0.33124256
VIS_VWFA,0.32544187,0.55287665,-0.11274391,0.33124256,1.0
