,AUD_AWFA,AWFA_p-e09,BIG_OWFA,SYL_mAWFA,VIS_IFG,VIS_VWFA
AUD_AWFA,1.0,0.9079731700798671,0.26928222909075666,0.6471538544964041,0.5499731776567196,0.45670442537932393
AWFA_p-e09,0.9079731700798671,1.0,0.25703971914284673,0.5981680807815847,0.518700758121339,0.4293125699165396
BIG_OWFA,0.26928222909075666,0.25703971914284673,1.0,0.31424690694478286,0.2909142032756471,0.48368787615717407
SYL_mAWFA,0.6471538544964041,0.5981680807815847,0.31424690694478286,1.0,0.5299567528890052,0.5514984826461834
VIS_IFG,0.5499731776567196,0.518700758121339,0.2909142032756471,0.5299567528890052,1.0,0.5481308974663182
VIS_VWFA,0.45670442537932393,0.4293125699165396,0.48368787615717407,0.5514984826461834,0.5481308974663182,1.0
