,AUD_AWFA,AWFA_p-e09,BIG_OWFA,SYL_mAWFA,VIS_IFG,VIS_VWFA
AUD_AWFA,1.0,0.7882972,0.16992475,0.44031018,0.46012396,0.18891057
AWFA_p-e09,0.7882972,1.0,0.10834108,0.2470959,0.19602713,0.092079036
BIG_OWFA,0.16992475,0.10834108,1.0,0.352067,0.23099652,0.5161183
SYL_mAWFA,0.44031018,0.2470959,0.352067,1.0,0.6366894,0.39941484
VIS_IFG,0.46012396,0.19602713,0.23099652,0.6366894,1.0,0.5070548
VIS_VWFA,0.18891057,0.092079036,0.5161183,0.39941484,0.5070548,1.0
