,AUD_AWFA,AWFA_p-e09,BIG_OWFA,SYL_mAWFA,VIS_IFG,VIS_VWFA
AUD_AWFA,1.0,0.8148496,0.27808443,0.38048056,0.31459722,0.22234198
AWFA_p-e09,0.8148496,1.0,0.20187527,0.18423909,0.14017326,0.08424624
BIG_OWFA,0.27808443,0.20187527,1.0,0.2795963,0.041632164,0.2685413
SYL_mAWFA,0.38048056,0.18423909,0.2795963,1.0,0.4508463,0.32753778
VIS_IFG,0.31459722,0.14017326,0.041632164,0.4508463,1.0,0.5621903
VIS_VWFA,0.22234198,0.08424624,0.2685413,0.32753778,0.5621903,1.0
