,AUD_AWFA,AWFA_p-e09,BIG_OWFA,SYL_mAWFA,VIS_IFG,VIS_VWFA
AUD_AWFA,1.0,0.8975108,0.26237783,0.7959666,0.46579385,0.5528408
AWFA_p-e09,0.8975108,1.0,0.17105706,0.6791209,0.3955654,0.51537937
BIG_OWFA,0.26237783,0.17105706,1.0,0.41704822,0.28440732,0.3992333
SYL_mAWFA,0.7959666,0.6791209,0.41704822,1.0,0.49608168,0.52017677
VIS_IFG,0.46579385,0.3955654,0.28440732,0.49608168,1.0,0.48935813
VIS_VWFA,0.5528408,0.51537937,0.3992333,0.52017677,0.48935813,1.0
