,AUD_AWFA,BIG_OWFA,SYL_mAWFA,VIS_IFG,VIS_VWFA
AUD_AWFA,1.0,0.15094885,0.8420852,0.60307676,0.4747831
BIG_OWFA,0.15094885,1.0,0.2594676,0.40578887,0.6109827
SYL_mAWFA,0.8420852,0.2594676,1.0,0.62997305,0.6238054
VIS_IFG,0.60307676,0.40578887,0.62997305,1.0,0.6129912
VIS_VWFA,0.4747831,0.6109827,0.6238054,0.6129912,1.0
