,AUD_AWFA,AWFA_p-e09,BIG_OWFA,SYL_mAWFA,VIS_IFG,VIS_VWFA,mAWFA_p-e09
AUD_AWFA,1.0,0.8304789,0.23323998,0.48456445,0.5718151,0.45824274,0.36745667
AWFA_p-e09,0.8304789,1.0,0.17672695,0.4494825,0.537152,0.5448425,0.19784264
BIG_OWFA,0.23323998,0.17672695,1.0,0.14805578,0.22499213,0.5123036,-5.091204e-05
SYL_mAWFA,0.48456445,0.4494825,0.14805578,1.0,0.40288436,0.35879803,0.6785695
VIS_IFG,0.5718151,0.537152,0.22499213,0.40288436,1.0,0.50468785,0.17181359
VIS_VWFA,0.45824274,0.5448425,0.5123036,0.35879803,0.50468785,1.0,0.12870234
mAWFA_p-e09,0.36745667,0.19784264,-5.091204e-05,0.6785695,0.17181359,0.12870234,1.0
