,AUD_AWFA,AWFA_p-e09,BIG_OWFA,SYL_mAWFA,VIS_IFG,VIS_VWFA
AUD_AWFA,1.0,0.9048236,0.22188696,0.3951962,0.49704865,0.35747924
AWFA_p-e09,0.9048236,1.0,0.23226738,0.4535167,0.5204233,0.41963634
BIG_OWFA,0.22188696,0.23226738,1.0,0.03865327,0.43079862,0.5744223
SYL_mAWFA,0.3951962,0.4535167,0.03865327,1.0,0.3385042,0.2579141
VIS_IFG,0.49704865,0.5204233,0.43079862,0.3385042,1.0,0.56489766
VIS_VWFA,0.35747924,0.41963634,0.5744223,0.2579141,0.56489766,1.0
