,AUD_AWFA,AWFA_p-e09,BIG_OWFA,SYL_mAWFA,VIS_IFG,VIS_VWFA
AUD_AWFA,1.0,0.8719829,-0.09676277,0.59775203,0.40188864,0.19667697
AWFA_p-e09,0.8719829,1.0,-0.089546785,0.6012656,0.3934353,0.16598532
BIG_OWFA,-0.09676277,-0.089546785,1.0,-0.39946643,0.121071346,0.3438183
SYL_mAWFA,0.59775203,0.6012656,-0.39946643,1.0,0.24771054,-0.11491544
VIS_IFG,0.40188864,0.3934353,0.121071346,0.24771054,1.0,0.42527094
VIS_VWFA,0.19667697,0.16598532,0.3438183,-0.11491544,0.42527094,1.0
