,AUD_AWFA,AWFA_p-e09,BIG_OWFA,SYL_mAWFA,VIS_IFG,VIS_VWFA
AUD_AWFA,1.0,0.924968,0.10464851,0.65451866,0.6087892,0.4663699
AWFA_p-e09,0.924968,1.0,0.049737465,0.57816714,0.5320236,0.3818431
BIG_OWFA,0.10464851,0.049737465,1.0,-0.049489576,-0.045343086,0.36452663
SYL_mAWFA,0.65451866,0.57816714,-0.049489576,1.0,0.6592847,0.43692154
VIS_IFG,0.6087892,0.5320236,-0.045343086,0.6592847,1.0,0.46862563
VIS_VWFA,0.4663699,0.3818431,0.36452663,0.43692154,0.46862563,1.0
