,AUD_AWFA,AWFA_p-e09,BIG_OWFA,SYL_mAWFA,VIS_IFG,VIS_VWFA,mAWFA_p-e09
AUD_AWFA,1.0,0.7948546,0.3848694,0.6909466,0.6176531,0.31843168,0.6579557
AWFA_p-e09,0.7948546,1.0,0.3701898,0.6216044,0.5083673,0.22037554,0.59401435
BIG_OWFA,0.3848694,0.3701898,1.0,0.5324828,0.373607,0.6153638,0.45984787
SYL_mAWFA,0.6909466,0.6216044,0.5324828,1.0,0.64251834,0.37573725,0.89987147
VIS_IFG,0.6176531,0.5083673,0.373607,0.64251834,1.0,0.3710332,0.6137508
VIS_VWFA,0.31843168,0.22037554,0.6153638,0.37573725,0.3710332,1.0,0.30525157
mAWFA_p-e09,0.6579557,0.59401435,0.45984787,0.89987147,0.6137508,0.30525157,1.0
