,AUD_AWFA,AWFA_p-e09,BIG_OWFA,SYL_mAWFA,VIS_IFG,VIS_VWFA,mAWFA_p-e09
AUD_AWFA,1.0,0.88068426,0.38925397,0.44651914,0.28886178,0.3475969,0.39197025
AWFA_p-e09,0.88068426,1.0,0.43784237,0.4892531,0.29058763,0.42233646,0.3984801
BIG_OWFA,0.38925397,0.43784237,1.0,0.4823633,0.2389324,0.49057686,0.33285227
SYL_mAWFA,0.44651914,0.4892531,0.4823633,1.0,0.4595661,0.5367628,0.8470825
VIS_IFG,0.28886178,0.29058763,0.2389324,0.4595661,1.0,0.22191292,0.2985885
VIS_VWFA,0.3475969,0.42233646,0.49057686,0.5367628,0.22191292,1.0,0.40096435
mAWFA_p-e09,0.39197025,0.3984801,0.33285227,0.8470825,0.2985885,0.40096435,1.0
