,AUD_AWFA,AWFA_p-e09,BIG_OWFA,SYL_mAWFA,VIS_IFG,VIS_VWFA,mAWFA_p-e09
AUD_AWFA,1.0,0.9108051,0.3456911,0.64351493,0.57100207,0.49184805,0.5979951
AWFA_p-e09,0.9108051,1.0,0.35921448,0.62550014,0.5531921,0.47828212,0.5703165
BIG_OWFA,0.3456911,0.35921448,1.0,0.4592906,0.32827583,0.54302114,0.33707803
SYL_mAWFA,0.64351493,0.62550014,0.4592906,1.0,0.59573686,0.5432799,0.8690661
VIS_IFG,0.57100207,0.5531921,0.32827583,0.59573686,1.0,0.6176331,0.5208305
VIS_VWFA,0.49184805,0.47828212,0.54302114,0.5432799,0.6176331,1.0,0.47694683
mAWFA_p-e09,0.5979951,0.5703165,0.33707803,0.8690661,0.5208305,0.47694683,1.0
