,AUD_AWFA,BIG_OWFA,SYL_mAWFA,VIS_IFG,VIS_VWFA
AUD_AWFA,1.0,0.03936723,0.39611018,0.5514266,0.3204639
BIG_OWFA,0.03936723,1.0,-0.4207704,-0.022689119,0.35352567
SYL_mAWFA,0.39611018,-0.4207704,1.0,0.4260371,-0.01951186
VIS_IFG,0.5514266,-0.022689119,0.4260371,1.0,0.6044321
VIS_VWFA,0.3204639,0.35352567,-0.01951186,0.6044321,1.0
