,AUD_AWFA,AWFA_p-e09,BIG_OWFA,SYL_mAWFA,VIS_IFG,VIS_VWFA,mAWFA_p-e09
AUD_AWFA,1.0,0.90579194,0.23076385,0.60099846,0.44024974,0.2374448,0.5546609
AWFA_p-e09,0.90579194,1.0,0.19379821,0.48000482,0.32834613,0.174759,0.43908122
BIG_OWFA,0.23076385,0.19379821,1.0,0.41369137,0.32031482,0.46078578,0.36763096
SYL_mAWFA,0.60099846,0.48000482,0.41369137,1.0,0.607375,0.53001165,0.91115206
VIS_IFG,0.44024974,0.32834613,0.32031482,0.607375,1.0,0.68111527,0.40833414
VIS_VWFA,0.2374448,0.174759,0.46078578,0.53001165,0.68111527,1.0,0.36579785
mAWFA_p-e09,0.5546609,0.43908122,0.36763096,0.91115206,0.40833414,0.36579785,1.0
