,AUD_AWFA,AWFA_p-e09,BIG_OWFA,SYL_mAWFA,VIS_IFG,VIS_VWFA
AUD_AWFA,1.0,0.8574272,0.48386937,0.6935468,0.735688,0.631454
AWFA_p-e09,0.8574272,1.0,0.3615816,0.5653108,0.6538208,0.540877
BIG_OWFA,0.48386937,0.3615816,1.0,0.6017638,0.35459462,0.56384176
SYL_mAWFA,0.6935468,0.5653108,0.6017638,1.0,0.5573332,0.6223168
VIS_IFG,0.735688,0.6538208,0.35459462,0.5573332,1.0,0.60212296
VIS_VWFA,0.631454,0.540877,0.56384176,0.6223168,0.60212296,1.0
