,AUD_AWFA,AWFA_p-e09,BIG_OWFA,SYL_mAWFA,VIS_IFG,VIS_VWFA
AUD_AWFA,1.0,0.86567223,0.22910412,0.3234559,0.585754,0.33116564
AWFA_p-e09,0.86567223,1.0,0.27703768,0.31014544,0.5573359,0.35725427
BIG_OWFA,0.22910412,0.27703768,1.0,0.10585647,0.34289548,0.4852975
SYL_mAWFA,0.3234559,0.31014544,0.10585647,1.0,0.55228114,0.39945477
VIS_IFG,0.585754,0.5573359,0.34289548,0.55228114,1.0,0.6162208
VIS_VWFA,0.33116564,0.35725427,0.4852975,0.39945477,0.6162208,1.0
