,AUD_AWFA,AWFA_p-e09,BIG_OWFA,SYL_mAWFA,VIS_IFG,VIS_VWFA
AUD_AWFA,1.0,0.9053908,0.72394043,0.7831147,0.8044588,0.7248833
AWFA_p-e09,0.9053908,1.0,0.5847878,0.6801087,0.7103535,0.6057173
BIG_OWFA,0.72394043,0.5847878,1.0,0.7355302,0.7288525,0.77099174
SYL_mAWFA,0.7831147,0.6801087,0.7355302,1.0,0.7892766,0.7375755
VIS_IFG,0.8044588,0.7103535,0.7288525,0.7892766,1.0,0.749618
VIS_VWFA,0.7248833,0.6057173,0.77099174,0.7375755,0.749618,1.0
