,AUD_AWFA,BIG_OWFA,SYL_mAWFA,VIS_IFG,VIS_VWFA
AUD_AWFA,1.0,0.3421586,0.39841405,0.62817436,0.42120808
BIG_OWFA,0.3421586,1.0,0.4612703,0.21473205,0.6272306
SYL_mAWFA,0.39841405,0.4612703,1.0,0.2072777,0.51311105
VIS_IFG,0.62817436,0.21473205,0.2072777,1.0,0.42832163
VIS_VWFA,0.42120808,0.6272306,0.51311105,0.42832163,1.0
