,AUD_AWFA,BIG_OWFA,SYL_mAWFA,VIS_IFG,VIS_VWFA
AUD_AWFA,1.0,0.1091621,0.60373706,0.27713174,0.0032136007
BIG_OWFA,0.1091621,1.0,0.21211375,0.17861466,0.38377845
SYL_mAWFA,0.60373706,0.21211375,1.0,0.42845836,0.2842151
VIS_IFG,0.27713174,0.17861466,0.42845836,1.0,0.5485541
VIS_VWFA,0.0032136007,0.38377845,0.2842151,0.5485541,1.0
