,AUD_AWFA,AWFA_p-e09,BIG_OWFA,SYL_mAWFA,VIS_IFG,VIS_VWFA
AUD_AWFA,1.0,0.91832095,0.2483464,0.39746213,0.2573592,0.40018588
AWFA_p-e09,0.91832095,1.0,0.20030124,0.30340979,0.23319383,0.36760363
BIG_OWFA,0.2483464,0.20030124,1.0,-0.055803273,0.38797987,0.57279766
SYL_mAWFA,0.39746213,0.30340979,-0.055803273,1.0,0.083099514,0.14884457
VIS_IFG,0.2573592,0.23319383,0.38797987,0.083099514,1.0,0.5656083
VIS_VWFA,0.40018588,0.36760363,0.57279766,0.14884457,0.5656083,1.0
