,AUD_AWFA,AWFA_p-e09,BIG_OWFA,SYL_mAWFA,VIS_IFG,VIS_VWFA
AUD_AWFA,1.0,0.858828,0.42448497,0.4935641,0.5836404,0.42064872
AWFA_p-e09,0.858828,1.0,0.36345437,0.47009218,0.5456055,0.41980648
BIG_OWFA,0.42448497,0.36345437,1.0,0.5121305,0.25752488,0.40428045
SYL_mAWFA,0.4935641,0.47009218,0.5121305,1.0,0.48177508,0.54868907
VIS_IFG,0.5836404,0.5456055,0.25752488,0.48177508,1.0,0.57194364
VIS_VWFA,0.42064872,0.41980648,0.40428045,0.54868907,0.57194364,1.0
