,AUD_AWFA,AWFA_p-e09,BIG_OWFA,SYL_mAWFA,VIS_IFG,VIS_VWFA,mAWFA_p-e09
AUD_AWFA,1.0,0.82829136,0.26363444,0.65297604,0.23566787,0.21783376,0.47335875
AWFA_p-e09,0.82829136,1.0,0.108368784,0.60532624,0.17247196,0.15997556,0.49012816
BIG_OWFA,0.26363444,0.108368784,1.0,0.2295262,0.2677405,0.31714,0.15326759
SYL_mAWFA,0.65297604,0.60532624,0.2295262,1.0,0.2255277,0.29390034,0.7601586
VIS_IFG,0.23566787,0.17247196,0.2677405,0.2255277,1.0,0.6729782,0.13444647
VIS_VWFA,0.21783376,0.15997556,0.31714,0.29390034,0.6729782,1.0,0.21040028
mAWFA_p-e09,0.47335875,0.49012816,0.15326759,0.7601586,0.13444647,0.21040028,1.0
