,AUD_AWFA,BIG_OWFA,SYL_mAWFA,VIS_IFG,VIS_VWFA
AUD_AWFA,1.0,0.11323728,0.5987827,0.49599725,0.25417423
BIG_OWFA,0.11323728,1.0,-0.25882325,0.2399822,0.5164348
SYL_mAWFA,0.5987827,-0.25882325,1.0,0.19535375,-0.11029124
VIS_IFG,0.49599725,0.2399822,0.19535375,1.0,0.5086316
VIS_VWFA,0.25417423,0.5164348,-0.11029124,0.5086316,1.0
