,AUD_AWFA,AWFA_p-e09,BIG_OWFA,SYL_mAWFA,VIS_IFG,VIS_VWFA
AUD_AWFA,1.0,0.79954857,0.1847115,0.5119323,0.1319285,0.36768425
AWFA_p-e09,0.79954857,1.0,0.23747005,0.49417612,0.3005775,0.36048895
BIG_OWFA,0.1847115,0.23747005,1.0,0.13461573,0.46317172,0.60431004
SYL_mAWFA,0.5119323,0.49417612,0.13461573,1.0,0.37279078,0.296712
VIS_IFG,0.1319285,0.3005775,0.46317172,0.37279078,1.0,0.553359
VIS_VWFA,0.36768425,0.36048895,0.60431004,0.296712,0.553359,1.0
