,AUD_AWFA,AWFA_p-e09,BIG_OWFA,SYL_mAWFA,VIS_IFG,VIS_VWFA,mAWFA_p-e09
AUD_AWFA,1.0,0.9209564,0.36665297,0.7010372,0.65470487,0.47595152,0.70313585
AWFA_p-e09,0.9209564,1.0,0.3137577,0.64332867,0.65172875,0.48698997,0.65664923
BIG_OWFA,0.36665297,0.3137577,1.0,0.4893439,0.34602404,0.4970269,0.4505127
SYL_mAWFA,0.7010372,0.64332867,0.4893439,1.0,0.57260597,0.56871307,0.9403404
VIS_IFG,0.65470487,0.65172875,0.34602404,0.57260597,1.0,0.65983516,0.5624035
VIS_VWFA,0.47595152,0.48698997,0.4970269,0.56871307,0.65983516,1.0,0.54613835
mAWFA_p-e09,0.70313585,0.65664923,0.4505127,0.9403404,0.5624035,0.54613835,1.0
