,cluster_1,cluster_2,cluster_3,cluster_4,cluster_5,cluster_6,cluster_7
cluster_1,1.0,0.42766035,0.40813068,0.5603162,0.18197171,0.3448947,0.56379795
cluster_2,0.42766035,1.0,0.42382634,0.34560665,0.35745552,0.059103202,0.41687796
cluster_3,0.40813068,0.42382634,1.0,0.28487104,0.34041452,0.35410234,0.38517314
cluster_4,0.5603162,0.34560665,0.28487104,1.0,0.095779896,0.23844826,0.3756591
cluster_5,0.18197171,0.35745552,0.34041452,0.095779896,1.0,0.084702425,0.20571813
cluster_6,0.3448947,0.059103202,0.35410234,0.23844826,0.084702425,1.0,0.2140914
cluster_7,0.56379795,0.41687796,0.38517314,0.3756591,0.20571813,0.2140914,1.0
