,cluster_1,cluster_2,cluster_3,cluster_4,cluster_5,cluster_6,cluster_7
cluster_1,1.0,0.5147435,0.5683845,0.2567349,0.5143681,0.14440756,0.69978076
cluster_2,0.5147435,1.0,0.56452113,0.48624468,0.48729166,0.1795299,0.40991786
cluster_3,0.5683845,0.56452113,1.0,0.32510334,0.5726938,0.20724109,0.42830953
cluster_4,0.2567349,0.48624468,0.32510334,1.0,0.32487106,0.3180257,0.30349508
cluster_5,0.5143681,0.48729166,0.5726938,0.32487106,1.0,0.15859967,0.46736464
cluster_6,0.14440756,0.1795299,0.20724109,0.3180257,0.15859967,1.0,0.23072846
cluster_7,0.69978076,0.40991786,0.42830953,0.30349508,0.46736464,0.23072846,1.0
