,AUD_AWFA,AWFA_p-e09,BIG_OWFA,SYL_mAWFA,VIS_IFG,VIS_VWFA
AUD_AWFA,1.0,0.94128346,0.027576415,0.4727237,0.616318,0.10204014
AWFA_p-e09,0.94128346,1.0,0.003629194,0.48502994,0.59807533,0.04743152
BIG_OWFA,0.027576415,0.003629194,1.0,-0.28309435,0.043947402,0.40299934
SYL_mAWFA,0.4727237,0.48502994,-0.28309435,1.0,0.3580802,-0.33502942
VIS_IFG,0.616318,0.59807533,0.043947402,0.3580802,1.0,0.23925582
VIS_VWFA,0.10204014,0.04743152,0.40299934,-0.33502942,0.23925582,1.0
