,AUD_AWFA,AWFA_p-e09,BIG_OWFA,SYL_mAWFA,VIS_IFG,VIS_VWFA,mAWFA_p-e09
AUD_AWFA,1.0,0.84703857,0.19303901,0.48069873,0.4168269,0.015125089,0.5425645
AWFA_p-e09,0.84703857,1.0,0.2130568,0.46016607,0.3651107,0.0052838144,0.50380725
BIG_OWFA,0.19303901,0.2130568,1.0,0.30072913,0.14380424,0.10720674,0.25365183
SYL_mAWFA,0.48069873,0.46016607,0.30072913,1.0,0.4202733,0.29927203,0.90608394
VIS_IFG,0.4168269,0.3651107,0.14380424,0.4202733,1.0,0.576283,0.44404668
VIS_VWFA,0.015125089,0.0052838144,0.10720674,0.29927203,0.576283,1.0,0.2737147
mAWFA_p-e09,0.5425645,0.50380725,0.25365183,0.90608394,0.44404668,0.2737147,1.0
