,AUD_AWFA,AWFA_p-e09,BIG_OWFA,SYL_mAWFA,VIS_IFG,VIS_VWFA,mAWFA_p-e09
AUD_AWFA,1.0,0.86856914,0.09389058,0.516244,0.44972944,0.22707425,0.4697029
AWFA_p-e09,0.86856914,1.0,0.09804047,0.50810534,0.45726985,0.21393116,0.46584126
BIG_OWFA,0.09389058,0.09804047,1.0,-0.089958936,0.28263736,0.51958704,-0.19544362
SYL_mAWFA,0.516244,0.50810534,-0.089958936,1.0,0.5278423,0.13319546,0.9066949
VIS_IFG,0.44972944,0.45726985,0.28263736,0.5278423,1.0,0.46416348,0.3760768
VIS_VWFA,0.22707425,0.21393116,0.51958704,0.13319546,0.46416348,1.0,0.012670378
mAWFA_p-e09,0.4697029,0.46584126,-0.19544362,0.9066949,0.3760768,0.012670378,1.0
