,AUD_AWFA,AWFA_p-e09,BIG_OWFA,SYL_mAWFA,VIS_IFG,VIS_VWFA
AUD_AWFA,1.0,0.8747457,0.28520125,0.6375903,0.68361354,0.4058579
AWFA_p-e09,0.8747457,1.0,0.30635458,0.5740694,0.62108123,0.40538496
BIG_OWFA,0.28520125,0.30635458,1.0,0.36861438,0.27782345,0.40711397
SYL_mAWFA,0.6375903,0.5740694,0.36861438,1.0,0.6508938,0.5739882
VIS_IFG,0.68361354,0.62108123,0.27782345,0.6508938,1.0,0.53008217
VIS_VWFA,0.4058579,0.40538496,0.40711397,0.5739882,0.53008217,1.0
