,AUD_AWFA,AWFA_p-e09,BIG_OWFA,SYL_mAWFA,VIS_IFG,VIS_VWFA,mAWFA_p-e09
AUD_AWFA,1.0,0.82482475,0.12197978,0.5363596,0.48643288,0.32483163,0.47736305
AWFA_p-e09,0.82482475,1.0,0.16833729,0.5939558,0.4220134,0.26526308,0.5225979
BIG_OWFA,0.12197978,0.16833729,1.0,0.31715265,0.14802642,0.057194307,0.2689933
SYL_mAWFA,0.5363596,0.5939558,0.31715265,1.0,0.51710224,0.29983822,0.8685236
VIS_IFG,0.48643288,0.4220134,0.14802642,0.51710224,1.0,0.45150805,0.45991507
VIS_VWFA,0.32483163,0.26526308,0.057194307,0.29983822,0.45150805,1.0,0.31376752
mAWFA_p-e09,0.47736305,0.5225979,0.2689933,0.8685236,0.45991507,0.31376752,1.0
