,AUD_AWFA,AWFA_p-e09,BIG_OWFA,SYL_mAWFA,VIS_IFG,VIS_VWFA,mAWFA_p-e09
AUD_AWFA,1.0,0.85971063,0.24012184,0.62839794,0.63104075,0.39521116,0.5064157
AWFA_p-e09,0.85971063,1.0,0.16340324,0.5373958,0.637879,0.3897223,0.34324443
BIG_OWFA,0.24012184,0.16340324,1.0,0.1438497,0.33443347,0.394931,0.097233824
SYL_mAWFA,0.62839794,0.5373958,0.1438497,1.0,0.52302986,0.37572724,0.7752057
VIS_IFG,0.63104075,0.637879,0.33443347,0.52302986,1.0,0.57882345,0.38295236
VIS_VWFA,0.39521116,0.3897223,0.394931,0.37572724,0.57882345,1.0,0.23005724
mAWFA_p-e09,0.5064157,0.34324443,0.097233824,0.7752057,0.38295236,0.23005724,1.0
