,AUD_AWFA,BIG_OWFA,SYL_mAWFA,VIS_IFG,VIS_VWFA
AUD_AWFA,1.0,0.3242281,0.27004993,0.46412337,0.46343982
BIG_OWFA,0.3242281,1.0,-0.062345497,0.26566222,0.5200327
SYL_mAWFA,0.27004993,-0.062345497,1.0,0.41408482,0.10032141
VIS_IFG,0.46412337,0.26566222,0.41408482,1.0,0.609889
VIS_VWFA,0.46343982,0.5200327,0.10032141,0.609889,1.0
