,AUD_AWFA,AWFA_p-e09,BIG_OWFA,SYL_mAWFA,VIS_IFG,VIS_VWFA
AUD_AWFA,1.0,0.7510078,0.07149238,0.5814906,0.28758204,0.21236788
AWFA_p-e09,0.7510078,1.0,0.19878758,0.38259616,0.20718446,0.24664204
BIG_OWFA,0.07149238,0.19878758,1.0,0.32894874,-0.081373885,0.10013257
SYL_mAWFA,0.5814906,0.38259616,0.32894874,1.0,0.20537694,0.14488637
VIS_IFG,0.28758204,0.20718446,-0.081373885,0.20537694,1.0,0.53412384
VIS_VWFA,0.21236788,0.24664204,0.10013257,0.14488637,0.53412384,1.0
