,AUD_AWFA,AWFA_p-e09,BIG_OWFA,SYL_mAWFA,VIS_IFG,VIS_VWFA,mAWFA_p-e09
AUD_AWFA,1.0,0.90941346,0.5473839,0.7255025,0.5663016,0.5080916,0.65215534
AWFA_p-e09,0.90941346,1.0,0.461137,0.61535984,0.4381409,0.41007888,0.5408445
BIG_OWFA,0.5473839,0.461137,1.0,0.5394835,0.5088455,0.59201103,0.45178854
SYL_mAWFA,0.7255025,0.61535984,0.5394835,1.0,0.6772239,0.5568029,0.9164648
VIS_IFG,0.5663016,0.4381409,0.5088455,0.6772239,1.0,0.6162476,0.6113396
VIS_VWFA,0.5080916,0.41007888,0.59201103,0.5568029,0.6162476,1.0,0.5292135
mAWFA_p-e09,0.65215534,0.5408445,0.45178854,0.9164648,0.6113396,0.5292135,1.0
