,AUD_AWFA,AWFA_p-e09,BIG_OWFA,SYL_mAWFA,VIS_IFG,VIS_VWFA,mAWFA_p-e09
AUD_AWFA,1.0,0.90627843,0.32697457,0.5385965,0.699279,0.46711624,0.49022543
AWFA_p-e09,0.90627843,1.0,0.32933402,0.5457098,0.697507,0.49641103,0.4973229
BIG_OWFA,0.32697457,0.32933402,1.0,-0.111786686,0.2646442,0.6152728,-0.092949405
SYL_mAWFA,0.5385965,0.5457098,-0.111786686,1.0,0.5000151,0.13542925,0.89211977
VIS_IFG,0.699279,0.697507,0.2646442,0.5000151,1.0,0.4597737,0.4311632
VIS_VWFA,0.46711624,0.49641103,0.6152728,0.13542925,0.4597737,1.0,0.13859643
mAWFA_p-e09,0.49022543,0.4973229,-0.092949405,0.89211977,0.4311632,0.13859643,1.0
