,AUD_AWFA,AWFA_p-e09,BIG_OWFA,SYL_mAWFA,VIS_IFG,VIS_VWFA
AUD_AWFA,1.0,0.93277186,0.6688107,0.835542,0.7504384,0.80538386
AWFA_p-e09,0.93277186,1.0,0.62238413,0.82808745,0.75664383,0.78339183
BIG_OWFA,0.6688107,0.62238413,1.0,0.64012104,0.5718657,0.70718914
SYL_mAWFA,0.835542,0.82808745,0.64012104,1.0,0.82148206,0.7667418
VIS_IFG,0.7504384,0.75664383,0.5718657,0.82148206,1.0,0.721598
VIS_VWFA,0.80538386,0.78339183,0.70718914,0.7667418,0.721598,1.0
