,AUD_AWFA,AWFA_p-e09,BIG_OWFA,SYL_mAWFA,VIS_IFG,VIS_VWFA,mAWFA_p-e09
AUD_AWFA,1.0,0.83692515,0.1791554,0.51946867,0.6049315,0.442784,0.49605298
AWFA_p-e09,0.83692515,1.0,0.120077476,0.4481046,0.5549587,0.42486033,0.46849144
BIG_OWFA,0.1791554,0.120077476,1.0,0.3568319,0.2939451,0.50255924,0.22328003
SYL_mAWFA,0.51946867,0.4481046,0.3568319,1.0,0.5514945,0.5544871,0.9064975
VIS_IFG,0.6049315,0.5549587,0.2939451,0.5514945,1.0,0.6243436,0.4901447
VIS_VWFA,0.442784,0.42486033,0.50255924,0.5544871,0.6243436,1.0,0.5506333
mAWFA_p-e09,0.49605298,0.46849144,0.22328003,0.9064975,0.4901447,0.5506333,1.0
