,cluster_1,cluster_2,cluster_3,cluster_4,cluster_5,cluster_6,cluster_7
cluster_1,1.0,0.50334173,0.4486045,0.4614822,0.30399823,0.23804544,0.70941365
cluster_2,0.50334173,1.0,0.36158925,0.3876124,0.11773003,0.0868765,0.45601055
cluster_3,0.4486045,0.36158925,1.0,0.20722635,0.34714484,0.12851173,0.3295496
cluster_4,0.4614822,0.3876124,0.20722635,1.0,-0.015021951,0.101647474,0.5572202
cluster_5,0.30399823,0.11773003,0.34714484,-0.015021951,1.0,0.39850578,0.083432086
cluster_6,0.23804544,0.0868765,0.12851173,0.101647474,0.39850578,1.0,0.11473866
cluster_7,0.70941365,0.45601055,0.3295496,0.5572202,0.083432086,0.11473866,1.0
