,AUD_AWFA,AWFA_p-e09,BIG_OWFA,SYL_mAWFA,VIS_IFG,VIS_VWFA
AUD_AWFA,1.0,0.8707796,0.21931729,0.43081677,0.30566987,0.16936745
AWFA_p-e09,0.8707796,1.0,0.20660405,0.4255042,0.31746614,0.15784039
BIG_OWFA,0.21931729,0.20660405,1.0,0.09901378,0.26014838,0.4344996
SYL_mAWFA,0.43081677,0.4255042,0.09901378,1.0,0.22049382,-0.04204245
VIS_IFG,0.30566987,0.31746614,0.26014838,0.22049382,1.0,0.48364007
VIS_VWFA,0.16936745,0.15784039,0.4344996,-0.04204245,0.48364007,1.0
