,AUD_AWFA,AWFA_p-e09,BIG_OWFA,SYL_mAWFA,VIS_IFG,VIS_VWFA,mAWFA_p-e09
AUD_AWFA,1.0,0.83932877,0.17715342,0.50692946,0.5326777,0.09882051,0.33050504
AWFA_p-e09,0.83932877,1.0,0.19229446,0.3874465,0.4698779,0.051397037,0.17041741
BIG_OWFA,0.17715342,0.19229446,1.0,0.10862437,0.1667846,0.1353162,0.034749746
SYL_mAWFA,0.50692946,0.3874465,0.10862437,1.0,0.5345379,0.31945038,0.80528563
VIS_IFG,0.5326777,0.4698779,0.1667846,0.5345379,1.0,0.363868,0.32377422
VIS_VWFA,0.09882051,0.051397037,0.1353162,0.31945038,0.363868,1.0,0.25902718
mAWFA_p-e09,0.33050504,0.17041741,0.034749746,0.80528563,0.32377422,0.25902718,1.0
