,AUD_AWFA,BIG_OWFA,SYL_mAWFA,VIS_IFG,VIS_VWFA
AUD_AWFA,1.0,0.071683474,0.4495281,0.053019512,0.09384638
BIG_OWFA,0.071683474,1.0,-0.25977978,0.0709113,0.5064472
SYL_mAWFA,0.4495281,-0.25977978,1.0,0.030873945,-0.22550717
VIS_IFG,0.053019512,0.0709113,0.030873945,1.0,0.33396158
VIS_VWFA,0.09384638,0.5064472,-0.22550717,0.33396158,1.0
