,AUD_AWFA,AWFA_p-e09,BIG_OWFA,SYL_mAWFA,VIS_IFG,VIS_VWFA
AUD_AWFA,1.0,0.85924226,0.4994598,0.7001396,0.6701638,0.5184764
AWFA_p-e09,0.85924226,1.0,0.33277494,0.65246147,0.50260967,0.37796733
BIG_OWFA,0.4994598,0.33277494,1.0,0.60429317,0.6194218,0.6773069
SYL_mAWFA,0.7001396,0.65246147,0.60429317,1.0,0.6745572,0.69299865
VIS_IFG,0.6701638,0.50260967,0.6194218,0.6745572,1.0,0.6337414
VIS_VWFA,0.5184764,0.37796733,0.6773069,0.69299865,0.6337414,1.0
