,AUD_AWFA,AWFA_p-e09,BIG_OWFA,SYL_mAWFA,VIS_IFG,VIS_VWFA
AUD_AWFA,1.0,0.8405575,0.55998254,0.65286124,0.4735249,0.518074
AWFA_p-e09,0.8405575,1.0,0.32442006,0.47377554,0.49318367,0.4030771
BIG_OWFA,0.55998254,0.32442006,1.0,0.6765073,0.24368875,0.65373576
SYL_mAWFA,0.65286124,0.47377554,0.6765073,1.0,0.4103139,0.6418648
VIS_IFG,0.4735249,0.49318367,0.24368875,0.4103139,1.0,0.34874415
VIS_VWFA,0.518074,0.4030771,0.65373576,0.6418648,0.34874415,1.0
