,AUD_AWFA,AWFA_p-e09,BIG_OWFA,SYL_mAWFA,VIS_IFG,VIS_VWFA
AUD_AWFA,1.0,0.87591237,0.2851075,0.48106477,0.5222695,0.41301852
AWFA_p-e09,0.87591237,1.0,0.13505843,0.4104579,0.37975687,0.32765803
BIG_OWFA,0.2851075,0.13505843,1.0,-0.13333577,0.4509474,0.37239856
SYL_mAWFA,0.48106477,0.4104579,-0.13333577,1.0,0.3247126,0.25310025
VIS_IFG,0.5222695,0.37975687,0.4509474,0.3247126,1.0,0.40780053
VIS_VWFA,0.41301852,0.32765803,0.37239856,0.25310025,0.40780053,1.0
