,AUD_AWFA,AWFA_p-e09,BIG_OWFA,SYL_mAWFA,VIS_IFG,VIS_VWFA
AUD_AWFA,1.0,0.9361543,0.2742667,0.55272233,0.67528814,0.27289245
AWFA_p-e09,0.9361543,1.0,0.30203855,0.5114956,0.6257166,0.20216
BIG_OWFA,0.2742667,0.30203855,1.0,0.02157775,-0.01437503,0.14622936
SYL_mAWFA,0.55272233,0.5114956,0.02157775,1.0,0.60172,0.4696003
VIS_IFG,0.67528814,0.6257166,-0.01437503,0.60172,1.0,0.3522161
VIS_VWFA,0.27289245,0.20216,0.14622936,0.4696003,0.3522161,1.0
