,AUD_AWFA,AWFA_p-e09,BIG_OWFA,SYL_mAWFA,VIS_IFG,VIS_VWFA
AUD_AWFA,1.0,0.8641121,0.34252286,0.61700785,0.57515466,0.14620006
AWFA_p-e09,0.8641121,1.0,0.26830322,0.57688,0.5915885,0.15213978
BIG_OWFA,0.34252286,0.26830322,1.0,0.32418397,0.29307485,0.2736717
SYL_mAWFA,0.61700785,0.57688,0.32418397,1.0,0.5747294,0.20527205
VIS_IFG,0.57515466,0.5915885,0.29307485,0.5747294,1.0,0.38123697
VIS_VWFA,0.14620006,0.15213978,0.2736717,0.20527205,0.38123697,1.0
