,AUD_AWFA,AWFA_p-e09,BIG_OWFA,SYL_mAWFA,VIS_IFG,VIS_VWFA,mAWFA_p-e09
AUD_AWFA,1.0,0.8824507,0.6681184,0.7476211,0.519931,0.69016165,0.6566653
AWFA_p-e09,0.8824507,1.0,0.5104316,0.63510895,0.49179816,0.57205284,0.5474189
BIG_OWFA,0.6681184,0.5104316,1.0,0.7229279,0.4460282,0.70787746,0.62889606
SYL_mAWFA,0.7476211,0.63510895,0.7229279,1.0,0.53731036,0.7581035,0.9005174
VIS_IFG,0.519931,0.49179816,0.4460282,0.53731036,1.0,0.52651405,0.47488114
VIS_VWFA,0.69016165,0.57205284,0.70787746,0.7581035,0.52651405,1.0,0.653211
mAWFA_p-e09,0.6566653,0.5474189,0.62889606,0.9005174,0.47488114,0.653211,1.0
