,AUD_AWFA,AWFA_p-e09,BIG_OWFA,SYL_mAWFA,VIS_IFG,VIS_VWFA
AUD_AWFA,1.0,0.9085266,0.20587784,0.5996726,0.6662189,0.47672236
AWFA_p-e09,0.9085266,1.0,0.27222145,0.52717286,0.68801904,0.57280725
BIG_OWFA,0.20587784,0.27222145,1.0,-0.15602402,0.21572363,0.64189225
SYL_mAWFA,0.5996726,0.52717286,-0.15602402,1.0,0.29777545,0.029115232
VIS_IFG,0.6662189,0.68801904,0.21572363,0.29777545,1.0,0.57637495
VIS_VWFA,0.47672236,0.57280725,0.64189225,0.029115232,0.57637495,1.0
