,AUD_AWFA,BIG_OWFA,SYL_mAWFA,VIS_IFG,VIS_VWFA
AUD_AWFA,1.0,0.39649534,0.68890154,0.31512254,0.592508
BIG_OWFA,0.39649534,1.0,0.27885407,0.4082376,0.47797388
SYL_mAWFA,0.68890154,0.27885407,1.0,0.21151711,0.67325205
VIS_IFG,0.31512254,0.4082376,0.21151711,1.0,0.43483734
VIS_VWFA,0.592508,0.47797388,0.67325205,0.43483734,1.0
