,AUD_AWFA,AWFA_p-e09,BIG_OWFA,SYL_mAWFA,VIS_IFG,VIS_VWFA,mAWFA_p-e09
AUD_AWFA,1.0,0.86666155,0.40042958,0.6927263,0.241181,0.33319274,0.63001966
AWFA_p-e09,0.86666155,1.0,0.3490952,0.6649835,0.2151211,0.35054985,0.6191587
BIG_OWFA,0.40042958,0.3490952,1.0,0.5055572,0.22553183,0.37366065,0.41346762
SYL_mAWFA,0.6927263,0.6649835,0.5055572,1.0,0.28868315,0.41801012,0.88676983
VIS_IFG,0.241181,0.2151211,0.22553183,0.28868315,1.0,0.43414986,0.20022914
VIS_VWFA,0.33319274,0.35054985,0.37366065,0.41801012,0.43414986,1.0,0.3464549
mAWFA_p-e09,0.63001966,0.6191587,0.41346762,0.88676983,0.20022914,0.3464549,1.0
