,AUD_AWFA,AWFA_p-e09,BIG_OWFA,SYL_mAWFA,VIS_IFG,VIS_VWFA,mAWFA_p-e09
AUD_AWFA,1.0,0.9027193,0.1765976,0.7005531,0.63202405,0.48942062,0.63441485
AWFA_p-e09,0.9027193,1.0,0.15833355,0.6524771,0.5450823,0.46516263,0.55955946
BIG_OWFA,0.1765976,0.15833355,1.0,0.19280176,0.09426803,0.2144738,0.16266173
SYL_mAWFA,0.7005531,0.6524771,0.19280176,1.0,0.56844646,0.45642155,0.9106878
VIS_IFG,0.63202405,0.5450823,0.09426803,0.56844646,1.0,0.6218827,0.46908823
VIS_VWFA,0.48942062,0.46516263,0.2144738,0.45642155,0.6218827,1.0,0.3837739
mAWFA_p-e09,0.63441485,0.55955946,0.16266173,0.9106878,0.46908823,0.3837739,1.0
