,cluster_1,cluster_2,cluster_3,cluster_4,cluster_5,cluster_6,cluster_7
cluster_1,1.0,0.7313469,0.50397456,0.45757732,0.28146613,0.56341803,0.721696
cluster_2,0.7313469,1.0,0.6145758,0.4495491,0.2716647,0.36023077,0.6106952
cluster_3,0.50397456,0.6145758,1.0,0.3367731,0.1527086,0.23796521,0.46992227
cluster_4,0.45757732,0.4495491,0.3367731,1.0,0.19424918,0.33640924,0.5053873
cluster_5,0.28146613,0.2716647,0.1527086,0.19424918,1.0,0.43282875,0.35378024
cluster_6,0.56341803,0.36023077,0.23796521,0.33640924,0.43282875,1.0,0.5308856
cluster_7,0.721696,0.6106952,0.46992227,0.5053873,0.35378024,0.5308856,1.0
