,AUD_AWFA,AWFA_p-e09,BIG_OWFA,SYL_mAWFA,VIS_IFG,VIS_VWFA
AUD_AWFA,1.0,0.910549,0.2928588,0.46527237,0.43990892,0.4830777
AWFA_p-e09,0.910549,1.0,0.29042068,0.4605903,0.46146414,0.48362973
BIG_OWFA,0.2928588,0.29042068,1.0,0.13811502,0.31561032,0.6127041
SYL_mAWFA,0.46527237,0.4605903,0.13811502,1.0,0.33129486,0.22324654
VIS_IFG,0.43990892,0.46146414,0.31561032,0.33129486,1.0,0.56790715
VIS_VWFA,0.4830777,0.48362973,0.6127041,0.22324654,0.56790715,1.0
