,AUD_AWFA,AWFA_p-e09,BIG_OWFA,SYL_mAWFA,VIS_IFG,VIS_VWFA
AUD_AWFA,1.0,0.85028934,0.4631761,0.6763068,0.5716878,0.5067179
AWFA_p-e09,0.85028934,1.0,0.39882228,0.57592046,0.5758119,0.5091795
BIG_OWFA,0.4631761,0.39882228,1.0,0.39314148,0.4236257,0.56640965
SYL_mAWFA,0.6763068,0.57592046,0.39314148,1.0,0.61133385,0.5632887
VIS_IFG,0.5716878,0.5758119,0.4236257,0.61133385,1.0,0.66238475
VIS_VWFA,0.5067179,0.5091795,0.56640965,0.5632887,0.66238475,1.0
