,AUD_AWFA,BIG_OWFA,SYL_mAWFA,VIS_IFG,VIS_VWFA
AUD_AWFA,1.0,0.33757704,0.68396306,0.47696593,0.54255795
BIG_OWFA,0.33757704,1.0,0.43816617,0.35089225,0.5834202
SYL_mAWFA,0.68396306,0.43816617,1.0,0.4857885,0.56228715
VIS_IFG,0.47696593,0.35089225,0.4857885,1.0,0.7402266
VIS_VWFA,0.54255795,0.5834202,0.56228715,0.7402266,1.0
