,AUD_AWFA,AWFA_p-e09,BIG_OWFA,SYL_mAWFA,VIS_IFG,VIS_VWFA,mAWFA_p-e09
AUD_AWFA,1.0,0.9445458,0.30388233,0.6883488,0.42369923,0.53652346,0.5538702
AWFA_p-e09,0.9445458,1.0,0.33356246,0.65330994,0.39111,0.5434923,0.53032875
BIG_OWFA,0.30388233,0.33356246,1.0,0.34105548,0.30475104,0.5279614,0.19606563
SYL_mAWFA,0.6883488,0.65330994,0.34105548,1.0,0.5535528,0.6600759,0.7924851
VIS_IFG,0.42369923,0.39111,0.30475104,0.5535528,1.0,0.7160314,0.34200877
VIS_VWFA,0.53652346,0.5434923,0.5279614,0.6600759,0.7160314,1.0,0.47270805
mAWFA_p-e09,0.5538702,0.53032875,0.19606563,0.7924851,0.34200877,0.47270805,1.0
