,AUD_AWFA,AWFA_p-e09,BIG_OWFA,SYL_mAWFA,VIS_IFG,VIS_VWFA
AUD_AWFA,1.0,0.9385382,0.18722199,0.58032495,0.47689807,0.29052958
AWFA_p-e09,0.9385382,1.0,0.16487044,0.5566697,0.4886465,0.29274085
BIG_OWFA,0.18722199,0.16487044,1.0,0.17215692,0.07347687,0.27315435
SYL_mAWFA,0.58032495,0.5566697,0.17215692,1.0,0.5240182,0.4733474
VIS_IFG,0.47689807,0.4886465,0.07347687,0.5240182,1.0,0.5388984
VIS_VWFA,0.29052958,0.29274085,0.27315435,0.4733474,0.5388984,1.0
