,AUD_AWFA,BIG_OWFA,SYL_mAWFA,VIS_IFG,VIS_VWFA
AUD_AWFA,1.0,0.05024419,0.5997502,0.576811,0.36850473
BIG_OWFA,0.05024419,1.0,0.29345536,0.17632172,0.43357703
SYL_mAWFA,0.5997502,0.29345536,1.0,0.6386651,0.57743245
VIS_IFG,0.576811,0.17632172,0.6386651,1.0,0.5820679
VIS_VWFA,0.36850473,0.43357703,0.57743245,0.5820679,1.0
