,AUD_AWFA,BIG_OWFA,SYL_mAWFA,VIS_IFG,VIS_VWFA
AUD_AWFA,1.0,0.21540858,0.506472,0.49172512,0.46008095
BIG_OWFA,0.21540858,1.0,0.01049053,0.35812747,0.38263938
SYL_mAWFA,0.506472,0.01049053,1.0,0.1875724,0.015444963
VIS_IFG,0.49172512,0.35812747,0.1875724,1.0,0.4797545
VIS_VWFA,0.46008095,0.38263938,0.015444963,0.4797545,1.0
