,AUD_AWFA,AWFA_p-e09,BIG_OWFA,SYL_mAWFA,VIS_IFG,VIS_VWFA
AUD_AWFA,1.0,0.87876433,0.28442073,0.3023008,0.51532924,0.4060775
AWFA_p-e09,0.87876433,1.0,0.31298605,0.28779587,0.4397793,0.40016147
BIG_OWFA,0.28442073,0.31298605,1.0,-0.21847408,0.36797276,0.6326152
SYL_mAWFA,0.3023008,0.28779587,-0.21847408,1.0,-0.02830509,-0.12475268
VIS_IFG,0.51532924,0.4397793,0.36797276,-0.02830509,1.0,0.44339073
VIS_VWFA,0.4060775,0.40016147,0.6326152,-0.12475268,0.44339073,1.0
