,cluster_1,cluster_2,cluster_3,cluster_4,cluster_5,cluster_6,cluster_7
cluster_1,1.0,0.46819162,0.67690074,0.47265768,0.15890521,0.29988965,0.3912651
cluster_2,0.46819162,1.0,0.44648376,0.39556906,-0.09510864,0.30377534,0.5233677
cluster_3,0.67690074,0.44648376,1.0,0.32287872,-0.069347,0.3691411,0.31324854
cluster_4,0.47265768,0.39556906,0.32287872,1.0,0.2586435,0.048845746,0.31595725
cluster_5,0.15890521,-0.09510864,-0.069347,0.2586435,1.0,-0.055999305,-0.10344616
cluster_6,0.29988965,0.30377534,0.3691411,0.048845746,-0.055999305,1.0,0.41874737
cluster_7,0.3912651,0.5233677,0.31324854,0.31595725,-0.10344616,0.41874737,1.0
