,AUD_AWFA,AWFA_p-e09,BIG_OWFA,SYL_mAWFA,VIS_IFG,VIS_VWFA,mAWFA_p-e09
AUD_AWFA,1.0,0.88695216,0.32741886,0.7089305,0.6882596,0.26110998,0.47198996
AWFA_p-e09,0.88695216,1.0,0.24415053,0.64170873,0.58841074,0.20968641,0.41974926
BIG_OWFA,0.32741886,0.24415053,1.0,0.4305095,0.2874138,0.23878986,0.34939542
SYL_mAWFA,0.7089305,0.64170873,0.4305095,1.0,0.6664171,0.37705702,0.8089351
VIS_IFG,0.6882596,0.58841074,0.2874138,0.6664171,1.0,0.509709,0.49606255
VIS_VWFA,0.26110998,0.20968641,0.23878986,0.37705702,0.509709,1.0,0.34080544
mAWFA_p-e09,0.47198996,0.41974926,0.34939542,0.8089351,0.49606255,0.34080544,1.0
