,AUD_AWFA,BIG_OWFA,SYL_mAWFA,VIS_IFG,VIS_VWFA
AUD_AWFA,1.0,0.42601502,0.6857594,0.6269772,0.62800527
BIG_OWFA,0.42601502,1.0,0.5260632,0.49770263,0.6676717
SYL_mAWFA,0.6857594,0.5260632,1.0,0.5995026,0.65480894
VIS_IFG,0.6269772,0.49770263,0.5995026,1.0,0.6922465
VIS_VWFA,0.62800527,0.6676717,0.65480894,0.6922465,1.0
