,AUD_AWFA,BIG_OWFA,SYL_mAWFA,VIS_IFG,VIS_VWFA
AUD_AWFA,1.0,0.16165908,0.49689072,0.6754056,0.21029636
BIG_OWFA,0.16165908,1.0,-0.22495653,0.25151795,0.48355904
SYL_mAWFA,0.49689072,-0.22495653,1.0,0.39776137,-0.24576937
VIS_IFG,0.6754056,0.25151795,0.39776137,1.0,0.31463268
VIS_VWFA,0.21029636,0.48355904,-0.24576937,0.31463268,1.0
