,cluster_1,cluster_2,cluster_3,cluster_4,cluster_5,cluster_6,cluster_7
cluster_1,1.0,0.6848491,0.4801584,0.5134505,0.20568042,0.41339934,0.7277259
cluster_2,0.6848491,1.0,0.4346908,0.44431543,0.3685684,0.25080302,0.599002
cluster_3,0.4801584,0.4346908,1.0,0.34467915,0.35305047,0.21938637,0.24386686
cluster_4,0.5134505,0.44431543,0.34467915,1.0,0.1262221,0.4521048,0.4984786
cluster_5,0.20568042,0.3685684,0.35305047,0.1262221,1.0,-0.11715115,0.17930162
cluster_6,0.41339934,0.25080302,0.21938637,0.4521048,-0.11715115,1.0,0.37688175
cluster_7,0.7277259,0.599002,0.24386686,0.4984786,0.17930162,0.37688175,1.0
