,AUD_AWFA,AWFA_p-e09,BIG_OWFA,SYL_mAWFA,VIS_IFG,VIS_VWFA
AUD_AWFA,1.0,0.8821163,0.4487386,0.55004895,0.62751234,0.4933506
AWFA_p-e09,0.8821163,1.0,0.43234605,0.50961566,0.59902537,0.48652062
BIG_OWFA,0.4487386,0.43234605,1.0,0.236876,0.2672933,0.50253344
SYL_mAWFA,0.55004895,0.50961566,0.236876,1.0,0.64001554,0.65017295
VIS_IFG,0.62751234,0.59902537,0.2672933,0.64001554,1.0,0.64395154
VIS_VWFA,0.4933506,0.48652062,0.50253344,0.65017295,0.64395154,1.0
