,AUD_AWFA,AWFA_p-e09,BIG_OWFA,SYL_mAWFA,VIS_IFG,VIS_VWFA
AUD_AWFA,1.0,0.9339766,0.36382675,0.7490105,0.64081043,0.46187213
AWFA_p-e09,0.9339766,1.0,0.333817,0.68100166,0.5749165,0.4248281
BIG_OWFA,0.36382675,0.333817,1.0,0.3718831,0.4387854,0.6109939
SYL_mAWFA,0.7490105,0.68100166,0.3718831,1.0,0.54980344,0.51014835
VIS_IFG,0.64081043,0.5749165,0.4387854,0.54980344,1.0,0.6662901
VIS_VWFA,0.46187213,0.4248281,0.6109939,0.51014835,0.6662901,1.0
