,AUD_AWFA,AWFA_p-e09,BIG_OWFA,SYL_mAWFA,VIS_IFG,VIS_VWFA
AUD_AWFA,1.0,0.8251852,0.10712687,0.55281365,0.4646656,0.20022433
AWFA_p-e09,0.8251852,1.0,0.1596779,0.31124413,0.33009157,0.1932014
BIG_OWFA,0.10712687,0.1596779,1.0,-0.2562001,0.3222527,0.6571626
SYL_mAWFA,0.55281365,0.31124413,-0.2562001,1.0,0.23366095,-0.111484565
VIS_IFG,0.4646656,0.33009157,0.3222527,0.23366095,1.0,0.5901519
VIS_VWFA,0.20022433,0.1932014,0.6571626,-0.111484565,0.5901519,1.0
