,AUD_AWFA,AWFA_p-e09,BIG_OWFA,SYL_mAWFA,VIS_IFG,VIS_VWFA
AUD_AWFA,1.0,0.87367606,0.20282336,0.4073463,0.5263004,0.4297206
AWFA_p-e09,0.87367606,1.0,0.20587851,0.38358957,0.47538003,0.3777562
BIG_OWFA,0.20282336,0.20587851,1.0,-0.25197628,0.31722578,0.52432966
SYL_mAWFA,0.4073463,0.38358957,-0.25197628,1.0,0.1626615,-0.051664352
VIS_IFG,0.5263004,0.47538003,0.31722578,0.1626615,1.0,0.6737708
VIS_VWFA,0.4297206,0.3777562,0.52432966,-0.051664352,0.6737708,1.0
