,AUD_AWFA,AWFA_p-e09,BIG_OWFA,SYL_mAWFA,VIS_IFG,VIS_VWFA,mAWFA_p-e09
AUD_AWFA,1.0,0.75223315,0.5712044,0.6049213,0.50677395,0.3391532,0.5691521
AWFA_p-e09,0.75223315,1.0,0.44868368,0.5274759,0.45275006,0.25354657,0.5012313
BIG_OWFA,0.5712044,0.44868368,1.0,0.6409673,0.5574234,0.57865596,0.6184727
SYL_mAWFA,0.6049213,0.5274759,0.6409673,1.0,0.6272152,0.6211384,0.92170537
VIS_IFG,0.50677395,0.45275006,0.5574234,0.6272152,1.0,0.64864725,0.6161245
VIS_VWFA,0.3391532,0.25354657,0.57865596,0.6211384,0.64864725,1.0,0.62710476
mAWFA_p-e09,0.5691521,0.5012313,0.6184727,0.92170537,0.6161245,0.62710476,1.0
