,cluster_1,cluster_2,cluster_3,cluster_4,cluster_5,cluster_6,cluster_7
cluster_1,1.0,0.69347733,0.7263919,0.6470175,0.48048088,0.34981495,0.7458184
cluster_2,0.69347733,1.0,0.60102344,0.5189063,0.41272718,0.20139031,0.6413762
cluster_3,0.7263919,0.60102344,1.0,0.5297785,0.40868735,0.27762282,0.54234046
cluster_4,0.6470175,0.5189063,0.5297785,1.0,0.3030717,0.2765375,0.64416057
cluster_5,0.48048088,0.41272718,0.40868735,0.3030717,1.0,0.16163029,0.30346927
cluster_6,0.34981495,0.20139031,0.27762282,0.2765375,0.16163029,1.0,0.33016178
cluster_7,0.7458184,0.6413762,0.54234046,0.64416057,0.30346927,0.33016178,1.0
