,AUD_AWFA,BIG_OWFA,SYL_mAWFA,VIS_IFG,VIS_VWFA
AUD_AWFA,1.0,0.1802557,0.45325536,0.39579722,0.25252205
BIG_OWFA,0.1802557,1.0,0.012244353,0.34400544,0.29928878
SYL_mAWFA,0.45325536,0.012244353,1.0,0.33497438,0.23614214
VIS_IFG,0.39579722,0.34400544,0.33497438,1.0,0.63142383
VIS_VWFA,0.25252205,0.29928878,0.23614214,0.63142383,1.0
