,AUD_AWFA,AWFA_p-e09,BIG_OWFA,SYL_mAWFA,VIS_IFG,VIS_VWFA,mAWFA_p-e09
AUD_AWFA,1.0,0.93978685,0.18747108,0.58109707,0.47753254,0.2909161,0.6300448
AWFA_p-e09,0.93978685,1.0,0.16508979,0.5574103,0.48929662,0.2931303,0.62694156
BIG_OWFA,0.18747108,0.16508979,1.0,0.17238596,0.073574625,0.27351776,0.14077401
SYL_mAWFA,0.58109707,0.5574103,0.17238596,1.0,0.52471536,0.47397712,0.8742637
VIS_IFG,0.47753254,0.48929662,0.073574625,0.52471536,1.0,0.53961533,0.41471583
VIS_VWFA,0.2909161,0.2931303,0.27351776,0.47397712,0.53961533,1.0,0.35791227
mAWFA_p-e09,0.6300448,0.62694156,0.14077401,0.8742637,0.41471583,0.35791227,1.0
