,AUD_AWFA,AWFA_p-e09,BIG_OWFA,SYL_mAWFA,VIS_IFG,VIS_VWFA,mAWFA_p-e09
AUD_AWFA,1.0,0.90939444,0.38323906,0.7197616,0.62177104,0.5379671,0.65151274
AWFA_p-e09,0.90939444,1.0,0.3669115,0.68411046,0.61564827,0.47650954,0.6135006
BIG_OWFA,0.38323906,0.3669115,1.0,0.42343295,0.3524349,0.56175864,0.31721756
SYL_mAWFA,0.7197616,0.68411046,0.42343295,1.0,0.6459177,0.68931127,0.9266385
VIS_IFG,0.62177104,0.61564827,0.3524349,0.6459177,1.0,0.62014204,0.5467465
VIS_VWFA,0.5379671,0.47650954,0.56175864,0.68931127,0.62014204,1.0,0.5881217
mAWFA_p-e09,0.65151274,0.6135006,0.31721756,0.9266385,0.5467465,0.5881217,1.0
