,AUD_AWFA,BIG_OWFA,SYL_mAWFA,VIS_IFG,VIS_VWFA
AUD_AWFA,1.0,0.20543383,0.3985001,0.32784057,0.09307164
BIG_OWFA,0.20543383,1.0,-0.19400625,0.2592987,0.36631182
SYL_mAWFA,0.3985001,-0.19400625,1.0,0.20449552,0.036937118
VIS_IFG,0.32784057,0.2592987,0.20449552,1.0,0.4897699
VIS_VWFA,0.09307164,0.36631182,0.036937118,0.4897699,1.0
