,AUD_AWFA,BIG_OWFA,SYL_mAWFA,VIS_IFG,VIS_VWFA
AUD_AWFA,1.0,0.44826728,0.54947126,0.6268532,0.49283242
BIG_OWFA,0.44826728,1.0,0.2366272,0.26701257,0.50200564
SYL_mAWFA,0.54947126,0.2366272,1.0,0.6393433,0.64949006
VIS_IFG,0.6268532,0.26701257,0.6393433,1.0,0.64327514
VIS_VWFA,0.49283242,0.50200564,0.64949006,0.64327514,1.0
