,AUD_AWFA,BIG_OWFA,SYL_mAWFA,VIS_IFG,VIS_VWFA
AUD_AWFA,1.0,0.06136105,0.7885925,0.67246073,0.54441816
BIG_OWFA,0.06136105,1.0,-0.0030823725,0.13376625,0.26327738
SYL_mAWFA,0.7885925,-0.0030823725,1.0,0.6562964,0.62734914
VIS_IFG,0.67246073,0.13376625,0.6562964,1.0,0.587775
VIS_VWFA,0.54441816,0.26327738,0.62734914,0.587775,1.0
