,cluster_1,cluster_2,cluster_3,cluster_4,cluster_5,cluster_6,cluster_7
cluster_1,1.0,0.45762762,0.6751869,0.26527002,0.42862555,0.46027035,0.70126414
cluster_2,0.45762762,1.0,0.40142003,0.53225976,0.10484162,0.09266675,0.45609114
cluster_3,0.6751869,0.40142003,1.0,0.1810759,0.3539921,0.3650446,0.48385486
cluster_4,0.26527002,0.53225976,0.1810759,1.0,-0.044752054,-0.0809542,0.25095615
cluster_5,0.42862555,0.10484162,0.3539921,-0.044752054,1.0,0.24713367,0.3094461
cluster_6,0.46027035,0.09266675,0.3650446,-0.0809542,0.24713367,1.0,0.3351227
cluster_7,0.70126414,0.45609114,0.48385486,0.25095615,0.3094461,0.3351227,1.0
