,AUD_AWFA,BIG_OWFA,SYL_mAWFA,VIS_IFG,VIS_VWFA
AUD_AWFA,1.0,0.17700773,0.47698343,0.46950528,0.19428277
BIG_OWFA,0.17700773,1.0,-0.17373198,0.26200947,0.5908579
SYL_mAWFA,0.47698343,-0.17373198,1.0,0.17490855,-0.3236196
VIS_IFG,0.46950528,0.26200947,0.17490855,1.0,0.35507768
VIS_VWFA,0.19428277,0.5908579,-0.3236196,0.35507768,1.0
