,AUD_AWFA,AWFA_p-e09,BIG_OWFA,SYL_mAWFA,VIS_IFG,VIS_VWFA
AUD_AWFA,1.0,0.83721185,0.3228659,0.61273503,0.3337024,0.021658698
AWFA_p-e09,0.83721185,1.0,0.19639383,0.48923185,0.26113248,-0.004495626
BIG_OWFA,0.3228659,0.19639383,1.0,0.5873288,0.25041154,0.29249477
SYL_mAWFA,0.61273503,0.48923185,0.5873288,1.0,0.5185012,0.39623234
VIS_IFG,0.3337024,0.26113248,0.25041154,0.5185012,1.0,0.47848216
VIS_VWFA,0.021658698,-0.004495626,0.29249477,0.39623234,0.47848216,1.0
