,AUD_AWFA,AWFA_p-e09,BIG_OWFA,SYL_mAWFA,VIS_IFG,VIS_VWFA,mAWFA_p-e09
AUD_AWFA,1.0,0.8832412,0.15444346,0.42795858,0.57478786,0.29520905,0.3255101
AWFA_p-e09,0.8832412,1.0,0.12085688,0.3230186,0.46827716,0.27263755,0.22407305
BIG_OWFA,0.15444346,0.12085688,1.0,0.10975772,0.07465823,0.20399398,0.018120704
SYL_mAWFA,0.42795858,0.3230186,0.10975772,1.0,0.44297808,0.3299228,0.8191019
VIS_IFG,0.57478786,0.46827716,0.07465823,0.44297808,1.0,0.3371138,0.28740346
VIS_VWFA,0.29520905,0.27263755,0.20399398,0.3299228,0.3371138,1.0,0.26448807
mAWFA_p-e09,0.3255101,0.22407305,0.018120704,0.8191019,0.28740346,0.26448807,1.0
