,AUD_AWFA,AWFA_p-e09,BIG_OWFA,SYL_mAWFA,VIS_IFG,VIS_VWFA,mAWFA_p-e09
AUD_AWFA,1.0,0.88798004,0.5066895,0.8268504,0.55716616,0.5695557,0.81533486
AWFA_p-e09,0.88798004,1.0,0.42560872,0.7885967,0.49120045,0.4333345,0.7844047
BIG_OWFA,0.5066895,0.42560872,1.0,0.49938983,0.35467455,0.5398885,0.4722872
SYL_mAWFA,0.8268504,0.7885967,0.49938983,1.0,0.5263665,0.5595262,0.9515032
VIS_IFG,0.55716616,0.49120045,0.35467455,0.5263665,1.0,0.4211128,0.53192264
VIS_VWFA,0.5695557,0.4333345,0.5398885,0.5595262,0.4211128,1.0,0.5052643
mAWFA_p-e09,0.81533486,0.7844047,0.4722872,0.9515032,0.53192264,0.5052643,1.0
