,AUD_AWFA,BIG_OWFA,SYL_mAWFA,VIS_IFG,VIS_VWFA
AUD_AWFA,1.0,0.19800429,0.4822809,0.40778303,0.012324475
BIG_OWFA,0.19800429,1.0,0.41668192,0.17849515,0.4630126
SYL_mAWFA,0.4822809,0.41668192,1.0,0.5308865,0.44942492
VIS_IFG,0.40778303,0.17849515,0.5308865,1.0,0.32186976
VIS_VWFA,0.012324475,0.4630126,0.44942492,0.32186976,1.0
