,AUD_AWFA,AWFA_p-e09,BIG_OWFA,SYL_mAWFA,VIS_IFG,VIS_VWFA
AUD_AWFA,1.0,0.878517,0.38829607,0.44542032,0.2881509,0.3467415
AWFA_p-e09,0.878517,1.0,0.43676487,0.4880491,0.28987253,0.42129713
BIG_OWFA,0.38829607,0.43676487,1.0,0.48117626,0.23834442,0.4893696
SYL_mAWFA,0.44542032,0.4880491,0.48117626,1.0,0.45843512,0.5354419
VIS_IFG,0.2881509,0.28987253,0.23834442,0.45843512,1.0,0.22136681
VIS_VWFA,0.3467415,0.42129713,0.4893696,0.5354419,0.22136681,1.0
