,AUD_AWFA,AWFA_p-e09,BIG_OWFA,SYL_mAWFA,VIS_IFG,VIS_VWFA
AUD_AWFA,1.0,0.87888885,0.026188342,0.47684765,0.3274643,0.07017616
AWFA_p-e09,0.87888885,1.0,-0.007100847,0.41442797,0.25045022,0.018011667
BIG_OWFA,0.026188342,-0.007100847,1.0,-0.23184048,0.206807,0.46577603
SYL_mAWFA,0.47684765,0.41442797,-0.23184048,1.0,0.16271353,-0.018958127
VIS_IFG,0.3274643,0.25045022,0.206807,0.16271353,1.0,0.6357263
VIS_VWFA,0.07017616,0.018011667,0.46577603,-0.018958127,0.6357263,1.0
