,cluster_1,cluster_2,cluster_3,cluster_4,cluster_5,cluster_6,cluster_7
cluster_1,1.0,0.5820761,0.70113,0.70355606,0.50084466,0.43616897,0.66183853
cluster_2,0.5820761,1.0,0.44546336,0.6058469,0.464701,0.2199332,0.39959496
cluster_3,0.70113,0.44546336,1.0,0.460209,0.43460727,0.27726892,0.3582697
cluster_4,0.70355606,0.6058469,0.460209,1.0,0.4284013,0.34255403,0.54913336
cluster_5,0.50084466,0.464701,0.43460727,0.4284013,1.0,0.24357712,0.27398455
cluster_6,0.43616897,0.2199332,0.27726892,0.34255403,0.24357712,1.0,0.35827515
cluster_7,0.66183853,0.39959496,0.3582697,0.54913336,0.27398455,0.35827515,1.0
