,AUD_AWFA,AWFA_p-e09,BIG_OWFA,SYL_mAWFA,VIS_IFG,VIS_VWFA,mAWFA_p-e09
AUD_AWFA,1.0,0.86087984,0.22658195,0.3640872,0.5759684,0.46459013,0.25165227
AWFA_p-e09,0.86087984,1.0,0.20703079,0.35431215,0.5485989,0.42955434,0.2855413
BIG_OWFA,0.22658195,0.20703079,1.0,-0.22336517,0.21521384,0.3427434,-0.29250148
SYL_mAWFA,0.3640872,0.35431215,-0.22336517,1.0,0.27230284,0.13695845,0.921797
VIS_IFG,0.5759684,0.5485989,0.21521384,0.27230284,1.0,0.49865434,0.1593019
VIS_VWFA,0.46459013,0.42955434,0.3427434,0.13695845,0.49865434,1.0,0.04392637
mAWFA_p-e09,0.25165227,0.2855413,-0.29250148,0.921797,0.1593019,0.04392637,1.0
