,AUD_AWFA,AWFA_p-e09,BIG_OWFA,SYL_mAWFA,VIS_IFG,VIS_VWFA,mAWFA_p-e09
AUD_AWFA,1.0,0.70816314,0.16570227,0.27986625,0.27823478,0.09890773,0.16085172
AWFA_p-e09,0.70816314,1.0,0.1555316,0.21406838,0.21327344,0.06805961,0.04487662
BIG_OWFA,0.16570227,0.1555316,1.0,0.14161246,-0.0049098986,0.44115883,0.13979164
SYL_mAWFA,0.27986625,0.21406838,0.14161246,1.0,0.42899436,0.34930354,0.71278965
VIS_IFG,0.27823478,0.21327344,-0.0049098986,0.42899436,1.0,0.24464741,0.076306336
VIS_VWFA,0.09890773,0.06805961,0.44115883,0.34930354,0.24464741,1.0,0.25497276
mAWFA_p-e09,0.16085172,0.04487662,0.13979164,0.71278965,0.076306336,0.25497276,1.0
