,AUD_AWFA,AWFA_p-e09,BIG_OWFA,SYL_mAWFA,VIS_IFG,VIS_VWFA
AUD_AWFA,1.0,0.8739052,0.007860241,0.4426646,0.3294711,0.24935196
AWFA_p-e09,0.8739052,1.0,0.005285315,0.42778474,0.31788695,0.24197306
BIG_OWFA,0.007860241,0.005285315,1.0,0.35915783,0.14027493,0.3324173
SYL_mAWFA,0.4426646,0.42778474,0.35915783,1.0,0.28197572,0.48200533
VIS_IFG,0.3294711,0.31788695,0.14027493,0.28197572,1.0,0.5033549
VIS_VWFA,0.24935196,0.24197306,0.3324173,0.48200533,0.5033549,1.0
