,AUD_AWFA,AWFA_p-e09,BIG_OWFA,SYL_mAWFA,VIS_IFG,VIS_VWFA
AUD_AWFA,1.0,0.8177631,0.079881474,0.31387663,0.074706055,0.061518986
AWFA_p-e09,0.8177631,1.0,0.018689906,0.18464269,0.05309655,0.11274266
BIG_OWFA,0.079881474,0.018689906,1.0,0.2901747,-0.004035675,0.010626742
SYL_mAWFA,0.31387663,0.18464269,0.2901747,1.0,0.24860491,0.07798977
VIS_IFG,0.074706055,0.05309655,-0.004035675,0.24860491,1.0,0.41881904
VIS_VWFA,0.061518986,0.11274266,0.010626742,0.07798977,0.41881904,1.0
