,AUD_AWFA,AWFA_p-e09,BIG_OWFA,SYL_mAWFA,VIS_IFG,VIS_VWFA
AUD_AWFA,1.0,0.8938597,0.19554304,0.5278259,0.33731753,0.31728873
AWFA_p-e09,0.8938597,1.0,0.1784804,0.49420863,0.35879767,0.27333996
BIG_OWFA,0.19554304,0.1784804,1.0,-0.050066937,0.17851086,0.28870362
SYL_mAWFA,0.5278259,0.49420863,-0.050066937,1.0,0.15219577,0.15419453
VIS_IFG,0.33731753,0.35879767,0.17851086,0.15219577,1.0,0.60863185
VIS_VWFA,0.31728873,0.27333996,0.28870362,0.15419453,0.60863185,1.0
