,cluster_1,cluster_2,cluster_3,cluster_4,cluster_5,cluster_6,cluster_7
cluster_1,1.0,0.5626301,0.58164155,0.4630983,0.070414156,0.52768123,0.34924805
cluster_2,0.5626301,1.0,0.47655728,0.42240226,0.2442571,0.23219426,0.29835847
cluster_3,0.58164155,0.47655728,1.0,0.43299338,-0.20796764,0.40831083,0.32415342
cluster_4,0.4630983,0.42240226,0.43299338,1.0,-0.18878098,0.42805326,0.5595375
cluster_5,0.070414156,0.2442571,-0.20796764,-0.18878098,1.0,-0.08963887,-0.05527235
cluster_6,0.52768123,0.23219426,0.40831083,0.42805326,-0.08963887,1.0,0.3667003
cluster_7,0.34924805,0.29835847,0.32415342,0.5595375,-0.05527235,0.3667003,1.0
