,AUD_AWFA,AWFA_p-e09,BIG_OWFA,SYL_mAWFA,VIS_IFG,VIS_VWFA,mAWFA_p-e09
AUD_AWFA,1.0,0.78841895,0.169951,0.44037822,0.46019503,0.18893975,0.31130943
AWFA_p-e09,0.78841895,1.0,0.108357824,0.24713407,0.19605742,0.09209326,0.18723986
BIG_OWFA,0.169951,0.108357824,1.0,0.35212138,0.23103221,0.516198,0.27214918
SYL_mAWFA,0.44037822,0.24713407,0.35212138,1.0,0.63678783,0.39947653,0.85667187
VIS_IFG,0.46019503,0.19605742,0.23103221,0.63678783,1.0,0.5071331,0.43118733
VIS_VWFA,0.18893975,0.09209326,0.516198,0.39947653,0.5071331,1.0,0.31257457
mAWFA_p-e09,0.31130943,0.18723986,0.27214918,0.85667187,0.43118733,0.31257457,1.0
