,AUD_AWFA,AWFA_p-e09,BIG_OWFA,SYL_mAWFA,VIS_IFG,VIS_VWFA,mAWFA_p-e09
AUD_AWFA,1.0,0.90585953,0.22214098,0.39564863,0.4976177,0.35788852,0.4006127
AWFA_p-e09,0.90585953,1.0,0.23253329,0.45403588,0.5210191,0.42011678,0.4467634
BIG_OWFA,0.22214098,0.23253329,1.0,0.038697522,0.43129182,0.5750799,-0.016571151
SYL_mAWFA,0.39564863,0.45403588,0.038697522,1.0,0.3388917,0.25820938,0.9340284
VIS_IFG,0.4976177,0.5210191,0.43129182,0.3388917,1.0,0.56554437,0.31579486
VIS_VWFA,0.35788852,0.42011678,0.5750799,0.25820938,0.56554437,1.0,0.2436349
mAWFA_p-e09,0.4006127,0.4467634,-0.016571151,0.9340284,0.31579486,0.2436349,1.0
