,AUD_AWFA,AWFA_p-e09,BIG_OWFA,SYL_mAWFA,VIS_IFG,VIS_VWFA,mAWFA_p-e09
AUD_AWFA,1.0,0.8891786,0.63438994,0.81872624,0.72617936,0.61210376,0.7476499
AWFA_p-e09,0.8891786,1.0,0.55683166,0.73980653,0.6453518,0.54870987,0.67394406
BIG_OWFA,0.63438994,0.55683166,1.0,0.6512765,0.51293427,0.6008049,0.5818331
SYL_mAWFA,0.81872624,0.73980653,0.6512765,1.0,0.72185403,0.6387031,0.9221686
VIS_IFG,0.72617936,0.6453518,0.51293427,0.72185403,1.0,0.65923524,0.64652085
VIS_VWFA,0.61210376,0.54870987,0.6008049,0.6387031,0.65923524,1.0,0.5344825
mAWFA_p-e09,0.7476499,0.67394406,0.5818331,0.9221686,0.64652085,0.5344825,1.0
