,AUD_AWFA,AWFA_p-e09,BIG_OWFA,SYL_mAWFA,VIS_IFG,VIS_VWFA
AUD_AWFA,1.0,0.9135766,0.3320783,0.5919226,0.70728976,0.4761581
AWFA_p-e09,0.9135766,1.0,0.3123456,0.5483164,0.61397916,0.42234695
BIG_OWFA,0.3320783,0.3123456,1.0,0.064145155,0.46308732,0.6493403
SYL_mAWFA,0.5919226,0.5483164,0.064145155,1.0,0.36485654,0.13309117
VIS_IFG,0.70728976,0.61397916,0.46308732,0.36485654,1.0,0.6233918
VIS_VWFA,0.4761581,0.42234695,0.6493403,0.13309117,0.6233918,1.0
