,AUD_AWFA,AWFA_p-e09,BIG_OWFA,SYL_mAWFA,VIS_IFG,VIS_VWFA
AUD_AWFA,1.0,0.83982706,0.31568563,0.45239177,0.08009949,0.037744146
AWFA_p-e09,0.83982706,1.0,0.28857657,0.40325224,0.052724965,-0.0022256714
BIG_OWFA,0.31568563,0.28857657,1.0,0.35118514,0.24782696,0.1938339
SYL_mAWFA,0.45239177,0.40325224,0.35118514,1.0,0.32388338,0.25642124
VIS_IFG,0.08009949,0.052724965,0.24782696,0.32388338,1.0,0.31500152
VIS_VWFA,0.037744146,-0.0022256714,0.1938339,0.25642124,0.31500152,1.0
