,AUD_AWFA,AWFA_p-e09,BIG_OWFA,SYL_mAWFA,VIS_IFG,VIS_VWFA
AUD_AWFA,1.0,0.7875008,0.32900524,0.3850176,0.6234303,0.59749615
AWFA_p-e09,0.7875008,1.0,0.25146657,0.3419691,0.55570817,0.48554763
BIG_OWFA,0.32900524,0.25146657,1.0,0.11387399,0.23466627,0.3934336
SYL_mAWFA,0.3850176,0.3419691,0.11387399,1.0,0.15413707,-0.045531794
VIS_IFG,0.6234303,0.55570817,0.23466627,0.15413707,1.0,0.7107496
VIS_VWFA,0.59749615,0.48554763,0.3934336,-0.045531794,0.7107496,1.0
