,AUD_AWFA,AWFA_p-e09,BIG_OWFA,SYL_mAWFA,VIS_IFG,VIS_VWFA
AUD_AWFA,1.0,0.90512466,0.23059388,0.6005558,0.43992543,0.2372699
AWFA_p-e09,0.90512466,1.0,0.19365546,0.47965124,0.32810426,0.17463027
BIG_OWFA,0.23059388,0.19365546,1.0,0.41338664,0.32007888,0.46044636
SYL_mAWFA,0.6005558,0.47965124,0.41338664,1.0,0.60692763,0.52962124
VIS_IFG,0.43992543,0.32810426,0.32007888,0.60692763,1.0,0.6806136
VIS_VWFA,0.2372699,0.17463027,0.46044636,0.52962124,0.6806136,1.0
