,cluster_1,cluster_2,cluster_3,cluster_4,cluster_5,cluster_6,cluster_7
cluster_1,1.0,0.40018407,0.50207996,0.53621453,0.37977856,0.31444648,0.47957698
cluster_2,0.40018407,1.0,0.4426991,0.452444,0.4305128,0.08388057,0.37247524
cluster_3,0.50207996,0.4426991,1.0,0.43408296,0.33280492,0.16484411,0.2563319
cluster_4,0.53621453,0.452444,0.43408296,1.0,0.32635528,0.17511353,0.24064085
cluster_5,0.37977856,0.4305128,0.33280492,0.32635528,1.0,0.1659767,0.18930575
cluster_6,0.31444648,0.08388057,0.16484411,0.17511353,0.1659767,1.0,0.3537757
cluster_7,0.47957698,0.37247524,0.2563319,0.24064085,0.18930575,0.3537757,1.0
