,AUD_AWFA,AWFA_p-e09,BIG_OWFA,SYL_mAWFA,VIS_IFG,VIS_VWFA
AUD_AWFA,1.0,0.9059829,0.12529653,0.5847609,0.6078196,0.40472102
AWFA_p-e09,0.9059829,1.0,0.15978146,0.50319576,0.6960264,0.36142927
BIG_OWFA,0.12529653,0.15978146,1.0,0.18127845,0.2688191,0.40789273
SYL_mAWFA,0.5847609,0.50319576,0.18127845,1.0,0.49698433,0.5477107
VIS_IFG,0.6078196,0.6960264,0.2688191,0.49698433,1.0,0.54662645
VIS_VWFA,0.40472102,0.36142927,0.40789273,0.5477107,0.54662645,1.0
