,AUD_AWFA,AWFA_p-e09,BIG_OWFA,SYL_mAWFA,VIS_IFG,VIS_VWFA,mAWFA_p-e09
AUD_AWFA,1.0,0.8965455,0.5090116,0.7272554,0.5934991,0.6078667,0.6689689
AWFA_p-e09,0.8965455,1.0,0.48366553,0.66973966,0.57991755,0.60293585,0.6238456
BIG_OWFA,0.5090116,0.48366553,1.0,0.61262655,0.5274962,0.75452214,0.5172057
SYL_mAWFA,0.7272554,0.66973966,0.61262655,1.0,0.66776633,0.63791025,0.8943283
VIS_IFG,0.5934991,0.57991755,0.5274962,0.66776633,1.0,0.614459,0.5907324
VIS_VWFA,0.6078667,0.60293585,0.75452214,0.63791025,0.614459,1.0,0.5766695
mAWFA_p-e09,0.6689689,0.6238456,0.5172057,0.8943283,0.5907324,0.5766695,1.0
