,AUD_AWFA,AWFA_p-e09,BIG_OWFA,SYL_mAWFA,VIS_IFG,VIS_VWFA
AUD_AWFA,1.0,0.9576014,0.4771702,0.63618976,0.6326137,0.5755081
AWFA_p-e09,0.9576014,1.0,0.48703033,0.6465369,0.6608309,0.572431
BIG_OWFA,0.4771702,0.48703033,1.0,0.37803444,0.54410154,0.70562387
SYL_mAWFA,0.63618976,0.6465369,0.37803444,1.0,0.61069906,0.3511978
VIS_IFG,0.6326137,0.6608309,0.54410154,0.61069906,1.0,0.68031424
VIS_VWFA,0.5755081,0.572431,0.70562387,0.3511978,0.68031424,1.0
