,AUD_AWFA,AWFA_p-e09,BIG_OWFA,SYL_mAWFA,VIS_IFG,VIS_VWFA,mAWFA_p-e09
AUD_AWFA,1.0,0.921164,0.18951005,0.7432036,0.7294406,0.48473457,0.6664115
AWFA_p-e09,0.921164,1.0,0.12171734,0.6601287,0.6723508,0.4217706,0.60299164
BIG_OWFA,0.18951005,0.12171734,1.0,0.39394116,0.21102102,0.29584497,0.27877882
SYL_mAWFA,0.7432036,0.6601287,0.39394116,1.0,0.74109805,0.54944384,0.9087811
VIS_IFG,0.7294406,0.6723508,0.21102102,0.74109805,1.0,0.5815984,0.6438971
VIS_VWFA,0.48473457,0.4217706,0.29584497,0.54944384,0.5815984,1.0,0.46183062
mAWFA_p-e09,0.6664115,0.60299164,0.27877882,0.9087811,0.6438971,0.46183062,1.0
