,AUD_AWFA,AWFA_p-e09,BIG_OWFA,SYL_mAWFA,VIS_IFG,VIS_VWFA
AUD_AWFA,1.0,0.8888068,0.40986693,0.7448736,0.6868877,0.50487113
AWFA_p-e09,0.8888068,1.0,0.38973835,0.5913583,0.542509,0.45228875
BIG_OWFA,0.40986693,0.38973835,1.0,0.38419363,0.25514477,0.54291564
SYL_mAWFA,0.7448736,0.5913583,0.38419363,1.0,0.76115143,0.4799204
VIS_IFG,0.6868877,0.542509,0.25514477,0.76115143,1.0,0.4953905
VIS_VWFA,0.50487113,0.45228875,0.54291564,0.4799204,0.4953905,1.0
