,AUD_AWFA,BIG_OWFA,SYL_mAWFA,VIS_IFG,VIS_VWFA
AUD_AWFA,1.0,0.5072797,0.70172185,0.6816319,0.61354643
BIG_OWFA,0.5072797,1.0,0.29372367,0.39134446,0.6106959
SYL_mAWFA,0.70172185,0.29372367,1.0,0.63700587,0.38515136
VIS_IFG,0.6816319,0.39134446,0.63700587,1.0,0.6403782
VIS_VWFA,0.61354643,0.6106959,0.38515136,0.6403782,1.0
