,AUD_AWFA,AWFA_p-e09,BIG_OWFA,SYL_mAWFA,VIS_IFG,VIS_VWFA,mAWFA_p-e09
AUD_AWFA,1.0,0.90668803,0.228069,0.82654095,0.35411775,0.51062524,0.7912582
AWFA_p-e09,0.90668803,1.0,0.2131139,0.7483059,0.4356727,0.49172404,0.72456676
BIG_OWFA,0.228069,0.2131139,1.0,0.16402864,0.14874427,0.3497369,0.13525619
SYL_mAWFA,0.82654095,0.7483059,0.16402864,1.0,0.30182138,0.62355626,0.9664338
VIS_IFG,0.35411775,0.4356727,0.14874427,0.30182138,1.0,0.3662418,0.25177646
VIS_VWFA,0.51062524,0.49172404,0.3497369,0.62355626,0.3662418,1.0,0.59388894
mAWFA_p-e09,0.7912582,0.72456676,0.13525619,0.9664338,0.25177646,0.59388894,1.0
