,AUD_AWFA,AWFA_p-e09,BIG_OWFA,SYL_mAWFA,VIS_IFG,VIS_VWFA
AUD_AWFA,1.0,0.80026394,-0.08453613,0.24602313,0.2868004,0.16561966
AWFA_p-e09,0.80026394,1.0,-0.086793646,0.23483585,0.27593166,0.26027963
BIG_OWFA,-0.08453613,-0.086793646,1.0,0.07004254,-0.10129489,0.20248479
SYL_mAWFA,0.24602313,0.23483585,0.07004254,1.0,0.38054505,0.42616135
VIS_IFG,0.2868004,0.27593166,-0.10129489,0.38054505,1.0,0.4630568
VIS_VWFA,0.16561966,0.26027963,0.20248479,0.42616135,0.4630568,1.0
