,AUD_AWFA,BIG_OWFA,SYL_mAWFA,VIS_IFG,VIS_VWFA
AUD_AWFA,1.0,0.18271288,0.5553559,0.46142316,0.3631637
BIG_OWFA,0.18271288,1.0,0.4808087,0.20317177,0.46504155
SYL_mAWFA,0.5553559,0.4808087,1.0,0.5407657,0.519817
VIS_IFG,0.46142316,0.20317177,0.5407657,1.0,0.5819652
VIS_VWFA,0.3631637,0.46504155,0.519817,0.5819652,1.0
