,AUD_AWFA,AWFA_p-e09,BIG_OWFA,SYL_mAWFA,VIS_IFG,VIS_VWFA
AUD_AWFA,1.0,0.8714252,0.28333166,0.6633515,0.45203763,0.5772982
AWFA_p-e09,0.8714252,1.0,0.31346196,0.55573404,0.2876677,0.5529997
BIG_OWFA,0.28333166,0.31346196,1.0,0.2879197,0.16359644,0.46755913
SYL_mAWFA,0.6633515,0.55573404,0.2879197,1.0,0.45415542,0.57234263
VIS_IFG,0.45203763,0.2876677,0.16359644,0.45415542,1.0,0.4647558
VIS_VWFA,0.5772982,0.5529997,0.46755913,0.57234263,0.4647558,1.0
