,AUD_AWFA,AWFA_p-e09,BIG_OWFA,SYL_mAWFA,VIS_IFG,VIS_VWFA,mAWFA_p-e09
AUD_AWFA,1.0,0.87140083,0.24258584,0.6919842,0.58929175,0.3277499,0.647014
AWFA_p-e09,0.87140083,1.0,0.23702374,0.6395971,0.5503206,0.27159467,0.62225926
BIG_OWFA,0.24258584,0.23702374,1.0,0.19430597,0.35569733,0.3212354,0.18440184
SYL_mAWFA,0.6919842,0.6395971,0.19430597,1.0,0.54730076,0.34538668,0.9073906
VIS_IFG,0.58929175,0.5503206,0.35569733,0.54730076,1.0,0.3357838,0.49485812
VIS_VWFA,0.3277499,0.27159467,0.3212354,0.34538668,0.3357838,1.0,0.30869102
mAWFA_p-e09,0.647014,0.62225926,0.18440184,0.9073906,0.49485812,0.30869102,1.0
