,AUD_AWFA,AWFA_p-e09,BIG_OWFA,SYL_mAWFA,VIS_IFG,VIS_VWFA
AUD_AWFA,1.0,0.9014102,0.6389504,0.8186316,0.60572064,0.6438404
AWFA_p-e09,0.9014102,1.0,0.6055808,0.73829836,0.58862644,0.6410388
BIG_OWFA,0.6389504,0.6055808,1.0,0.61595964,0.4439084,0.6314376
SYL_mAWFA,0.8186316,0.73829836,0.61595964,1.0,0.6738214,0.62804025
VIS_IFG,0.60572064,0.58862644,0.4439084,0.6738214,1.0,0.623455
VIS_VWFA,0.6438404,0.6410388,0.6314376,0.62804025,0.623455,1.0
