,AUD_AWFA,AWFA_p-e09,BIG_OWFA,SYL_mAWFA,VIS_IFG,VIS_VWFA
AUD_AWFA,1.0,0.9272826,-0.018703496,0.7101951,0.4593072,0.412442
AWFA_p-e09,0.9272826,1.0,-0.013351653,0.585728,0.3992184,0.35191613
BIG_OWFA,-0.018703496,-0.013351653,1.0,-0.0054598264,0.3519461,0.3411709
SYL_mAWFA,0.7101951,0.585728,-0.0054598264,1.0,0.48136416,0.48492536
VIS_IFG,0.4593072,0.3992184,0.3519461,0.48136416,1.0,0.5213706
VIS_VWFA,0.412442,0.35191613,0.3411709,0.48492536,0.5213706,1.0
