,AUD_AWFA,AWFA_p-e09,BIG_OWFA,SYL_mAWFA,VIS_IFG,VIS_VWFA
AUD_AWFA,1.0,0.813025,0.1471177,0.44156513,0.42366323,0.2679218
AWFA_p-e09,0.813025,1.0,0.056545235,0.39891276,0.44608107,0.317332
BIG_OWFA,0.1471177,0.056545235,1.0,0.42888254,0.11912142,0.3063701
SYL_mAWFA,0.44156513,0.39891276,0.42888254,1.0,0.24274288,0.35030127
VIS_IFG,0.42366323,0.44608107,0.11912142,0.24274288,1.0,0.35112536
VIS_VWFA,0.2679218,0.317332,0.3063701,0.35030127,0.35112536,1.0
