,AUD_AWFA,BIG_OWFA,SYL_mAWFA,VIS_IFG,VIS_VWFA
AUD_AWFA,1.0,0.23215774,0.3390088,0.58628476,0.20728053
BIG_OWFA,0.23215774,1.0,-0.18296356,0.122257106,0.45534587
SYL_mAWFA,0.3390088,-0.18296356,1.0,0.43351665,-0.114123784
VIS_IFG,0.58628476,0.122257106,0.43351665,1.0,0.34269702
VIS_VWFA,0.20728053,0.45534587,-0.114123784,0.34269702,1.0
