,AUD_AWFA,BIG_OWFA,SYL_mAWFA,VIS_IFG,VIS_VWFA
AUD_AWFA,1.0,0.07727318,0.4503898,0.6326528,0.3784926
BIG_OWFA,0.07727318,1.0,-0.2411811,0.078441255,0.39875364
SYL_mAWFA,0.4503898,-0.2411811,1.0,0.30133855,0.01972303
VIS_IFG,0.6326528,0.078441255,0.30133855,1.0,0.49767146
VIS_VWFA,0.3784926,0.39875364,0.01972303,0.49767146,1.0
