,AUD_AWFA,BIG_OWFA,SYL_mAWFA,VIS_IFG,VIS_VWFA
AUD_AWFA,1.0,0.48358214,0.66534525,0.71578735,0.5771302
BIG_OWFA,0.48358214,1.0,0.42404795,0.54939556,0.55567604
SYL_mAWFA,0.66534525,0.42404795,1.0,0.69760233,0.5980857
VIS_IFG,0.71578735,0.54939556,0.69760233,1.0,0.675612
VIS_VWFA,0.5771302,0.55567604,0.5980857,0.675612,1.0
