,AUD_AWFA,AWFA_p-e09,BIG_OWFA,SYL_mAWFA,VIS_IFG,VIS_VWFA,mAWFA_p-e09
AUD_AWFA,1.0,0.9263299,0.1203508,0.51548827,0.59833944,0.16541071,0.43654937
AWFA_p-e09,0.9263299,1.0,0.019762948,0.45827577,0.5270302,0.057678226,0.39590144
BIG_OWFA,0.1203508,0.019762948,1.0,-0.020831725,0.25611654,0.6270246,-0.10151509
SYL_mAWFA,0.51548827,0.45827577,-0.020831725,1.0,0.28729615,0.14434525,0.9483863
VIS_IFG,0.59833944,0.5270302,0.25611654,0.28729615,1.0,0.43965214,0.18164487
VIS_VWFA,0.16541071,0.057678226,0.6270246,0.14434525,0.43965214,1.0,0.063553646
mAWFA_p-e09,0.43654937,0.39590144,-0.10151509,0.9483863,0.18164487,0.063553646,1.0
