,AUD_AWFA,AWFA_p-e09,BIG_OWFA,SYL_mAWFA,VIS_IFG,VIS_VWFA
AUD_AWFA,1.0,0.84608674,0.38932827,0.6820826,0.38614658,0.458997
AWFA_p-e09,0.84608674,1.0,0.30783194,0.54666924,0.30504572,0.35473564
BIG_OWFA,0.38932827,0.30783194,1.0,0.45836094,0.29648528,0.40587536
SYL_mAWFA,0.6820826,0.54666924,0.45836094,1.0,0.31565794,0.561448
VIS_IFG,0.38614658,0.30504572,0.29648528,0.31565794,1.0,0.4970311
VIS_VWFA,0.458997,0.35473564,0.40587536,0.561448,0.4970311,1.0
