,cluster_1,cluster_2,cluster_3,cluster_4,cluster_5,cluster_6,cluster_7
cluster_1,1.0,0.35894883,0.6052985,0.6756678,0.34991524,0.6555659,0.73973686
cluster_2,0.35894883,1.0,0.33426803,0.56762135,0.073317684,0.2559339,0.23089613
cluster_3,0.6052985,0.33426803,1.0,0.5180189,0.26749533,0.46405515,0.53790045
cluster_4,0.6756678,0.56762135,0.5180189,1.0,0.19505602,0.50645924,0.43442893
cluster_5,0.34991524,0.073317684,0.26749533,0.19505602,1.0,0.31015393,0.4487456
cluster_6,0.6555659,0.2559339,0.46405515,0.50645924,0.31015393,1.0,0.48403305
cluster_7,0.73973686,0.23089613,0.53790045,0.43442893,0.4487456,0.48403305,1.0
