,AUD_AWFA,AWFA_p-e09,BIG_OWFA,SYL_mAWFA,VIS_IFG,VIS_VWFA
AUD_AWFA,1.0,0.860777,0.14070067,0.68470657,0.16684176,0.3285986
AWFA_p-e09,0.860777,1.0,0.16164003,0.5803903,0.09708573,0.31618476
BIG_OWFA,0.14070067,0.16164003,1.0,0.28759328,0.13888915,0.4953119
SYL_mAWFA,0.68470657,0.5803903,0.28759328,1.0,0.22161107,0.5361592
VIS_IFG,0.16684176,0.09708573,0.13888915,0.22161107,1.0,0.28711942
VIS_VWFA,0.3285986,0.31618476,0.4953119,0.5361592,0.28711942,1.0
