,AUD_AWFA,BIG_OWFA,SYL_mAWFA,VIS_IFG,VIS_VWFA
AUD_AWFA,1.0,0.41917497,0.5000145,0.5013037,0.4405247
BIG_OWFA,0.41917497,1.0,0.37612286,0.33689335,0.50762445
SYL_mAWFA,0.5000145,0.37612286,1.0,0.30397734,0.39273274
VIS_IFG,0.5013037,0.33689335,0.30397734,1.0,0.49138498
VIS_VWFA,0.4405247,0.50762445,0.39273274,0.49138498,1.0
