,AUD_AWFA,AWFA_p-e09,BIG_OWFA,SYL_mAWFA,VIS_IFG,VIS_VWFA
AUD_AWFA,1.0,0.9124266,0.27440968,0.4762985,0.70756334,0.47156128
AWFA_p-e09,0.9124266,1.0,0.2086679,0.3967783,0.59507143,0.40160328
BIG_OWFA,0.27440968,0.2086679,1.0,-0.05227963,0.30220687,0.40248483
SYL_mAWFA,0.4762985,0.3967783,-0.05227963,1.0,0.42580572,0.07290669
VIS_IFG,0.70756334,0.59507143,0.30220687,0.42580572,1.0,0.440853
VIS_VWFA,0.47156128,0.40160328,0.40248483,0.07290669,0.440853,1.0
