,AUD_AWFA,AWFA_p-e09,BIG_OWFA,SYL_mAWFA,VIS_IFG,VIS_VWFA,mAWFA_p-e09
AUD_AWFA,1.0,0.91931856,0.31600028,0.64229774,0.5308639,0.42667523,0.6715726
AWFA_p-e09,0.91931856,1.0,0.28595513,0.5895524,0.5061224,0.3858243,0.6570387
BIG_OWFA,0.31600028,0.28595513,1.0,0.36475125,0.2929133,0.5041621,0.36936325
SYL_mAWFA,0.64229774,0.5895524,0.36475125,1.0,0.63398504,0.6802555,0.830293
VIS_IFG,0.5308639,0.5061224,0.2929133,0.63398504,1.0,0.52996325,0.54891765
VIS_VWFA,0.42667523,0.3858243,0.5041621,0.6802555,0.52996325,1.0,0.5889177
mAWFA_p-e09,0.6715726,0.6570387,0.36936325,0.830293,0.54891765,0.5889177,1.0
