,AUD_AWFA,AWFA_p-e09,BIG_OWFA,SYL_mAWFA,VIS_IFG,VIS_VWFA
AUD_AWFA,1.0,0.888264,0.42017025,0.50120175,0.502494,0.44157067
AWFA_p-e09,0.888264,1.0,0.35855237,0.39560992,0.47894442,0.33857873
BIG_OWFA,0.42017025,0.35855237,1.0,0.37701592,0.33769327,0.5088297
SYL_mAWFA,0.50120175,0.39560992,0.37701592,1.0,0.3046991,0.39366525
VIS_IFG,0.502494,0.47894442,0.33769327,0.3046991,1.0,0.4925517
VIS_VWFA,0.44157067,0.33857873,0.5088297,0.39366525,0.4925517,1.0
