,AUD_AWFA,BIG_OWFA,SYL_mAWFA,VIS_IFG,VIS_VWFA
AUD_AWFA,1.0,0.34832513,0.62418944,0.5780347,0.44555458
BIG_OWFA,0.34832513,1.0,0.3750715,0.48195934,0.47083429
SYL_mAWFA,0.62418944,0.3750715,1.0,0.5225198,0.7440487
VIS_IFG,0.5780347,0.48195934,0.5225198,1.0,0.4434965
VIS_VWFA,0.44555458,0.47083429,0.7440487,0.4434965,1.0
