,AUD_AWFA,AWFA_p-e09,BIG_OWFA,SYL_mAWFA,VIS_IFG,VIS_VWFA,mAWFA_p-e09
AUD_AWFA,1.0,0.9251704,0.3428934,0.39926964,0.6295234,0.42211264,0.016206073
AWFA_p-e09,0.9251704,1.0,0.36936587,0.38112164,0.6374323,0.41806757,0.031424437
BIG_OWFA,0.3428934,0.36936587,1.0,0.4622609,0.2151932,0.62857753,0.39133656
SYL_mAWFA,0.39926964,0.38112164,0.4622609,1.0,0.20772284,0.51421297,0.72974074
VIS_IFG,0.6295234,0.6374323,0.2151932,0.20772284,1.0,0.42924148,-0.20896049
VIS_VWFA,0.42211264,0.41806757,0.62857753,0.51421297,0.42924148,1.0,0.32407445
mAWFA_p-e09,0.016206073,0.031424437,0.39133656,0.72974074,-0.20896049,0.32407445,1.0
