,AUD_AWFA,BIG_OWFA,SYL_mAWFA,VIS_IFG,VIS_VWFA
AUD_AWFA,1.0,0.25226048,0.58375895,0.51033044,0.3522446
BIG_OWFA,0.25226048,1.0,0.33520353,0.43258962,0.39407542
SYL_mAWFA,0.58375895,0.33520353,1.0,0.6038106,0.46496284
VIS_IFG,0.51033044,0.43258962,0.6038106,1.0,0.5529707
VIS_VWFA,0.3522446,0.39407542,0.46496284,0.5529707,1.0
