,AUD_AWFA,BIG_OWFA,SYL_mAWFA,VIS_IFG,VIS_VWFA
AUD_AWFA,1.0,0.26172897,0.47855863,0.44209227,0.26302868
BIG_OWFA,0.26172897,1.0,0.4275686,0.267682,0.36669472
SYL_mAWFA,0.47855863,0.4275686,1.0,0.6461338,0.44582543
VIS_IFG,0.44209227,0.267682,0.6461338,1.0,0.4090244
VIS_VWFA,0.26302868,0.36669472,0.44582543,0.4090244,1.0
