,AUD_AWFA,AWFA_p-e09,BIG_OWFA,SYL_mAWFA,VIS_IFG,VIS_VWFA
AUD_AWFA,1.0,0.8145292,0.260725,0.6685739,0.44113767,0.32947186
AWFA_p-e09,0.8145292,1.0,0.1336319,0.6135338,0.37932506,0.20343964
BIG_OWFA,0.260725,0.1336319,1.0,0.3166368,0.18986946,0.25270972
SYL_mAWFA,0.6685739,0.6135338,0.3166368,1.0,0.6073734,0.355066
VIS_IFG,0.44113767,0.37932506,0.18986946,0.6073734,1.0,0.58167905
VIS_VWFA,0.32947186,0.20343964,0.25270972,0.355066,0.58167905,1.0
