,AUD_AWFA,AWFA_p-e09,BIG_OWFA,SYL_mAWFA,VIS_IFG,VIS_VWFA
AUD_AWFA,1.0,0.8998783,0.3685736,0.43277073,0.5006107,0.4476423
AWFA_p-e09,0.8998783,1.0,0.31714758,0.38062468,0.36533338,0.43554187
BIG_OWFA,0.3685736,0.31714758,1.0,0.01735512,0.29383814,0.46568552
SYL_mAWFA,0.43277073,0.38062468,0.01735512,1.0,0.19894955,0.16709675
VIS_IFG,0.5006107,0.36533338,0.29383814,0.19894955,1.0,0.5671722
VIS_VWFA,0.4476423,0.43554187,0.46568552,0.16709675,0.5671722,1.0
