,AUD_AWFA,AWFA_p-e09,BIG_OWFA,SYL_mAWFA,VIS_IFG,VIS_VWFA,mAWFA_p-e09
AUD_AWFA,1.0,0.85931665,0.4432775,0.52731717,0.36436862,0.41931283,0.41745776
AWFA_p-e09,0.85931665,1.0,0.41458076,0.41162872,0.36953917,0.34435454,0.30014983
BIG_OWFA,0.4432775,0.41458076,1.0,0.49931544,0.46330222,0.6800331,0.40969712
SYL_mAWFA,0.52731717,0.41162872,0.49931544,1.0,0.50214434,0.45303088,0.8643323
VIS_IFG,0.36436862,0.36953917,0.46330222,0.50214434,1.0,0.29892752,0.42104053
VIS_VWFA,0.41931283,0.34435454,0.6800331,0.45303088,0.29892752,1.0,0.40235615
mAWFA_p-e09,0.41745776,0.30014983,0.40969712,0.8643323,0.42104053,0.40235615,1.0
