,AUD_AWFA,AWFA_p-e09,BIG_OWFA,SYL_mAWFA,VIS_IFG,VIS_VWFA
AUD_AWFA,1.0,0.90544796,0.32667494,0.538103,0.6986382,0.4666882
AWFA_p-e09,0.90544796,1.0,0.32903224,0.5452097,0.6968678,0.49595612
BIG_OWFA,0.32667494,0.32903224,1.0,-0.11168425,0.2644017,0.61470896
SYL_mAWFA,0.538103,0.5452097,-0.11168425,1.0,0.4995569,0.13530515
VIS_IFG,0.6986382,0.6968678,0.2644017,0.4995569,1.0,0.45935237
VIS_VWFA,0.4666882,0.49595612,0.61470896,0.13530515,0.45935237,1.0
