,AUD_AWFA,AWFA_p-e09,BIG_OWFA,SYL_mAWFA,VIS_IFG,VIS_VWFA
AUD_AWFA,1.0,0.86041284,0.49091035,0.73379356,0.6559151,0.5939138
AWFA_p-e09,0.86041284,1.0,0.4086976,0.5896522,0.5814396,0.5208711
BIG_OWFA,0.49091035,0.4086976,1.0,0.47438136,0.5062666,0.6388115
SYL_mAWFA,0.73379356,0.5896522,0.47438136,1.0,0.65111536,0.4940375
VIS_IFG,0.6559151,0.5814396,0.5062666,0.65111536,1.0,0.6498622
VIS_VWFA,0.5939138,0.5208711,0.6388115,0.4940375,0.6498622,1.0
