,cluster_1,cluster_2,cluster_3,cluster_4,cluster_5,cluster_6,cluster_7
cluster_1,1.0,0.6614427,0.47247735,0.68327963,0.40231255,0.3845149,0.65187156
cluster_2,0.6614427,1.0,0.35912737,0.58912003,0.52428305,0.31525773,0.43481663
cluster_3,0.47247735,0.35912737,1.0,0.5249953,0.26133782,0.29605293,0.38326153
cluster_4,0.68327963,0.58912003,0.5249953,1.0,0.3374875,0.360176,0.5291327
cluster_5,0.40231255,0.52428305,0.26133782,0.3374875,1.0,0.20580727,0.30558196
cluster_6,0.3845149,0.31525773,0.29605293,0.360176,0.20580727,1.0,0.4296327
cluster_7,0.65187156,0.43481663,0.38326153,0.5291327,0.30558196,0.4296327,1.0
