,AUD_AWFA,AWFA_p-e09,BIG_OWFA,SYL_mAWFA,VIS_IFG,VIS_VWFA
AUD_AWFA,1.0,0.8874053,0.28653055,0.5247314,0.5634138,0.37671703
AWFA_p-e09,0.8874053,1.0,0.28020826,0.5353644,0.6267554,0.36327985
BIG_OWFA,0.28653055,0.28020826,1.0,-0.07298683,0.3369365,0.7296076
SYL_mAWFA,0.5247314,0.5353644,-0.07298683,1.0,0.23175882,-0.08007511
VIS_IFG,0.5634138,0.6267554,0.3369365,0.23175882,1.0,0.4363323
VIS_VWFA,0.37671703,0.36327985,0.7296076,-0.08007511,0.4363323,1.0
