,AUD_AWFA,AWFA_p-e09,BIG_OWFA,SYL_mAWFA,VIS_IFG,VIS_VWFA
AUD_AWFA,1.0,0.84203184,0.37949175,0.63164985,0.25385132,0.38462412
AWFA_p-e09,0.84203184,1.0,0.33115852,0.6285769,0.26937598,0.37499198
BIG_OWFA,0.37949175,0.33115852,1.0,0.58376366,0.21892194,0.7061712
SYL_mAWFA,0.63164985,0.6285769,0.58376366,1.0,0.25452963,0.6069737
VIS_IFG,0.25385132,0.26937598,0.21892194,0.25452963,1.0,0.26659617
VIS_VWFA,0.38462412,0.37499198,0.7061712,0.6069737,0.26659617,1.0
