,AUD_AWFA,AWFA_p-e09,BIG_OWFA,SYL_mAWFA,VIS_IFG,VIS_VWFA,mAWFA_p-e09
AUD_AWFA,1.0,0.95921695,0.26629877,0.82000655,0.6041967,0.43870792,0.75642234
AWFA_p-e09,0.95921695,1.0,0.21437138,0.7988044,0.5656601,0.4165543,0.73899716
BIG_OWFA,0.26629877,0.21437138,1.0,0.4291941,0.3603633,0.6910623,0.3865657
SYL_mAWFA,0.82000655,0.7988044,0.4291941,1.0,0.7215499,0.59595746,0.94482476
VIS_IFG,0.6041967,0.5656601,0.3603633,0.7215499,1.0,0.58860546,0.66594726
VIS_VWFA,0.43870792,0.4165543,0.6910623,0.59595746,0.58860546,1.0,0.5366919
mAWFA_p-e09,0.75642234,0.73899716,0.3865657,0.94482476,0.66594726,0.5366919,1.0
