,AUD_AWFA,AWFA_p-e09,BIG_OWFA,SYL_mAWFA,VIS_IFG,VIS_VWFA
AUD_AWFA,1.0,0.9404945,0.20407636,0.5851378,0.5921821,0.5883331
AWFA_p-e09,0.9404945,1.0,0.17953117,0.5607405,0.55701315,0.54290074
BIG_OWFA,0.20407636,0.17953117,1.0,0.2177795,0.22217824,0.26437867
SYL_mAWFA,0.5851378,0.5607405,0.2177795,1.0,0.34585094,0.58631146
VIS_IFG,0.5921821,0.55701315,0.22217824,0.34585094,1.0,0.39974958
VIS_VWFA,0.5883331,0.54290074,0.26437867,0.58631146,0.39974958,1.0
