,AUD_AWFA,BIG_OWFA,SYL_mAWFA,VIS_IFG,VIS_VWFA
AUD_AWFA,1.0,0.3215491,0.74160194,0.77924395,0.7061057
BIG_OWFA,0.3215491,1.0,0.33989608,0.3426789,0.5450067
SYL_mAWFA,0.74160194,0.33989608,1.0,0.67337036,0.6626415
VIS_IFG,0.77924395,0.3426789,0.67337036,1.0,0.7100667
VIS_VWFA,0.7061057,0.5450067,0.6626415,0.7100667,1.0
