,AUD_AWFA,AWFA_p-e09,BIG_OWFA,SYL_mAWFA,VIS_IFG,VIS_VWFA,mAWFA_p-e09
AUD_AWFA,1.0,0.7679907,0.24387686,0.60073864,0.24991836,0.0769479,0.6191418
AWFA_p-e09,0.7679907,1.0,0.14843467,0.42539462,0.37155557,0.13973054,0.3640631
BIG_OWFA,0.24387686,0.14843467,1.0,0.29552618,0.10753572,0.30968255,0.33540857
SYL_mAWFA,0.60073864,0.42539462,0.29552618,1.0,0.2714587,0.060679268,0.8424451
VIS_IFG,0.24991836,0.37155557,0.10753572,0.2714587,1.0,0.35224763,0.21065298
VIS_VWFA,0.0769479,0.13973054,0.30968255,0.060679268,0.35224763,1.0,0.059086446
mAWFA_p-e09,0.6191418,0.3640631,0.33540857,0.8424451,0.21065298,0.059086446,1.0
