,AUD_AWFA,AWFA_p-e09,BIG_OWFA,SYL_mAWFA,VIS_IFG,VIS_VWFA,mAWFA_p-e09
AUD_AWFA,1.0,0.800118,0.23018335,0.49647173,0.51328444,0.46006674,0.43085474
AWFA_p-e09,0.800118,1.0,0.27780887,0.49070886,0.47233894,0.4700917,0.42613527
BIG_OWFA,0.23018335,0.27780887,1.0,0.27224526,0.060628984,0.5295659,0.16293922
SYL_mAWFA,0.49647173,0.49070886,0.27224526,1.0,0.3751256,0.49358752,0.84676707
VIS_IFG,0.51328444,0.47233894,0.060628984,0.3751256,1.0,0.33340216,0.33417448
VIS_VWFA,0.46006674,0.4700917,0.5295659,0.49358752,0.33340216,1.0,0.40877825
mAWFA_p-e09,0.43085474,0.42613527,0.16293922,0.84676707,0.33417448,0.40877825,1.0
