,AUD_AWFA,AWFA_p-e09,BIG_OWFA,SYL_mAWFA,VIS_IFG,VIS_VWFA
AUD_AWFA,1.0,0.81230754,0.45245898,0.66167355,0.45345482,0.43888456
AWFA_p-e09,0.81230754,1.0,0.3768345,0.58758634,0.32830927,0.3963143
BIG_OWFA,0.45245898,0.3768345,1.0,0.62892413,0.38522542,0.4871488
SYL_mAWFA,0.66167355,0.58758634,0.62892413,1.0,0.435455,0.58879215
VIS_IFG,0.45345482,0.32830927,0.38522542,0.435455,1.0,0.54631305
VIS_VWFA,0.43888456,0.3963143,0.4871488,0.58879215,0.54631305,1.0
