,cluster_1,cluster_2,cluster_3,cluster_4,cluster_5,cluster_6,cluster_7
cluster_1,1.0,0.7329252,0.6570043,0.46765417,0.6272832,0.37203464,0.6209368
cluster_2,0.7329252,1.0,0.53149503,0.5215983,0.4500114,0.305718,0.63109124
cluster_3,0.6570043,0.53149503,1.0,0.47613394,0.6291335,0.27806664,0.37422955
cluster_4,0.46765417,0.5215983,0.47613394,1.0,0.32184842,0.41553634,0.47006106
cluster_5,0.6272832,0.4500114,0.6291335,0.32184842,1.0,0.13976836,0.39027503
cluster_6,0.37203464,0.305718,0.27806664,0.41553634,0.13976836,1.0,0.45466504
cluster_7,0.6209368,0.63109124,0.37422955,0.47006106,0.39027503,0.45466504,1.0
