,AUD_AWFA,AWFA_p-e09,BIG_OWFA,SYL_mAWFA,VIS_IFG,VIS_VWFA
AUD_AWFA,1.0,0.8663037,0.289652,0.58226085,0.47992438,0.3790281
AWFA_p-e09,0.8663037,1.0,0.19266117,0.47143653,0.40934825,0.30988166
BIG_OWFA,0.289652,0.19266117,1.0,0.47377527,0.2201463,0.36768287
SYL_mAWFA,0.58226085,0.47143653,0.47377527,1.0,0.48898232,0.46543118
VIS_IFG,0.47992438,0.40934825,0.2201463,0.48898232,1.0,0.47614288
VIS_VWFA,0.3790281,0.30988166,0.36768287,0.46543118,0.47614288,1.0
