,AUD_AWFA,AWFA_p-e09,BIG_OWFA,SYL_mAWFA,VIS_IFG,VIS_VWFA
AUD_AWFA,1.0,0.8753349,0.35922992,0.6932429,0.55364764,0.46890095
AWFA_p-e09,0.8753349,1.0,0.32860535,0.5404075,0.4662322,0.38227633
BIG_OWFA,0.35922992,0.32860535,1.0,0.42285153,0.38245523,0.4661533
SYL_mAWFA,0.6932429,0.5404075,0.42285153,1.0,0.61580575,0.55229855
VIS_IFG,0.55364764,0.4662322,0.38245523,0.61580575,1.0,0.66322196
VIS_VWFA,0.46890095,0.38227633,0.4661533,0.55229855,0.66322196,1.0
