,AUD_AWFA,AWFA_p-e09,BIG_OWFA,SYL_mAWFA,VIS_IFG,VIS_VWFA,mAWFA_p-e09
AUD_AWFA,1.0,0.89607036,0.5707769,0.7413504,0.66482764,0.5991841,0.68451804
AWFA_p-e09,0.89607036,1.0,0.5388499,0.73226595,0.64353883,0.55136013,0.66597587
BIG_OWFA,0.5707769,0.5388499,1.0,0.5504014,0.4702723,0.685153,0.50660425
SYL_mAWFA,0.7413504,0.73226595,0.5504014,1.0,0.74047655,0.6029963,0.9150212
VIS_IFG,0.66482764,0.64353883,0.4702723,0.74047655,1.0,0.61639124,0.66829896
VIS_VWFA,0.5991841,0.55136013,0.685153,0.6029963,0.61639124,1.0,0.5599353
mAWFA_p-e09,0.68451804,0.66597587,0.50660425,0.9150212,0.66829896,0.5599353,1.0
