,AUD_AWFA,AWFA_p-e09,BIG_OWFA,SYL_mAWFA,VIS_IFG,VIS_VWFA
AUD_AWFA,1.0,0.76058644,0.24152562,0.5949469,0.24750887,0.076206036
AWFA_p-e09,0.76058644,1.0,0.14700359,0.42129335,0.3679734,0.13838339
BIG_OWFA,0.24152562,0.14700359,1.0,0.292677,0.10649896,0.30669686
SYL_mAWFA,0.5949469,0.42129335,0.292677,1.0,0.26884153,0.060094252
VIS_IFG,0.24750887,0.3679734,0.10649896,0.26884153,1.0,0.34885156
VIS_VWFA,0.076206036,0.13838339,0.30669686,0.060094252,0.34885156,1.0
