,AUD_AWFA,AWFA_p-e09,BIG_OWFA,SYL_mAWFA,VIS_IFG,VIS_VWFA,mAWFA_p-e09
AUD_AWFA,1.0,0.79331064,0.2591484,0.5390978,0.24788827,0.08651287,0.47170767
AWFA_p-e09,0.79331064,1.0,0.2513085,0.53033656,0.28644252,0.10315121,0.3942136
BIG_OWFA,0.2591484,0.2513085,1.0,0.2372412,0.23250428,0.20435676,0.09539589
SYL_mAWFA,0.5390978,0.53033656,0.2372412,1.0,0.22152062,0.36543697,0.8122786
VIS_IFG,0.24788827,0.28644252,0.23250428,0.22152062,1.0,0.3821355,0.17076711
VIS_VWFA,0.08651287,0.10315121,0.20435676,0.36543697,0.3821355,1.0,0.32240957
mAWFA_p-e09,0.47170767,0.3942136,0.09539589,0.8122786,0.17076711,0.32240957,1.0
