,AUD_AWFA,BIG_OWFA,SYL_mAWFA,VIS_IFG,VIS_VWFA
AUD_AWFA,1.0,0.24778916,0.64206856,0.56238747,0.5814228
BIG_OWFA,0.24778916,1.0,0.27353486,0.34215987,0.5445891
SYL_mAWFA,0.64206856,0.27353486,1.0,0.4841878,0.64704424
VIS_IFG,0.56238747,0.34215987,0.4841878,1.0,0.6248051
VIS_VWFA,0.5814228,0.5445891,0.64704424,0.6248051,1.0
