,AUD_AWFA,AWFA_p-e09,BIG_OWFA,SYL_mAWFA,VIS_IFG,VIS_VWFA,mAWFA_p-e09
AUD_AWFA,1.0,0.9248744,0.12864569,0.559863,0.54853266,0.3029168,0.5217399
AWFA_p-e09,0.9248744,1.0,0.16479269,0.47342774,0.46220884,0.26638758,0.4320518
BIG_OWFA,0.12864569,0.16479269,1.0,0.29571083,0.17905326,0.42737523,0.24386664
SYL_mAWFA,0.559863,0.47342774,0.29571083,1.0,0.63483304,0.6403989,0.9278525
VIS_IFG,0.54853266,0.46220884,0.17905326,0.63483304,1.0,0.5071141,0.53874886
VIS_VWFA,0.3029168,0.26638758,0.42737523,0.6403989,0.5071141,1.0,0.58283144
mAWFA_p-e09,0.5217399,0.4320518,0.24386664,0.9278525,0.53874886,0.58283144,1.0
