,AUD_AWFA,AWFA_p-e09,BIG_OWFA,SYL_mAWFA,VIS_IFG,VIS_VWFA,mAWFA_p-e09
AUD_AWFA,1.0,0.7877047,0.3666253,0.5528087,0.33611906,0.46491128,0.4140742
AWFA_p-e09,0.7877047,1.0,0.22548062,0.46655503,0.21100672,0.27864656,0.36665982
BIG_OWFA,0.3666253,0.22548062,1.0,0.43930247,0.21550746,0.34551358,0.19946279
SYL_mAWFA,0.5528087,0.46655503,0.43930247,1.0,0.3395415,0.35874444,0.73410386
VIS_IFG,0.33611906,0.21100672,0.21550746,0.3395415,1.0,0.48298338,0.24530114
VIS_VWFA,0.46491128,0.27864656,0.34551358,0.35874444,0.48298338,1.0,0.21818176
mAWFA_p-e09,0.4140742,0.36665982,0.19946279,0.73410386,0.24530114,0.21818176,1.0
