,AUD_AWFA,AWFA_p-e09,BIG_OWFA,SYL_mAWFA,VIS_IFG,VIS_VWFA
AUD_AWFA,1.0,0.88392,0.39566734,0.6328504,0.5587144,0.2554373
AWFA_p-e09,0.88392,1.0,0.3742106,0.6012233,0.5339967,0.26161152
BIG_OWFA,0.39566734,0.3742106,1.0,0.3482111,0.34360278,0.3367497
SYL_mAWFA,0.6328504,0.6012233,0.3482111,1.0,0.56616974,0.26189962
VIS_IFG,0.5587144,0.5339967,0.34360278,0.56616974,1.0,0.61580616
VIS_VWFA,0.2554373,0.26161152,0.3367497,0.26189962,0.61580616,1.0
