,AUD_AWFA,AWFA_p-e09,BIG_OWFA,SYL_mAWFA,VIS_IFG,VIS_VWFA
AUD_AWFA,1.0,0.8563485,0.12117774,0.36444104,0.6304461,0.42579573
AWFA_p-e09,0.8563485,1.0,0.22228162,0.23009613,0.51361406,0.4590785
BIG_OWFA,0.12117774,0.22228162,1.0,-0.3881695,0.12551449,0.6060683
SYL_mAWFA,0.36444104,0.23009613,-0.3881695,1.0,0.39513007,-0.23917924
VIS_IFG,0.6304461,0.51361406,0.12551449,0.39513007,1.0,0.33609188
VIS_VWFA,0.42579573,0.4590785,0.6060683,-0.23917924,0.33609188,1.0
