,AUD_AWFA,AWFA_p-e09,BIG_OWFA,SYL_mAWFA,VIS_IFG,VIS_VWFA
AUD_AWFA,1.0,0.83463776,0.30295363,0.51512456,0.26536566,0.22321104
AWFA_p-e09,0.83463776,1.0,0.23415436,0.4107821,0.19297306,0.22521053
BIG_OWFA,0.30295363,0.23415436,1.0,0.3604314,0.09611945,0.013329362
SYL_mAWFA,0.51512456,0.4107821,0.3604314,1.0,0.5012177,0.48800856
VIS_IFG,0.26536566,0.19297306,0.09611945,0.5012177,1.0,0.5442112
VIS_VWFA,0.22321104,0.22521053,0.013329362,0.48800856,0.5442112,1.0
