,AUD_AWFA,AWFA_p-e09,BIG_OWFA,SYL_mAWFA,VIS_IFG,VIS_VWFA,mAWFA_p-e09
AUD_AWFA,1.0,0.9000923,0.16245814,0.42808688,0.4273501,0.12867856,0.3009745
AWFA_p-e09,0.9000923,1.0,0.09642719,0.34637755,0.33095318,0.036572676,0.26924783
BIG_OWFA,0.16245814,0.09642719,1.0,0.38392583,0.10933907,0.26042822,0.27058467
SYL_mAWFA,0.42808688,0.34637755,0.38392583,1.0,0.5223662,0.34574366,0.69972986
VIS_IFG,0.4273501,0.33095318,0.10933907,0.5223662,1.0,0.29821077,0.3150479
VIS_VWFA,0.12867856,0.036572676,0.26042822,0.34574366,0.29821077,1.0,0.21363373
mAWFA_p-e09,0.3009745,0.26924783,0.27058467,0.69972986,0.3150479,0.21363373,1.0
