,AUD_AWFA,AWFA_p-e09,BIG_OWFA,SYL_mAWFA,VIS_IFG,VIS_VWFA
AUD_AWFA,1.0,0.89799106,0.13570431,0.43781835,0.4683846,0.13051577
AWFA_p-e09,0.89799106,1.0,0.11167176,0.34803277,0.42164648,0.12642807
BIG_OWFA,0.13570431,0.11167176,1.0,-0.25288832,0.21604362,0.74992436
SYL_mAWFA,0.43781835,0.34803277,-0.25288832,1.0,0.2100705,-0.29142475
VIS_IFG,0.4683846,0.42164648,0.21604362,0.2100705,1.0,0.44690904
VIS_VWFA,0.13051577,0.12642807,0.74992436,-0.29142475,0.44690904,1.0
