,AUD_AWFA,AWFA_p-e09,BIG_OWFA,SYL_mAWFA,VIS_IFG,VIS_VWFA
AUD_AWFA,1.0,0.89840764,0.18888168,0.5019832,0.40476722,0.28925472
AWFA_p-e09,0.89840764,1.0,0.13936593,0.41895384,0.24493153,0.21281034
BIG_OWFA,0.18888168,0.13936593,1.0,-0.04314389,0.24198589,0.5553025
SYL_mAWFA,0.5019832,0.41895384,-0.04314389,1.0,0.2293239,-0.14159998
VIS_IFG,0.40476722,0.24493153,0.24198589,0.2293239,1.0,0.5092236
VIS_VWFA,0.28925472,0.21281034,0.5553025,-0.14159998,0.5092236,1.0
