,AUD_AWFA,AWFA_p-e09,BIG_OWFA,SYL_mAWFA,VIS_IFG,VIS_VWFA
AUD_AWFA,1.0,0.860519,0.24812728,0.6429447,0.5631549,0.58221614
AWFA_p-e09,0.860519,1.0,0.24526551,0.5148064,0.6489253,0.54268104
BIG_OWFA,0.24812728,0.24526551,1.0,0.2739081,0.34262675,0.5453322
SYL_mAWFA,0.6429447,0.5148064,0.2739081,1.0,0.4848485,0.64792717
VIS_IFG,0.5631549,0.6489253,0.34262675,0.4848485,1.0,0.6256577
VIS_VWFA,0.58221614,0.54268104,0.5453322,0.64792717,0.6256577,1.0
