,AUD_AWFA,AWFA_p-e09,BIG_OWFA,SYL_mAWFA,VIS_IFG,VIS_VWFA,mAWFA_p-e09
AUD_AWFA,1.0,0.8724222,0.42802173,0.55321795,0.50068164,0.4916921,0.47025526
AWFA_p-e09,0.8724222,1.0,0.3579952,0.44810247,0.4737518,0.40233153,0.36539015
BIG_OWFA,0.42802173,0.3579952,1.0,0.45850873,0.36304963,0.36791477,0.38685584
SYL_mAWFA,0.55321795,0.44810247,0.45850873,1.0,0.47639868,0.44127613,0.8273956
VIS_IFG,0.50068164,0.4737518,0.36304963,0.47639868,1.0,0.57578623,0.41036478
VIS_VWFA,0.4916921,0.40233153,0.36791477,0.44127613,0.57578623,1.0,0.34835348
mAWFA_p-e09,0.47025526,0.36539015,0.38685584,0.8273956,0.41036478,0.34835348,1.0
