,AUD_AWFA,AWFA_p-e09,BIG_OWFA,SYL_mAWFA,VIS_IFG,VIS_VWFA,mAWFA_p-e09
AUD_AWFA,1.0,0.92406553,0.5486461,0.61039746,0.23523754,0.56906676,0.551512
AWFA_p-e09,0.92406553,1.0,0.49807715,0.57695895,0.24593715,0.5353711,0.5153105
BIG_OWFA,0.5486461,0.49807715,1.0,0.6504852,0.19152342,0.6099867,0.62671345
SYL_mAWFA,0.61039746,0.57695895,0.6504852,1.0,0.20755655,0.6795222,0.94017065
VIS_IFG,0.23523754,0.24593715,0.19152342,0.20755655,1.0,0.45327333,0.19136809
VIS_VWFA,0.56906676,0.5353711,0.6099867,0.6795222,0.45327333,1.0,0.6628401
mAWFA_p-e09,0.551512,0.5153105,0.62671345,0.94017065,0.19136809,0.6628401,1.0
