,AUD_AWFA,BIG_OWFA,SYL_mAWFA,VIS_IFG,VIS_VWFA
AUD_AWFA,1.0,0.2827899,0.30056745,0.51237434,0.40374908
BIG_OWFA,0.2827899,1.0,-0.21722135,0.36586282,0.6289878
SYL_mAWFA,0.30056745,-0.21722135,1.0,-0.02814279,-0.124037355
VIS_IFG,0.51237434,0.36586282,-0.02814279,1.0,0.44084835
VIS_VWFA,0.40374908,0.6289878,-0.124037355,0.44084835,1.0
