,AUD_AWFA,AWFA_p-e09,BIG_OWFA,SYL_mAWFA,VIS_IFG,VIS_VWFA
AUD_AWFA,1.0,0.88389647,0.5164938,0.6868505,0.42941034,0.6365917
AWFA_p-e09,0.88389647,1.0,0.3756326,0.5373871,0.42279223,0.5963923
BIG_OWFA,0.5164938,0.3756326,1.0,0.47080454,0.21860132,0.43327212
SYL_mAWFA,0.6868505,0.5373871,0.47080454,1.0,0.38368347,0.5963346
VIS_IFG,0.42941034,0.42279223,0.21860132,0.38368347,1.0,0.5366071
VIS_VWFA,0.6365917,0.5963923,0.43327212,0.5963346,0.5366071,1.0
