,AUD_AWFA,BIG_OWFA,SYL_mAWFA,VIS_IFG,VIS_VWFA
AUD_AWFA,1.0,0.11920264,0.5105704,0.5926312,0.16383268
BIG_OWFA,0.11920264,1.0,-0.020632988,0.25367317,0.6210427
SYL_mAWFA,0.5105704,-0.020632988,1.0,0.28455532,0.1429682
VIS_IFG,0.5926312,0.25367317,0.28455532,1.0,0.43545783
VIS_VWFA,0.16383268,0.6210427,0.1429682,0.43545783,1.0
