,AUD_AWFA,AWFA_p-e09,BIG_OWFA,SYL_mAWFA,VIS_IFG,VIS_VWFA
AUD_AWFA,1.0,0.90590316,0.110280775,0.7447385,0.43442744,0.6258601
AWFA_p-e09,0.90590316,1.0,0.1654988,0.6981993,0.4538391,0.6184928
BIG_OWFA,0.110280775,0.1654988,1.0,0.054940023,0.37128612,0.50321215
SYL_mAWFA,0.7447385,0.6981993,0.054940023,1.0,0.3596344,0.6582384
VIS_IFG,0.43442744,0.4538391,0.37128612,0.3596344,1.0,0.62875086
VIS_VWFA,0.6258601,0.6184928,0.50321215,0.6582384,0.62875086,1.0
