,cluster_1,cluster_2,cluster_3,cluster_4,cluster_5,cluster_6,cluster_7
cluster_1,1.0,0.3972479,0.16433938,0.52523047,0.2552796,0.052310266,0.7432054
cluster_2,0.3972479,1.0,0.08013298,0.43752027,0.2526952,0.020833168,0.46087167
cluster_3,0.16433938,0.08013298,1.0,0.035130646,0.036158837,-0.16753569,0.101257145
cluster_4,0.52523047,0.43752027,0.035130646,1.0,0.22157735,-0.26618916,0.4983689
cluster_5,0.2552796,0.2526952,0.036158837,0.22157735,1.0,-0.06350352,0.23869617
cluster_6,0.052310266,0.020833168,-0.16753569,-0.26618916,-0.06350352,1.0,-0.11798738
cluster_7,0.7432054,0.46087167,0.101257145,0.4983689,0.23869617,-0.11798738,1.0
