,AUD_AWFA,BIG_OWFA,SYL_mAWFA,VIS_IFG,VIS_VWFA
AUD_AWFA,1.0,0.30298665,0.55620307,0.629958,0.5139199
BIG_OWFA,0.30298665,1.0,0.28781363,0.35021478,0.51123494
SYL_mAWFA,0.55620307,0.28781363,1.0,0.37615606,0.52209336
VIS_IFG,0.629958,0.35021478,0.37615606,1.0,0.58659065
VIS_VWFA,0.5139199,0.51123494,0.52209336,0.58659065,1.0
