,AUD_AWFA,AWFA_p-e09,BIG_OWFA,SYL_mAWFA,VIS_IFG,VIS_VWFA
AUD_AWFA,1.0,0.8596183,0.22624992,0.36355364,0.5751244,0.46390933
AWFA_p-e09,0.8596183,1.0,0.2067274,0.35379294,0.547795,0.4289249
BIG_OWFA,0.22624992,0.2067274,1.0,-0.22303785,0.21489847,0.34224114
SYL_mAWFA,0.36355364,0.35379294,-0.22303785,1.0,0.2719038,0.13675775
VIS_IFG,0.5751244,0.547795,0.21489847,0.2719038,1.0,0.4979236
VIS_VWFA,0.46390933,0.4289249,0.34224114,0.13675775,0.4979236,1.0
