,AUD_AWFA,AWFA_p-e09,BIG_OWFA,SYL_mAWFA,VIS_IFG,VIS_VWFA,mAWFA_p-e09
AUD_AWFA,1.0,0.87705827,0.28595522,0.63927585,0.68542075,0.40693083,0.67956686
AWFA_p-e09,0.87705827,1.0,0.3071645,0.575587,0.62272316,0.40645665,0.63113594
BIG_OWFA,0.28595522,0.3071645,1.0,0.36958885,0.27855793,0.40819025,0.370599
SYL_mAWFA,0.63927585,0.575587,0.36958885,1.0,0.65261453,0.5755056,0.82380486
VIS_IFG,0.68542075,0.62272316,0.27855793,0.65261453,1.0,0.5314835,0.6017296
VIS_VWFA,0.40693083,0.40645665,0.40819025,0.5755056,0.5314835,1.0,0.4977018
mAWFA_p-e09,0.67956686,0.63113594,0.370599,0.82380486,0.6017296,0.4977018,1.0
