,AUD_AWFA,AWFA_p-e09,BIG_OWFA,SYL_mAWFA,VIS_IFG,VIS_VWFA
AUD_AWFA,1.0,0.8208788,0.3653088,0.6885633,0.36164758,0.3841299
AWFA_p-e09,0.8208788,1.0,0.31712985,0.6263109,0.32415497,0.38854378
BIG_OWFA,0.3653088,0.31712985,1.0,0.5425019,0.0195881,0.2996721
SYL_mAWFA,0.6885633,0.6263109,0.5425019,1.0,0.39802516,0.4718914
VIS_IFG,0.36164758,0.32415497,0.0195881,0.39802516,1.0,0.5237515
VIS_VWFA,0.3841299,0.38854378,0.2996721,0.4718914,0.5237515,1.0
