,AUD_AWFA,AWFA_p-e09,BIG_OWFA,SYL_mAWFA,VIS_IFG,VIS_VWFA,mAWFA_p-e09
AUD_AWFA,1.0,0.9432562,0.37659204,0.8625959,0.43522197,0.5534169,0.84004146
AWFA_p-e09,0.9432562,1.0,0.36027944,0.84782845,0.44028458,0.52584344,0.82669044
BIG_OWFA,0.37659204,0.36027944,1.0,0.39903563,0.3493005,0.6843087,0.30558744
SYL_mAWFA,0.8625959,0.84782845,0.39903563,1.0,0.53474444,0.5477652,0.9296686
VIS_IFG,0.43522197,0.44028458,0.3493005,0.53474444,1.0,0.43760225,0.45987692
VIS_VWFA,0.5534169,0.52584344,0.6843087,0.5477652,0.43760225,1.0,0.4589606
mAWFA_p-e09,0.84004146,0.82669044,0.30558744,0.9296686,0.45987692,0.4589606,1.0
