,AUD_AWFA,AWFA_p-e09,BIG_OWFA,SYL_mAWFA,VIS_IFG,VIS_VWFA,mAWFA_p-e09
AUD_AWFA,1.0,0.9478178,0.44547078,0.78809613,0.67451215,0.75501037,0.7555562
AWFA_p-e09,0.9478178,1.0,0.4384605,0.75717247,0.6932108,0.7356829,0.71018
BIG_OWFA,0.44547078,0.4384605,1.0,0.43626618,0.381317,0.6586216,0.3708929
SYL_mAWFA,0.78809613,0.75717247,0.43626618,1.0,0.63090956,0.76200426,0.96271944
VIS_IFG,0.67451215,0.6932108,0.381317,0.63090956,1.0,0.716026,0.581502
VIS_VWFA,0.75501037,0.7356829,0.6586216,0.76200426,0.716026,1.0,0.69306266
mAWFA_p-e09,0.7555562,0.71018,0.3708929,0.96271944,0.581502,0.69306266,1.0
