,AUD_AWFA,AWFA_p-e09,BIG_OWFA,SYL_mAWFA,VIS_IFG,VIS_VWFA
AUD_AWFA,1.0,0.8197671,0.25152472,0.56380945,0.31202143,0.20297875
AWFA_p-e09,0.8197671,1.0,0.15310557,0.5047252,0.2532636,0.09842026
BIG_OWFA,0.25152472,0.15310557,1.0,0.33878466,0.29217437,0.40756875
SYL_mAWFA,0.56380945,0.5047252,0.33878466,1.0,0.32184988,0.27231756
VIS_IFG,0.31202143,0.2532636,0.29217437,0.32184988,1.0,0.3808368
VIS_VWFA,0.20297875,0.09842026,0.40756875,0.27231756,0.3808368,1.0
