,AUD_AWFA,AWFA_p-e09,BIG_OWFA,SYL_mAWFA,VIS_IFG,VIS_VWFA,mAWFA_p-e09
AUD_AWFA,1.0,0.8022039,0.112171754,0.4818231,0.35905835,0.11466903,0.3444472
AWFA_p-e09,0.8022039,1.0,0.07601843,0.41746327,0.33552945,0.107834324,0.26379803
BIG_OWFA,0.112171754,0.07601843,1.0,0.157833,-0.14848496,0.39481702,0.057445437
SYL_mAWFA,0.4818231,0.41746327,0.157833,1.0,0.23810734,0.15037099,0.72837883
VIS_IFG,0.35905835,0.33552945,-0.14848496,0.23810734,1.0,0.10845619,0.21541443
VIS_VWFA,0.11466903,0.107834324,0.39481702,0.15037099,0.10845619,1.0,0.056123223
mAWFA_p-e09,0.3444472,0.26379803,0.057445437,0.72837883,0.21541443,0.056123223,1.0
