,AUD_AWFA,AWFA_p-e09,BIG_OWFA,SYL_mAWFA,VIS_IFG,VIS_VWFA
AUD_AWFA,1.0,0.9178084,0.58077466,0.8891743,0.6720746,0.6304777
AWFA_p-e09,0.9178084,1.0,0.5366162,0.8124192,0.63096285,0.5979363
BIG_OWFA,0.58077466,0.5366162,1.0,0.6065552,0.64624107,0.68780226
SYL_mAWFA,0.8891743,0.8124192,0.6065552,1.0,0.74844456,0.6734787
VIS_IFG,0.6720746,0.63096285,0.64624107,0.74844456,1.0,0.7586652
VIS_VWFA,0.6304777,0.5979363,0.68780226,0.6734787,0.7586652,1.0
