,AUD_AWFA,BIG_OWFA,SYL_mAWFA,VIS_IFG,VIS_VWFA
AUD_AWFA,1.0,0.08146391,0.3152234,0.29182458,0.15519808
BIG_OWFA,0.08146391,1.0,-0.24272668,0.34341377,0.54120016
SYL_mAWFA,0.3152234,-0.24272668,1.0,0.053925067,-0.0903178
VIS_IFG,0.29182458,0.34341377,0.053925067,1.0,0.46415162
VIS_VWFA,0.15519808,0.54120016,-0.0903178,0.46415162,1.0
