,AUD_AWFA,AWFA_p-e09,BIG_OWFA,SYL_mAWFA,VIS_IFG,VIS_VWFA,mAWFA_p-e09
AUD_AWFA,1.0,0.9351423,0.49148974,0.8522466,0.7119908,0.64660263,0.81952816
AWFA_p-e09,0.9351423,1.0,0.49043578,0.8180841,0.68097633,0.64556605,0.7840402
BIG_OWFA,0.49148974,0.49043578,1.0,0.5008315,0.3547244,0.5889131,0.4214081
SYL_mAWFA,0.8522466,0.8180841,0.5008315,1.0,0.63997597,0.6957058,0.9467477
VIS_IFG,0.7119908,0.68097633,0.3547244,0.63997597,1.0,0.58905953,0.63221747
VIS_VWFA,0.64660263,0.64556605,0.5889131,0.6957058,0.58905953,1.0,0.64698493
mAWFA_p-e09,0.81952816,0.7840402,0.4214081,0.9467477,0.63221747,0.64698493,1.0
