,AUD_AWFA,AWFA_p-e09,BIG_OWFA,SYL_mAWFA,VIS_IFG,VIS_VWFA
AUD_AWFA,1.0,0.8881932,0.26827952,0.55843693,0.514711,0.12320027
AWFA_p-e09,0.8881932,1.0,0.22150591,0.47084174,0.4587516,0.059090927
BIG_OWFA,0.26827952,0.22150591,1.0,0.39626205,0.27028182,0.3935116
SYL_mAWFA,0.55843693,0.47084174,0.39626205,1.0,0.49959645,0.33886215
VIS_IFG,0.514711,0.4587516,0.27028182,0.49959645,1.0,0.3329131
VIS_VWFA,0.12320027,0.059090927,0.3935116,0.33886215,0.3329131,1.0
