,AUD_AWFA,AWFA_p-e09,BIG_OWFA,SYL_mAWFA,VIS_IFG,VIS_VWFA
AUD_AWFA,1.0,0.86458445,0.07716698,0.4370473,0.58184355,0.2223097
AWFA_p-e09,0.86458445,1.0,0.059093628,0.46600178,0.5957719,0.23856641
BIG_OWFA,0.07716698,0.059093628,1.0,-0.1851402,0.29674134,0.5445635
SYL_mAWFA,0.4370473,0.46600178,-0.1851402,1.0,0.2080623,-0.18484189
VIS_IFG,0.58184355,0.5957719,0.29674134,0.2080623,1.0,0.44114548
VIS_VWFA,0.2223097,0.23856641,0.5445635,-0.18484189,0.44114548,1.0
