,AUD_AWFA,AWFA_p-e09,BIG_OWFA,SYL_mAWFA,VIS_IFG,VIS_VWFA
AUD_AWFA,1.0,0.6872537,0.07241663,0.24555346,0.20114101,0.08703067
AWFA_p-e09,0.6872537,1.0,0.04294724,0.19885622,0.23079742,0.09230866
BIG_OWFA,0.07241663,0.04294724,1.0,0.3579903,0.15534493,0.1788379
SYL_mAWFA,0.24555346,0.19885622,0.3579903,1.0,0.26508123,0.30761886
VIS_IFG,0.20114101,0.23079742,0.15534493,0.26508123,1.0,0.28474277
VIS_VWFA,0.08703067,0.09230866,0.1788379,0.30761886,0.28474277,1.0
