,cluster_1,cluster_2,cluster_3,cluster_4,cluster_5,cluster_6,cluster_7
cluster_1,1.0,0.7091063,0.66830236,0.5325563,0.19408405,0.32041678,0.6222902
cluster_2,0.7091063,1.0,0.53767276,0.47872382,0.21001369,0.2061825,0.4721944
cluster_3,0.66830236,0.53767276,1.0,0.37022513,0.36587262,0.1217474,0.41233942
cluster_4,0.5325563,0.47872382,0.37022513,1.0,0.028647438,0.338591,0.4719142
cluster_5,0.19408405,0.21001369,0.36587262,0.028647438,1.0,-0.34158677,0.30686706
cluster_6,0.32041678,0.2061825,0.1217474,0.338591,-0.34158677,1.0,0.23042989
cluster_7,0.6222902,0.4721944,0.41233942,0.4719142,0.30686706,0.23042989,1.0
