,AUD_AWFA,BIG_OWFA,SYL_mAWFA,VIS_IFG,VIS_VWFA
AUD_AWFA,1.0,0.22092521,0.39348325,0.4948942,0.3559298
BIG_OWFA,0.22092521,1.0,0.038485732,0.42893133,0.5719325
SYL_mAWFA,0.39348325,0.038485732,1.0,0.33703697,0.25679618
VIS_IFG,0.4948942,0.42893133,0.33703697,1.0,0.56244916
VIS_VWFA,0.3559298,0.5719325,0.25679618,0.56244916,1.0
