,AUD_AWFA,AWFA_p-e09,BIG_OWFA,SYL_mAWFA,VIS_IFG,VIS_VWFA,mAWFA_p-e09
AUD_AWFA,1.0,0.95059884,0.24847098,0.57936704,0.58799326,0.19298528,0.48075148
AWFA_p-e09,0.95059884,1.0,0.2279962,0.5423962,0.504372,0.13249391,0.44845608
BIG_OWFA,0.24847098,0.2279962,1.0,-0.02999966,0.22864753,0.4115842,-0.08447423
SYL_mAWFA,0.57936704,0.5423962,-0.02999966,1.0,0.4816208,0.16850352,0.9477687
VIS_IFG,0.58799326,0.504372,0.22864753,0.4816208,1.0,0.50067705,0.40007335
VIS_VWFA,0.19298528,0.13249391,0.4115842,0.16850352,0.50067705,1.0,0.14427261
mAWFA_p-e09,0.48075148,0.44845608,-0.08447423,0.9477687,0.40007335,0.14427261,1.0
