,AUD_AWFA,BIG_OWFA,SYL_mAWFA,VIS_IFG,VIS_VWFA
AUD_AWFA,1.0,0.114175946,0.59465754,0.60946053,0.35728842
BIG_OWFA,0.114175946,1.0,-0.0060395054,0.18031038,0.43803146
SYL_mAWFA,0.59465754,-0.0060395054,1.0,0.32721916,0.12138011
VIS_IFG,0.60946053,0.18031038,0.32721916,1.0,0.487296
VIS_VWFA,0.35728842,0.43803146,0.12138011,0.487296,1.0
