,AUD_AWFA,BIG_OWFA,SYL_mAWFA,VIS_IFG,VIS_VWFA
AUD_AWFA,1.0,0.1398098,0.39497733,0.2835902,0.39823282
BIG_OWFA,0.1398098,1.0,-0.11966646,0.1473813,0.41433206
SYL_mAWFA,0.39497733,-0.11966646,1.0,0.23830245,0.12747301
VIS_IFG,0.2835902,0.1473813,0.23830245,1.0,0.39960694
VIS_VWFA,0.39823282,0.41433206,0.12747301,0.39960694,1.0
