,AUD_AWFA,AWFA_p-e09,BIG_OWFA,SYL_mAWFA,VIS_IFG,VIS_VWFA
AUD_AWFA,1.0,0.9068622,0.066498905,0.64066464,0.33310863,0.32013473
AWFA_p-e09,0.9068622,1.0,0.13104942,0.6625111,0.45579302,0.37722272
BIG_OWFA,0.066498905,0.13104942,1.0,0.19148906,0.16415416,0.50569725
SYL_mAWFA,0.64066464,0.6625111,0.19148906,1.0,0.51951414,0.59552383
VIS_IFG,0.33310863,0.45579302,0.16415416,0.51951414,1.0,0.44713074
VIS_VWFA,0.32013473,0.37722272,0.50569725,0.59552383,0.44713074,1.0
