,AUD_AWFA,AWFA_p-e09,BIG_OWFA,SYL_mAWFA,VIS_IFG,VIS_VWFA
AUD_AWFA,1.0,0.7927655,0.38385788,0.6891306,0.6160298,0.31759477
AWFA_p-e09,0.7927655,1.0,0.36921686,0.6199707,0.50703126,0.21979634
BIG_OWFA,0.38385788,0.36921686,1.0,0.53108335,0.37262508,0.61374646
SYL_mAWFA,0.6891306,0.6199707,0.53108335,1.0,0.6408297,0.37474972
VIS_IFG,0.6160298,0.50703126,0.37262508,0.6408297,1.0,0.37005803
VIS_VWFA,0.31759477,0.21979634,0.61374646,0.37474972,0.37005803,1.0
