,AUD_AWFA,AWFA_p-e09,BIG_OWFA,SYL_mAWFA,VIS_IFG,VIS_VWFA,mAWFA_p-e09
AUD_AWFA,1.0,0.9030144,0.25442362,0.5467089,0.168923,0.25639555,0.5009974
AWFA_p-e09,0.9030144,1.0,0.21872829,0.55162126,0.21674988,0.29139474,0.5189976
BIG_OWFA,0.25442362,0.21872829,1.0,0.38086694,0.13714097,0.46831024,0.26120916
SYL_mAWFA,0.5467089,0.55162126,0.38086694,1.0,0.38450682,0.5607819,0.90089774
VIS_IFG,0.168923,0.21674988,0.13714097,0.38450682,1.0,0.5578624,0.3536039
VIS_VWFA,0.25639555,0.29139474,0.46831024,0.5607819,0.5578624,1.0,0.49595964
mAWFA_p-e09,0.5009974,0.5189976,0.26120916,0.90089774,0.3536039,0.49595964,1.0
