,AUD_AWFA,AWFA_p-e09,BIG_OWFA,SYL_mAWFA,VIS_IFG,VIS_VWFA
AUD_AWFA,1.0,0.9141195,0.30125508,0.48475438,0.66580296,0.5502445
AWFA_p-e09,0.9141195,1.0,0.28230804,0.46214393,0.6394768,0.5376281
BIG_OWFA,0.30125508,0.28230804,1.0,0.32481235,0.27643743,0.40678012
SYL_mAWFA,0.48475438,0.46214393,0.32481235,1.0,0.4509887,0.5180154
VIS_IFG,0.66580296,0.6394768,0.27643743,0.4509887,1.0,0.54837346
VIS_VWFA,0.5502445,0.5376281,0.40678012,0.5180154,0.54837346,1.0
