,AUD_AWFA,AWFA_p-e09,BIG_OWFA,SYL_mAWFA,VIS_IFG,VIS_VWFA
AUD_AWFA,1.0,0.8618889,0.5911685,0.77013963,0.5470052,0.43606216
AWFA_p-e09,0.8618889,1.0,0.40416968,0.5834741,0.47910887,0.3947606
BIG_OWFA,0.5911685,0.40416968,1.0,0.70002633,0.4852259,0.43060383
SYL_mAWFA,0.77013963,0.5834741,0.70002633,1.0,0.67292404,0.48242483
VIS_IFG,0.5470052,0.47910887,0.4852259,0.67292404,1.0,0.64547706
VIS_VWFA,0.43606216,0.3947606,0.43060383,0.48242483,0.64547706,1.0
