,AUD_AWFA,AWFA_p-e09,BIG_OWFA,SYL_mAWFA,VIS_IFG,VIS_VWFA
AUD_AWFA,1.0,0.7952655,0.10437539,0.20671926,0.16232787,0.115943864
AWFA_p-e09,0.7952655,1.0,0.0724239,0.29385394,0.23695903,0.059391804
BIG_OWFA,0.10437539,0.0724239,1.0,0.29236865,0.08990974,0.14302878
SYL_mAWFA,0.20671926,0.29385394,0.29236865,1.0,0.29543856,0.19889852
VIS_IFG,0.16232787,0.23695903,0.08990974,0.29543856,1.0,0.40443814
VIS_VWFA,0.115943864,0.059391804,0.14302878,0.19889852,0.40443814,1.0
