,AUD_AWFA,AWFA_p-e09,BIG_OWFA,SYL_mAWFA,VIS_IFG,VIS_VWFA
AUD_AWFA,1.0,0.8808558,0.18308328,0.42871177,0.50033706,0.36137092
AWFA_p-e09,0.8808558,1.0,0.11038664,0.2828456,0.42690554,0.34671536
BIG_OWFA,0.18308328,0.11038664,1.0,-0.038354315,0.1903699,0.50636387
SYL_mAWFA,0.42871177,0.2828456,-0.038354315,1.0,0.43375766,0.09580648
VIS_IFG,0.50033706,0.42690554,0.1903699,0.43375766,1.0,0.38911182
VIS_VWFA,0.36137092,0.34671536,0.50636387,0.09580648,0.38911182,1.0
