,AUD_AWFA,BIG_OWFA,SYL_mAWFA,VIS_IFG,VIS_VWFA
AUD_AWFA,1.0,0.19177176,0.5671997,0.22677222,0.11593199
BIG_OWFA,0.19177176,1.0,0.32131732,0.27021438,0.33004922
SYL_mAWFA,0.5671997,0.32131732,1.0,0.54370534,0.35812634
VIS_IFG,0.22677222,0.27021438,0.54370534,1.0,0.4852255
VIS_VWFA,0.11593199,0.33004922,0.35812634,0.4852255,1.0
