,AUD_AWFA,AWFA_p-e09,BIG_OWFA,SYL_mAWFA,VIS_IFG,VIS_VWFA
AUD_AWFA,1.0,0.8316906,0.1951082,0.51214784,0.4176681,0.5014243
AWFA_p-e09,0.8316906,1.0,0.09965218,0.47658134,0.33117485,0.49329662
BIG_OWFA,0.1951082,0.09965218,1.0,0.38239324,0.16083527,0.31421778
SYL_mAWFA,0.51214784,0.47658134,0.38239324,1.0,0.3818121,0.54393196
VIS_IFG,0.4176681,0.33117485,0.16083527,0.3818121,1.0,0.37573785
VIS_VWFA,0.5014243,0.49329662,0.31421778,0.54393196,0.37573785,1.0
