,AUD_AWFA,AWFA_p-e09,BIG_OWFA,SYL_mAWFA,VIS_IFG,VIS_VWFA,mAWFA_p-e09
AUD_AWFA,1.0,0.952371,0.30381602,0.6822883,0.64365304,0.48993668,0.65326655
AWFA_p-e09,0.952371,1.0,0.27835724,0.69367945,0.62234706,0.4783684,0.6619384
BIG_OWFA,0.30381602,0.27835724,1.0,0.33544987,0.33263183,0.4448425,0.30299872
SYL_mAWFA,0.6822883,0.69367945,0.33544987,1.0,0.56921005,0.6992656,0.94674754
VIS_IFG,0.64365304,0.62234706,0.33263183,0.56921005,1.0,0.54645693,0.48055196
VIS_VWFA,0.48993668,0.4783684,0.4448425,0.6992656,0.54645693,1.0,0.6431564
mAWFA_p-e09,0.65326655,0.6619384,0.30299872,0.94674754,0.48055196,0.6431564,1.0
