,AUD_AWFA,AWFA_p-e09,BIG_OWFA,SYL_mAWFA,VIS_IFG,VIS_VWFA,mAWFA_p-e09
AUD_AWFA,1.0,0.89235723,0.33788943,0.684596,0.4774073,0.54306,0.61124843
AWFA_p-e09,0.89235723,1.0,0.23172516,0.62015325,0.4103666,0.44918528,0.52517086
BIG_OWFA,0.33788943,0.23172516,1.0,0.43857163,0.35121694,0.5839601,0.45917565
SYL_mAWFA,0.684596,0.62015325,0.43857163,1.0,0.48623803,0.56280744,0.92727643
VIS_IFG,0.4774073,0.4103666,0.35121694,0.48623803,1.0,0.7409116,0.4626157
VIS_VWFA,0.54306,0.44918528,0.5839601,0.56280744,0.7409116,1.0,0.5174254
mAWFA_p-e09,0.61124843,0.52517086,0.45917565,0.92727643,0.4626157,0.5174254,1.0
