,cluster_1,cluster_2,cluster_3,cluster_4,cluster_5,cluster_6,cluster_7
cluster_1,1.0,0.648205,0.72815096,0.5384635,0.5441399,0.24458346,0.51048386
cluster_2,0.648205,1.0,0.59052515,0.68263674,0.37993276,0.23880081,0.59030485
cluster_3,0.72815096,0.59052515,1.0,0.551232,0.62023187,0.16659711,0.3541452
cluster_4,0.5384635,0.68263674,0.551232,1.0,0.22383426,0.3475384,0.49044043
cluster_5,0.5441399,0.37993276,0.62023187,0.22383426,1.0,0.11565951,0.13550217
cluster_6,0.24458346,0.23880081,0.16659711,0.3475384,0.11565951,1.0,0.26661637
cluster_7,0.51048386,0.59030485,0.3541452,0.49044043,0.13550217,0.26661637,1.0
