,AUD_AWFA,AWFA_p-e09,BIG_OWFA,SYL_mAWFA,VIS_IFG,VIS_VWFA
AUD_AWFA,1.0,0.93849075,0.20862651,0.747299,0.5308211,0.5086975
AWFA_p-e09,0.93849075,1.0,0.21642046,0.70645714,0.5447751,0.46398753
BIG_OWFA,0.20862651,0.21642046,1.0,0.11729804,0.27691975,0.44431165
SYL_mAWFA,0.747299,0.70645714,0.11729804,1.0,0.39697224,0.5640883
VIS_IFG,0.5308211,0.5447751,0.27691975,0.39697224,1.0,0.43618464
VIS_VWFA,0.5086975,0.46398753,0.44431165,0.5640883,0.43618464,1.0
