,AUD_AWFA,BIG_OWFA,SYL_mAWFA,VIS_IFG,VIS_VWFA
AUD_AWFA,1.0,0.33260384,0.54094744,0.5616094,0.34476894
BIG_OWFA,0.33260384,1.0,0.09296524,0.4149678,0.60788035
SYL_mAWFA,0.54094744,0.09296524,1.0,0.41701624,0.14405926
VIS_IFG,0.5616094,0.4149678,0.41701624,1.0,0.5178495
VIS_VWFA,0.34476894,0.60788035,0.14405926,0.5178495,1.0
