,AUD_AWFA,AWFA_p-e09,BIG_OWFA,SYL_mAWFA,VIS_IFG,VIS_VWFA,mAWFA_p-e09
AUD_AWFA,1.0,0.9538616,0.3823414,0.7336923,0.5504772,0.51129174,0.6390807
AWFA_p-e09,0.9538616,1.0,0.40039736,0.73409235,0.590261,0.5028053,0.6358181
BIG_OWFA,0.3823414,0.40039736,1.0,0.21725759,0.3376189,0.63934237,0.10016226
SYL_mAWFA,0.7336923,0.73409235,0.21725759,1.0,0.34437132,0.34829238,0.9540759
VIS_IFG,0.5504772,0.590261,0.3376189,0.34437132,1.0,0.45643815,0.24626593
VIS_VWFA,0.51129174,0.5028053,0.63934237,0.34829238,0.45643815,1.0,0.21145709
mAWFA_p-e09,0.6390807,0.6358181,0.10016226,0.9540759,0.24626593,0.21145709,1.0
