,AUD_AWFA,AWFA_p-e09,BIG_OWFA,SYL_mAWFA,VIS_IFG,VIS_VWFA,mAWFA_p-e09
AUD_AWFA,1.0,0.90970546,0.4687244,0.6847764,0.64853144,0.606962,0.5821447
AWFA_p-e09,0.90970546,1.0,0.43075386,0.5852661,0.51729345,0.5420567,0.4885471
BIG_OWFA,0.4687244,0.43075386,1.0,0.45699838,0.32698327,0.6079191,0.42850643
SYL_mAWFA,0.6847764,0.5852661,0.45699838,1.0,0.57332104,0.5079525,0.9401561
VIS_IFG,0.64853144,0.51729345,0.32698327,0.57332104,1.0,0.397062,0.45569584
VIS_VWFA,0.606962,0.5420567,0.6079191,0.5079525,0.397062,1.0,0.43991214
mAWFA_p-e09,0.5821447,0.4885471,0.42850643,0.9401561,0.45569584,0.43991214,1.0
