,AUD_AWFA,AWFA_p-e09,BIG_OWFA,SYL_mAWFA,VIS_IFG,VIS_VWFA,mAWFA_p-e09
AUD_AWFA,1.0,0.83436555,0.20921013,0.67000353,0.50371504,0.09173252,0.5980312
AWFA_p-e09,0.83436555,1.0,0.10652984,0.62731403,0.35591987,0.017762303,0.5920687
BIG_OWFA,0.20921013,0.10652984,1.0,0.2861518,0.1499709,0.25416422,0.15550919
SYL_mAWFA,0.67000353,0.62731403,0.2861518,1.0,0.45854086,0.33322942,0.865693
VIS_IFG,0.50371504,0.35591987,0.1499709,0.45854086,1.0,0.31461805,0.3216142
VIS_VWFA,0.09173252,0.017762303,0.25416422,0.33322942,0.31461805,1.0,0.26676813
mAWFA_p-e09,0.5980312,0.5920687,0.15550919,0.865693,0.3216142,0.26676813,1.0
