,AUD_AWFA,AWFA_p-e09,BIG_OWFA,SYL_mAWFA,VIS_IFG,VIS_VWFA,mAWFA_p-e09
AUD_AWFA,1.0,0.8770356,0.2854731,0.48168167,0.5229392,0.41354817,0.3850497
AWFA_p-e09,0.8770356,1.0,0.13523163,0.41098428,0.38024387,0.3280782,0.29610735
BIG_OWFA,0.2854731,0.13523163,1.0,-0.13350676,0.4515257,0.3728761,-0.17904598
SYL_mAWFA,0.48168167,0.41098428,-0.13350676,1.0,0.325129,0.25342482,0.9294816
VIS_IFG,0.5229392,0.38024387,0.4515257,0.325129,1.0,0.40832347,0.2329486
VIS_VWFA,0.41354817,0.3280782,0.3728761,0.25342482,0.40832347,1.0,0.20838133
mAWFA_p-e09,0.3850497,0.29610735,-0.17904598,0.9294816,0.2329486,0.20838133,1.0
