,cluster_1,cluster_2,cluster_3,cluster_4,cluster_5,cluster_6,cluster_7
cluster_1,1.0,0.59859955,0.60352534,0.37781817,0.21474108,0.1756419,0.5348755
cluster_2,0.59859955,1.0,0.47980812,0.43680078,0.18559375,0.03836951,0.40118545
cluster_3,0.60352534,0.47980812,1.0,0.18911096,0.1056587,0.074022986,0.31859967
cluster_4,0.37781817,0.43680078,0.18911096,1.0,0.14506811,0.04808167,0.32955983
cluster_5,0.21474108,0.18559375,0.1056587,0.14506811,1.0,-0.104895204,0.06414612
cluster_6,0.1756419,0.03836951,0.074022986,0.04808167,-0.104895204,1.0,0.044617467
cluster_7,0.5348755,0.40118545,0.31859967,0.32955983,0.06414612,0.044617467,1.0
