,AUD_AWFA,AWFA_p-e09,BIG_OWFA,SYL_mAWFA,VIS_IFG,VIS_VWFA
AUD_AWFA,1.0,0.908968,0.30508575,0.6828361,0.67071694,0.496344
AWFA_p-e09,0.908968,1.0,0.20139909,0.7202784,0.6351244,0.45279133
BIG_OWFA,0.30508575,0.20139909,1.0,-0.014765178,0.26349494,0.5734927
SYL_mAWFA,0.6828361,0.7202784,-0.014765178,1.0,0.44073394,0.24606329
VIS_IFG,0.67071694,0.6351244,0.26349494,0.44073394,1.0,0.63857657
VIS_VWFA,0.496344,0.45279133,0.5734927,0.24606329,0.63857657,1.0
