,AUD_AWFA,AWFA_p-e09,BIG_OWFA,SYL_mAWFA,VIS_IFG,VIS_VWFA
AUD_AWFA,1.0,0.9348334,0.6090242,0.76699555,0.5316647,0.54298794
AWFA_p-e09,0.9348334,1.0,0.57728034,0.7333049,0.47541204,0.529605
BIG_OWFA,0.6090242,0.57728034,1.0,0.6375616,0.42618567,0.7094119
SYL_mAWFA,0.76699555,0.7333049,0.6375616,1.0,0.49204636,0.66631967
VIS_IFG,0.5316647,0.47541204,0.42618567,0.49204636,1.0,0.45552123
VIS_VWFA,0.54298794,0.529605,0.7094119,0.66631967,0.45552123,1.0
