,cluster_1,cluster_2,cluster_3,cluster_4,cluster_5,cluster_6,cluster_7
cluster_1,1.0,0.40458068,0.3232425,0.5413741,0.35260865,0.31426743,0.47524786
cluster_2,0.40458068,1.0,0.40077764,0.30203903,0.09557321,0.23227239,0.22086123
cluster_3,0.3232425,0.40077764,1.0,0.051340025,0.14408375,0.15297893,0.19592367
cluster_4,0.5413741,0.30203903,0.051340025,1.0,0.08319177,0.23902644,0.41536924
cluster_5,0.35260865,0.09557321,0.14408375,0.08319177,1.0,-0.056058697,0.029743103
cluster_6,0.31426743,0.23227239,0.15297893,0.23902644,-0.056058697,1.0,0.39543515
cluster_7,0.47524786,0.22086123,0.19592367,0.41536924,0.029743103,0.39543515,1.0
