,AUD_AWFA,AWFA_p-e09,BIG_OWFA,SYL_mAWFA,VIS_IFG,VIS_VWFA,mAWFA_p-e09
AUD_AWFA,1.0,0.8332055,0.2892523,0.46459368,0.1884089,0.18737435,0.45866692
AWFA_p-e09,0.8332055,1.0,0.14184326,0.4123388,0.07435111,0.10413435,0.44215268
BIG_OWFA,0.2892523,0.14184326,1.0,0.12962876,0.16584913,0.18122803,0.08123477
SYL_mAWFA,0.46459368,0.4123388,0.12962876,1.0,0.3765101,0.27211526,0.85599715
VIS_IFG,0.1884089,0.07435111,0.16584913,0.3765101,1.0,0.38124087,0.34680474
VIS_VWFA,0.18737435,0.10413435,0.18122803,0.27211526,0.38124087,1.0,0.2532085
mAWFA_p-e09,0.45866692,0.44215268,0.08123477,0.85599715,0.34680474,0.2532085,1.0
