,AUD_AWFA,AWFA_p-e09,BIG_OWFA,SYL_mAWFA,VIS_IFG,VIS_VWFA
AUD_AWFA,1.0,0.9223704,0.25474277,0.5903338,0.6555531,0.5324461
AWFA_p-e09,0.9223704,1.0,0.25065246,0.5078841,0.65713,0.4697982
BIG_OWFA,0.25474277,0.25065246,1.0,0.28330177,0.31296027,0.43721017
SYL_mAWFA,0.5903338,0.5078841,0.28330177,1.0,0.4529632,0.48741424
VIS_IFG,0.6555531,0.65713,0.31296027,0.4529632,1.0,0.4860836
VIS_VWFA,0.5324461,0.4697982,0.43721017,0.48741424,0.4860836,1.0
