,AUD_AWFA,AWFA_p-e09,BIG_OWFA,SYL_mAWFA,VIS_IFG,VIS_VWFA
AUD_AWFA,1.0,0.900334,0.25079003,0.30514216,0.46295103,0.33417404
AWFA_p-e09,0.900334,1.0,0.21238628,0.3872216,0.47502106,0.30037662
BIG_OWFA,0.25079003,0.21238628,1.0,-0.21304736,0.24010298,0.6300634
SYL_mAWFA,0.30514216,0.3872216,-0.21304736,1.0,0.06986008,-0.1592772
VIS_IFG,0.46295103,0.47502106,0.24010298,0.06986008,1.0,0.41357413
VIS_VWFA,0.33417404,0.30037662,0.6300634,-0.1592772,0.41357413,1.0
