,AUD_AWFA,AWFA_p-e09,BIG_OWFA,SYL_mAWFA,VIS_IFG,VIS_VWFA
AUD_AWFA,1.0,0.92907846,0.3587333,0.6728418,0.5934495,0.45433033
AWFA_p-e09,0.92907846,1.0,0.37117404,0.6602899,0.6411725,0.46130514
BIG_OWFA,0.3587333,0.37117404,1.0,0.43178397,0.50564396,0.44967192
SYL_mAWFA,0.6728418,0.6602899,0.43178397,1.0,0.679198,0.61444753
VIS_IFG,0.5934495,0.6411725,0.50564396,0.679198,1.0,0.61698496
VIS_VWFA,0.45433033,0.46130514,0.44967192,0.61444753,0.61698496,1.0
