,cluster_1,cluster_2,cluster_3,cluster_4,cluster_5,cluster_6,cluster_7
cluster_1,1.0,0.7286297,0.5849065,0.47283408,0.3453063,0.12636107,0.63796884
cluster_2,0.7286297,1.0,0.6083052,0.47898173,0.39211094,0.08402894,0.5550952
cluster_3,0.5849065,0.6083052,1.0,0.4721166,0.3841116,0.33886185,0.44699708
cluster_4,0.47283408,0.47898173,0.4721166,1.0,0.16080366,0.3331298,0.4315581
cluster_5,0.3453063,0.39211094,0.3841116,0.16080366,1.0,0.06542908,0.26767752
cluster_6,0.12636107,0.08402894,0.33886185,0.3331298,0.06542908,1.0,0.20943546
cluster_7,0.63796884,0.5550952,0.44699708,0.4315581,0.26767752,0.20943546,1.0
