,AUD_AWFA,AWFA_p-e09,BIG_OWFA,SYL_mAWFA,VIS_IFG,VIS_VWFA,mAWFA_p-e09
AUD_AWFA,1.0,0.9317541,0.10232227,0.46231183,0.17212501,0.22230081,0.42728162
AWFA_p-e09,0.9317541,1.0,0.05180795,0.4362491,0.22475304,0.2147761,0.41128802
BIG_OWFA,0.10232227,0.05180795,1.0,-0.14367521,0.2410706,0.601996,-0.2112888
SYL_mAWFA,0.46231183,0.4362491,-0.14367521,1.0,0.18687318,0.06402653,0.9367263
VIS_IFG,0.17212501,0.22475304,0.2410706,0.18687318,1.0,0.6365664,0.08399345
VIS_VWFA,0.22230081,0.2147761,0.601996,0.06402653,0.6365664,1.0,-0.020459525
mAWFA_p-e09,0.42728162,0.41128802,-0.2112888,0.9367263,0.08399345,-0.020459525,1.0
