,AUD_AWFA,AWFA_p-e09,BIG_OWFA,SYL_mAWFA,VIS_IFG,VIS_VWFA,mAWFA_p-e09
AUD_AWFA,1.0,0.9599698,0.31125557,0.84454846,0.58563817,0.73152685,0.7887026
AWFA_p-e09,0.9599698,1.0,0.32401705,0.8283272,0.56572425,0.7176358,0.765235
BIG_OWFA,0.31125557,0.32401705,1.0,0.3288834,0.31069687,0.3795943,0.26481262
SYL_mAWFA,0.84454846,0.8283272,0.3288834,1.0,0.50738406,0.714906,0.95635027
VIS_IFG,0.58563817,0.56572425,0.31069687,0.50738406,1.0,0.6862207,0.40961555
VIS_VWFA,0.73152685,0.7176358,0.3795943,0.714906,0.6862207,1.0,0.6369224
mAWFA_p-e09,0.7887026,0.765235,0.26481262,0.95635027,0.40961555,0.6369224,1.0
