,AUD_AWFA,AWFA_p-e09,BIG_OWFA,SYL_mAWFA,VIS_IFG,VIS_VWFA
AUD_AWFA,1.0,0.90241194,0.3235941,0.5576779,0.2550399,0.40061873
AWFA_p-e09,0.90241194,1.0,0.2814527,0.5243001,0.18560784,0.36086756
BIG_OWFA,0.3235941,0.2814527,1.0,0.0033514304,0.31782976,0.62665457
SYL_mAWFA,0.5576779,0.5243001,0.0033514304,1.0,0.5041905,0.29590905
VIS_IFG,0.2550399,0.18560784,0.31782976,0.5041905,1.0,0.6027232
VIS_VWFA,0.40061873,0.36086756,0.62665457,0.29590905,0.6027232,1.0
