,AUD_AWFA,BIG_OWFA,SYL_mAWFA,VIS_IFG,VIS_VWFA
AUD_AWFA,1.0,0.2900706,0.71482456,0.38348034,0.3936499
BIG_OWFA,0.2900706,1.0,0.41016683,0.1765963,0.5862147
SYL_mAWFA,0.71482456,0.41016683,1.0,0.47100237,0.56036156
VIS_IFG,0.38348034,0.1765963,0.47100237,1.0,0.42007157
VIS_VWFA,0.3936499,0.5862147,0.56036156,0.42007157,1.0
