,AUD_AWFA,AWFA_p-e09,BIG_OWFA,SYL_mAWFA,VIS_IFG,VIS_VWFA,mAWFA_p-e09
AUD_AWFA,1.0,0.8570982,0.48368374,0.6932807,0.7354057,0.6312117,0.49434626
AWFA_p-e09,0.8570982,1.0,0.36144286,0.5650939,0.65356994,0.5406695,0.38848278
BIG_OWFA,0.48368374,0.36144286,1.0,0.60153294,0.35445857,0.56362545,0.5170251
SYL_mAWFA,0.6932807,0.5650939,0.60153294,1.0,0.5571193,0.622078,0.83664227
VIS_IFG,0.7354057,0.65356994,0.35445857,0.5571193,1.0,0.60189193,0.3183145
VIS_VWFA,0.6312117,0.5406695,0.56362545,0.622078,0.60189193,1.0,0.46401072
mAWFA_p-e09,0.49434626,0.38848278,0.5170251,0.83664227,0.3183145,0.46401072,1.0
