,cluster_1,cluster_2,cluster_3,cluster_4,cluster_5,cluster_6,cluster_7
cluster_1,1.0,0.6574845,0.6467134,0.59994525,0.315454,0.35845053,0.70877683
cluster_2,0.6574845,1.0,0.42058772,0.5185545,0.13250694,0.23217331,0.7219814
cluster_3,0.6467134,0.42058772,1.0,0.5661554,0.42803416,0.19057885,0.42061558
cluster_4,0.59994525,0.5185545,0.5661554,1.0,0.487611,0.04883867,0.49392298
cluster_5,0.315454,0.13250694,0.42803416,0.487611,1.0,-0.14082232,0.12150875
cluster_6,0.35845053,0.23217331,0.19057885,0.04883867,-0.14082232,1.0,0.35043934
cluster_7,0.70877683,0.7219814,0.42061558,0.49392298,0.12150875,0.35043934,1.0
