,AUD_AWFA,AWFA_p-e09,BIG_OWFA,SYL_mAWFA,VIS_IFG,VIS_VWFA,mAWFA_p-e09
AUD_AWFA,1.0,0.8767486,0.48902252,0.6078648,0.3609948,0.38907513,0.54099816
AWFA_p-e09,0.8767486,1.0,0.45448446,0.535537,0.3400295,0.30185315,0.46951476
BIG_OWFA,0.48902252,0.45448446,1.0,0.65586674,0.2778765,0.5065473,0.5402341
SYL_mAWFA,0.6078648,0.535537,0.65586674,1.0,0.50101036,0.69228554,0.9134911
VIS_IFG,0.3609948,0.3400295,0.2778765,0.50101036,1.0,0.33859175,0.38365054
VIS_VWFA,0.38907513,0.30185315,0.5065473,0.69228554,0.33859175,1.0,0.6302819
mAWFA_p-e09,0.54099816,0.46951476,0.5402341,0.9134911,0.38365054,0.6302819,1.0
