,AUD_AWFA,AWFA_p-e09,BIG_OWFA,SYL_mAWFA,VIS_IFG,VIS_VWFA,mAWFA_p-e09
AUD_AWFA,1.0,0.93301684,0.6689864,0.8357614,0.75063545,0.80559534,0.78647995
AWFA_p-e09,0.93301684,1.0,0.62254757,0.82830495,0.75684255,0.7835976,0.7577372
BIG_OWFA,0.6689864,0.62254757,1.0,0.6402892,0.5720159,0.7073749,0.63254505
SYL_mAWFA,0.8357614,0.82830495,0.6402892,1.0,0.8216978,0.76694316,0.93880236
VIS_IFG,0.75063545,0.75684255,0.5720159,0.8216978,1.0,0.7217876,0.73977256
VIS_VWFA,0.80559534,0.7835976,0.7073749,0.76694316,0.7217876,1.0,0.6994389
mAWFA_p-e09,0.78647995,0.7577372,0.63254505,0.93880236,0.73977256,0.6994389,1.0
