,AUD_AWFA,AWFA_p-e09,BIG_OWFA,SYL_mAWFA,VIS_IFG,VIS_VWFA,mAWFA_p-e09
AUD_AWFA,1.0,0.78829855,0.5207025,0.6951215,0.45680383,0.45274138,0.6222965
AWFA_p-e09,0.78829855,1.0,0.29741314,0.5569354,0.4589979,0.31005043,0.48126456
BIG_OWFA,0.5207025,0.29741314,1.0,0.58046025,0.30063093,0.6016933,0.55176663
SYL_mAWFA,0.6951215,0.5569354,0.58046025,1.0,0.36305952,0.5593177,0.9213867
VIS_IFG,0.45680383,0.4589979,0.30063093,0.36305952,1.0,0.40507403,0.2780471
VIS_VWFA,0.45274138,0.31005043,0.6016933,0.5593177,0.40507403,1.0,0.53868914
mAWFA_p-e09,0.6222965,0.48126456,0.55176663,0.9213867,0.2780471,0.53868914,1.0
