,AUD_AWFA,AWFA_p-e09,BIG_OWFA,SYL_mAWFA,VIS_IFG,VIS_VWFA,mAWFA_p-e09
AUD_AWFA,0.0,0.05867736660897538,-0.040042220416542706,0.06672891484053611,0.11169733690972483,0.14312285869181596,0.07269425617355219
AWFA_p-e09,0.05867736660897538,0.0,0.014913687440778756,0.09248699521746984,0.1320183801568806,0.14972458015537032,0.09851083548238165
BIG_OWFA,-0.040042220416542706,0.014913687440778756,0.0,-0.08678249095838053,0.05827565757533251,0.09652639052847989,-0.08483184119026116
SYL_mAWFA,0.06672891484053611,0.09248699521746984,-0.08678249095838053,0.0,0.08665048405676468,0.12907310409480788,0.04493508061777496
VIS_IFG,0.11169733690972483,0.1320183801568806,0.05827565757533251,0.08665048405676468,0.0,0.11081493362414702,0.07696266122044904
VIS_VWFA,0.14312285869181596,0.14972458015537032,0.09652639052847989,0.12907310409480788,0.11081493362414702,0.0,0.10794177803825666
mAWFA_p-e09,0.07269425617355219,0.09851083548238165,-0.08483184119026116,0.04493508061777496,0.07696266122044904,0.10794177803825666,0.0
