,cluster_1,cluster_2,cluster_3,cluster_4,cluster_5,cluster_6,cluster_7
cluster_1,1.0,0.33727047,0.5669048,0.30364162,0.069154575,0.25031775,0.50061965
cluster_2,0.33727047,1.0,0.37328142,0.38357434,0.105275884,0.2022298,0.29098293
cluster_3,0.5669048,0.37328142,1.0,0.2095681,0.1758269,0.229489,0.29476506
cluster_4,0.30364162,0.38357434,0.2095681,1.0,-0.021052036,0.27991125,0.36408913
cluster_5,0.069154575,0.105275884,0.1758269,-0.021052036,1.0,0.053022783,0.16094841
cluster_6,0.25031775,0.2022298,0.229489,0.27991125,0.053022783,1.0,0.27232787
cluster_7,0.50061965,0.29098293,0.29476506,0.36408913,0.16094841,0.27232787,1.0
