,AUD_AWFA,BIG_OWFA,SYL_mAWFA,VIS_IFG,VIS_VWFA
AUD_AWFA,1.0,0.38819104,0.59280187,0.6357027,0.59279895
BIG_OWFA,0.38819104,1.0,0.4316879,0.41052356,0.55407304
SYL_mAWFA,0.59280187,0.4316879,1.0,0.4992376,0.56758285
VIS_IFG,0.6357027,0.41052356,0.4992376,1.0,0.66408473
VIS_VWFA,0.59279895,0.55407304,0.56758285,0.66408473,1.0
