,AUD_AWFA,BIG_OWFA,SYL_mAWFA,VIS_IFG,VIS_VWFA
AUD_AWFA,1.0,0.026058247,0.47447884,0.32583758,0.06982755
BIG_OWFA,0.026058247,1.0,-0.23068877,0.20577966,0.4634622
SYL_mAWFA,0.47447884,-0.23068877,1.0,0.16190521,-0.018863948
VIS_IFG,0.32583758,0.20577966,0.16190521,1.0,0.63256824
VIS_VWFA,0.06982755,0.4634622,-0.018863948,0.63256824,1.0
