,AUD_AWFA,AWFA_p-e09,BIG_OWFA,SYL_mAWFA,VIS_IFG,VIS_VWFA
AUD_AWFA,1.0,0.86050713,0.4090099,0.711259,0.5531932,0.46306634
AWFA_p-e09,0.86050713,1.0,0.34478197,0.66846603,0.45394412,0.4329474
BIG_OWFA,0.4090099,0.34478197,1.0,0.53688633,0.31008592,0.24423704
SYL_mAWFA,0.711259,0.66846603,0.53688633,1.0,0.50738674,0.5594809
VIS_IFG,0.5531932,0.45394412,0.31008592,0.50738674,1.0,0.6254085
VIS_VWFA,0.46306634,0.4329474,0.24423704,0.5594809,0.6254085,1.0
