,cluster_1,cluster_2,cluster_3,cluster_4,cluster_5,cluster_6,cluster_7
cluster_1,1.0,0.39776194,0.72769403,0.63973254,0.30505294,0.11725132,0.79173285
cluster_2,0.39776194,1.0,0.34445438,0.60798794,0.1466597,0.075650305,0.34984872
cluster_3,0.72769403,0.34445438,1.0,0.48828068,0.33066872,-0.054841705,0.5534778
cluster_4,0.63973254,0.60798794,0.48828068,1.0,0.2924829,0.04900162,0.53134185
cluster_5,0.30505294,0.1466597,0.33066872,0.2924829,1.0,0.040755756,0.19784085
cluster_6,0.11725132,0.075650305,-0.054841705,0.04900162,0.040755756,1.0,0.102821745
cluster_7,0.79173285,0.34984872,0.5534778,0.53134185,0.19784085,0.102821745,1.0
