,cluster_1,cluster_2,cluster_3,cluster_4,cluster_5,cluster_6,cluster_7
cluster_1,1.0,0.5196837,0.21755463,0.4025292,0.30515856,0.2779541,0.50236005
cluster_2,0.5196837,1.0,0.36695585,0.61513114,0.3756414,0.057678185,0.517754
cluster_3,0.21755463,0.36695585,1.0,0.16767645,0.14226598,0.035096843,0.10348936
cluster_4,0.4025292,0.61513114,0.16767645,1.0,0.35617894,-0.10986035,0.45095643
cluster_5,0.30515856,0.3756414,0.14226598,0.35617894,1.0,-0.04543178,0.24309027
cluster_6,0.2779541,0.057678185,0.035096843,-0.10986035,-0.04543178,1.0,0.28443378
cluster_7,0.50236005,0.517754,0.10348936,0.45095643,0.24309027,0.28443378,1.0
