,AUD_AWFA,AWFA_p-e09,BIG_OWFA,SYL_mAWFA,VIS_IFG,VIS_VWFA
AUD_AWFA,1.0,0.8388548,0.26607877,0.49430543,0.47578573,0.07343347
AWFA_p-e09,0.8388548,1.0,0.24623075,0.36882275,0.36729985,0.042352818
BIG_OWFA,0.26607877,0.24623075,1.0,0.13734815,0.06079895,-0.05307332
SYL_mAWFA,0.49430543,0.36882275,0.13734815,1.0,0.51742643,0.24518478
VIS_IFG,0.47578573,0.36729985,0.06079895,0.51742643,1.0,0.23428309
VIS_VWFA,0.07343347,0.042352818,-0.05307332,0.24518478,0.23428309,1.0
