,AUD_AWFA,AWFA_p-e09,BIG_OWFA,SYL_mAWFA,VIS_IFG,VIS_VWFA
AUD_AWFA,1.0,0.79576474,0.20078455,0.44526127,0.59107614,0.38956782
AWFA_p-e09,0.79576474,1.0,0.20116888,0.47790474,0.54903513,0.32471082
BIG_OWFA,0.20078455,0.20116888,1.0,0.25773707,0.2608477,0.26648268
SYL_mAWFA,0.44526127,0.47790474,0.25773707,1.0,0.40300754,0.37115973
VIS_IFG,0.59107614,0.54903513,0.2608477,0.40300754,1.0,0.3633495
VIS_VWFA,0.38956782,0.32471082,0.26648268,0.37115973,0.3633495,1.0
