,AUD_AWFA,AWFA_p-e09,BIG_OWFA,SYL_mAWFA,VIS_IFG,VIS_VWFA
AUD_AWFA,1.0,0.9243713,0.120096326,0.5143983,0.5970743,0.16506097
AWFA_p-e09,0.9243713,1.0,0.01972116,0.45730677,0.52591586,0.05755627
BIG_OWFA,0.120096326,0.01972116,1.0,-0.020787677,0.255575,0.6256988
SYL_mAWFA,0.5143983,0.45730677,-0.020787677,1.0,0.2866887,0.14404005
VIS_IFG,0.5970743,0.52591586,0.255575,0.2866887,1.0,0.43872255
VIS_VWFA,0.16506097,0.05755627,0.6256988,0.14404005,0.43872255,1.0
