,AUD_AWFA,AWFA_p-e09,BIG_OWFA,SYL_mAWFA,VIS_IFG,VIS_VWFA,mAWFA_p-e09
AUD_AWFA,1.0,0.74748945,0.42927182,0.41730517,0.5332484,0.1626318,0.33773172
AWFA_p-e09,0.74748945,1.0,0.34412628,0.32517338,0.49041623,0.2669412,0.2233454
BIG_OWFA,0.42927182,0.34412628,1.0,0.3333683,0.22717133,0.15888967,0.3018162
SYL_mAWFA,0.41730517,0.32517338,0.3333683,1.0,0.36002842,0.33779234,0.72133726
VIS_IFG,0.5332484,0.49041623,0.22717133,0.36002842,1.0,0.43829954,0.24598967
VIS_VWFA,0.1626318,0.2669412,0.15888967,0.33779234,0.43829954,1.0,0.21565571
mAWFA_p-e09,0.33773172,0.2233454,0.3018162,0.72133726,0.24598967,0.21565571,1.0
