,AUD_AWFA,AWFA_p-e09,BIG_OWFA,SYL_mAWFA,VIS_IFG,VIS_VWFA
AUD_AWFA,1.0,0.8163809,0.12010222,0.42042756,0.22638182,0.07071708
AWFA_p-e09,0.8163809,1.0,0.032061417,0.28686473,0.31081456,0.10137147
BIG_OWFA,0.12010222,0.032061417,1.0,0.092696,0.030457351,0.1423812
SYL_mAWFA,0.42042756,0.28686473,0.092696,1.0,0.05275741,0.12969773
VIS_IFG,0.22638182,0.31081456,0.030457351,0.05275741,1.0,0.26516086
VIS_VWFA,0.07071708,0.10137147,0.1423812,0.12969773,0.26516086,1.0
