,AUD_AWFA,AWFA_p-e09,BIG_OWFA,SYL_mAWFA,VIS_IFG,VIS_VWFA
AUD_AWFA,1.0,0.88855976,0.63394845,0.8181564,0.725674,0.61167777
AWFA_p-e09,0.88855976,1.0,0.5564441,0.73929167,0.6449027,0.54832804
BIG_OWFA,0.63394845,0.5564441,1.0,0.6508233,0.51257724,0.6003868
SYL_mAWFA,0.8181564,0.73929167,0.6508233,1.0,0.7213517,0.63825864
VIS_IFG,0.725674,0.6449027,0.51257724,0.7213517,1.0,0.6587764
VIS_VWFA,0.61167777,0.54832804,0.6003868,0.63825864,0.6587764,1.0
