,AUD_AWFA,AWFA_p-e09,BIG_OWFA,SYL_mAWFA,VIS_IFG,VIS_VWFA
AUD_AWFA,1.0,0.9248061,0.42860752,0.67553973,0.65610796,0.6770125
AWFA_p-e09,0.9248061,1.0,0.375348,0.56174093,0.6197649,0.655142
BIG_OWFA,0.42860752,0.375348,1.0,0.4457263,0.42530188,0.46588755
SYL_mAWFA,0.67553973,0.56174093,0.4457263,1.0,0.51881343,0.6544307
VIS_IFG,0.65610796,0.6197649,0.42530188,0.51881343,1.0,0.64926386
VIS_VWFA,0.6770125,0.655142,0.46588755,0.6544307,0.64926386,1.0
