,AUD_AWFA,AWFA_p-e09,BIG_OWFA,SYL_mAWFA,VIS_IFG,VIS_VWFA,mAWFA_p-e09
AUD_AWFA,1.0,0.82267404,0.12949051,0.31895146,0.443979,0.39846355,0.28250763
AWFA_p-e09,0.82267404,1.0,0.17283687,0.18523575,0.34243563,0.2818357,0.13354667
BIG_OWFA,0.12949051,0.17283687,1.0,-0.13245386,0.134172,0.23891121,-0.16384898
SYL_mAWFA,0.31895146,0.18523575,-0.13245386,1.0,0.17266908,-0.15093824,0.95918894
VIS_IFG,0.443979,0.34243563,0.134172,0.17266908,1.0,0.52058965,0.12187703
VIS_VWFA,0.39846355,0.2818357,0.23891121,-0.15093824,0.52058965,1.0,-0.18242863
mAWFA_p-e09,0.28250763,0.13354667,-0.16384898,0.95918894,0.12187703,-0.18242863,1.0
