,AUD_AWFA,BIG_OWFA,SYL_mAWFA,VIS_IFG,VIS_VWFA
AUD_AWFA,1.0,0.109943874,0.74246347,0.4331003,0.62394816
BIG_OWFA,0.109943874,1.0,0.054772187,0.37015188,0.5016749
SYL_mAWFA,0.74246347,0.054772187,1.0,0.35853574,0.6562276
VIS_IFG,0.4331003,0.37015188,0.35853574,1.0,0.6268301
VIS_VWFA,0.62394816,0.5016749,0.6562276,0.6268301,1.0
