,AUD_AWFA,BIG_OWFA,SYL_mAWFA,VIS_IFG,VIS_VWFA
AUD_AWFA,1.0,0.28414184,0.47943538,0.52050054,0.4116196
BIG_OWFA,0.28414184,1.0,-0.13288416,0.44942003,0.37113723
SYL_mAWFA,0.47943538,-0.13288416,1.0,0.32361278,0.252243
VIS_IFG,0.52050054,0.44942003,0.32361278,1.0,0.40641928
VIS_VWFA,0.4116196,0.37113723,0.252243,0.40641928,1.0
