,AUD_AWFA,AWFA_p-e09,BIG_OWFA,SYL_mAWFA,VIS_IFG,VIS_VWFA,mAWFA_p-e09
AUD_AWFA,1.0,0.89492565,0.1828067,0.5398253,0.665238,0.4978417,0.60386133
AWFA_p-e09,0.89492565,1.0,0.1813441,0.52498144,0.6675751,0.46967083,0.5821089
BIG_OWFA,0.1828067,0.1813441,1.0,-0.050614946,0.18810184,0.32227245,-0.015288448
SYL_mAWFA,0.5398253,0.52498144,-0.050614946,1.0,0.48792443,0.4729001,0.95169026
VIS_IFG,0.665238,0.6675751,0.18810184,0.48792443,1.0,0.69100857,0.5283661
VIS_VWFA,0.4978417,0.46967083,0.32227245,0.4729001,0.69100857,1.0,0.49658412
mAWFA_p-e09,0.60386133,0.5821089,-0.015288448,0.95169026,0.5283661,0.49658412,1.0
