,AUD_AWFA,BIG_OWFA,SYL_mAWFA,VIS_IFG,VIS_VWFA
AUD_AWFA,1.0,0.29315457,0.52296394,0.63179356,0.47974485
BIG_OWFA,0.29315457,1.0,0.22431687,0.2092627,0.49354815
SYL_mAWFA,0.52296394,0.22431687,1.0,0.45991918,0.481695
VIS_IFG,0.63179356,0.2092627,0.45991918,1.0,0.37671086
VIS_VWFA,0.47974485,0.49354815,0.481695,0.37671086,1.0
