,cluster_1,cluster_2,cluster_3,cluster_4,cluster_5,cluster_6,cluster_7
cluster_1,1.0,0.580891,0.52588856,0.46286634,0.4866847,0.46394703,0.5144082
cluster_2,0.580891,1.0,0.6055012,0.1819895,0.34869644,0.22353917,0.30157536
cluster_3,0.52588856,0.6055012,1.0,0.42822915,0.3237354,0.3133886,0.42578366
cluster_4,0.46286634,0.1819895,0.42822915,1.0,0.11936889,0.30467722,0.3417887
cluster_5,0.4866847,0.34869644,0.3237354,0.11936889,1.0,0.13634346,0.3198735
cluster_6,0.46394703,0.22353917,0.3133886,0.30467722,0.13634346,1.0,0.34205145
cluster_7,0.5144082,0.30157536,0.42578366,0.3417887,0.3198735,0.34205145,1.0
