,AUD_AWFA,AWFA_p-e09,BIG_OWFA,SYL_mAWFA,VIS_IFG,VIS_VWFA
AUD_AWFA,1.0,0.775686,0.23242177,0.43118593,0.42084235,0.082236454
AWFA_p-e09,0.775686,1.0,0.1275106,0.3952073,0.4295593,0.04782225
BIG_OWFA,0.23242177,0.1275106,1.0,0.14691174,0.13927314,0.25859034
SYL_mAWFA,0.43118593,0.3952073,0.14691174,1.0,0.42745584,0.16955593
VIS_IFG,0.42084235,0.4295593,0.13927314,0.42745584,1.0,0.3376933
VIS_VWFA,0.082236454,0.04782225,0.25859034,0.16955593,0.3376933,1.0
