,AUD_AWFA,BIG_OWFA,SYL_mAWFA,VIS_IFG,VIS_VWFA
AUD_AWFA,1.0,0.10619344,0.6003737,0.38623196,0.18992347
BIG_OWFA,0.10619344,1.0,0.2445976,0.244532,0.5118082
SYL_mAWFA,0.6003737,0.2445976,1.0,0.547197,0.39831245
VIS_IFG,0.38623196,0.244532,0.547197,1.0,0.54696405
VIS_VWFA,0.18992347,0.5118082,0.39831245,0.54696405,1.0
