,AUD_AWFA,AWFA_p-e09,BIG_OWFA,SYL_mAWFA,VIS_IFG,VIS_VWFA
AUD_AWFA,1.0,0.9475676,0.44535318,0.7878881,0.6743341,0.75481105
AWFA_p-e09,0.9475676,1.0,0.43834475,0.7569726,0.69302785,0.7354887
BIG_OWFA,0.44535318,0.43834475,1.0,0.43615103,0.38121632,0.6584478
SYL_mAWFA,0.7878881,0.7569726,0.43615103,1.0,0.630743,0.7618031
VIS_IFG,0.6743341,0.69302785,0.38121632,0.630743,1.0,0.715837
VIS_VWFA,0.75481105,0.7354887,0.6584478,0.7618031,0.715837,1.0
