,AUD_AWFA,BIG_OWFA,SYL_mAWFA,VIS_IFG,VIS_VWFA
AUD_AWFA,1.0,0.38266367,0.718681,0.6208375,0.5371594
BIG_OWFA,0.38266367,1.0,0.4227972,0.3519058,0.56091523
SYL_mAWFA,0.718681,0.4227972,1.0,0.64494795,0.68827635
VIS_IFG,0.6208375,0.3519058,0.64494795,1.0,0.61921096
VIS_VWFA,0.5371594,0.56091523,0.68827635,0.61921096,1.0
