,AUD_AWFA,BIG_OWFA,SYL_mAWFA,VIS_IFG,VIS_VWFA
AUD_AWFA,1.0,0.3883591,0.66683686,0.6688088,0.59283954
BIG_OWFA,0.3883591,1.0,0.38379094,0.271295,0.4837174
SYL_mAWFA,0.66683686,0.38379094,1.0,0.48852462,0.6918249
VIS_IFG,0.6688088,0.271295,0.48852462,1.0,0.5651063
VIS_VWFA,0.59283954,0.4837174,0.6918249,0.5651063,1.0
