,AUD_AWFA,BIG_OWFA,SYL_mAWFA,VIS_IFG,VIS_VWFA
AUD_AWFA,1.0,0.36665598,0.43051907,0.4980061,0.44531327
BIG_OWFA,0.36665598,1.0,0.017264824,0.29230937,0.46326262
SYL_mAWFA,0.43051907,0.017264824,1.0,0.19791445,0.16622737
VIS_IFG,0.4980061,0.29230937,0.19791445,1.0,0.5642213
VIS_VWFA,0.44531327,0.46326262,0.16622737,0.5642213,1.0
