,AUD_AWFA,AWFA_p-e09,BIG_OWFA,SYL_mAWFA,VIS_IFG,VIS_VWFA
AUD_AWFA,1.0,0.8463823715879396,0.3084757375701878,0.5786357485466093,0.4370627948346161,0.3129399871720599
AWFA_p-e09,0.8463823715879396,1.0,0.24157953515873545,0.5041991040686994,0.3856256730799733,0.2790094580563693
BIG_OWFA,0.3084757375701878,0.24157953515873545,1.0,0.3997680213647241,0.2321496597362971,0.3861624895491941
SYL_mAWFA,0.5786357485466093,0.5041991040686994,0.3997680213647241,1.0,0.442037885214929,0.4213296791695152
VIS_IFG,0.4370627948346161,0.3856256730799733,0.2321496597362971,0.442037885214929,1.0,0.4359100359918683
VIS_VWFA,0.3129399871720599,0.2790094580563693,0.3861624895491941,0.4213296791695152,0.4359100359918683,1.0
