,AUD_AWFA,AWFA_p-e09,BIG_OWFA,SYL_mAWFA,VIS_IFG,VIS_VWFA
AUD_AWFA,1.0,0.91055286,0.5650356,0.76987815,0.5291863,0.67769575
AWFA_p-e09,0.91055286,1.0,0.5238266,0.7178378,0.5330289,0.59877545
BIG_OWFA,0.5650356,0.5238266,1.0,0.6430989,0.30483654,0.70632356
SYL_mAWFA,0.76987815,0.7178378,0.6430989,1.0,0.60131085,0.74266505
VIS_IFG,0.5291863,0.5330289,0.30483654,0.60131085,1.0,0.43512908
VIS_VWFA,0.67769575,0.59877545,0.70632356,0.74266505,0.43512908,1.0
