,AUD_AWFA,AWFA_p-e09,BIG_OWFA,SYL_mAWFA,VIS_IFG,VIS_VWFA
AUD_AWFA,1.0,0.89231825,0.19241446,0.5691006,0.22753222,0.11632051
AWFA_p-e09,0.89231825,1.0,0.16188823,0.44559678,0.1462427,0.044579588
BIG_OWFA,0.19241446,0.16188823,1.0,0.32239416,0.27111998,0.33115533
SYL_mAWFA,0.5691006,0.44559678,0.32239416,1.0,0.5455275,0.35932657
VIS_IFG,0.22753222,0.1462427,0.27111998,0.5455275,1.0,0.48685166
VIS_VWFA,0.11632051,0.044579588,0.33115533,0.35932657,0.48685166,1.0
