,AUD_AWFA,AWFA_p-e09,BIG_OWFA,SYL_mAWFA,VIS_IFG,VIS_VWFA,mAWFA_p-e09
AUD_AWFA,1.0,0.91099316,0.2589651,0.69195265,0.6489145,0.5201721,0.6516713
AWFA_p-e09,0.91099316,1.0,0.18688731,0.662819,0.5950179,0.45872518,0.65291387
BIG_OWFA,0.2589651,0.18688731,1.0,0.093059994,0.27768803,0.4630438,0.027617414
SYL_mAWFA,0.69195265,0.662819,0.093059994,1.0,0.59499437,0.42721406,0.931689
VIS_IFG,0.6489145,0.5950179,0.27768803,0.59499437,1.0,0.5873604,0.53811747
VIS_VWFA,0.5201721,0.45872518,0.4630438,0.42721406,0.5873604,1.0,0.35786486
mAWFA_p-e09,0.6516713,0.65291387,0.027617414,0.931689,0.53811747,0.35786486,1.0
