,AUD_AWFA,AWFA_p-e09,BIG_OWFA,SYL_mAWFA,VIS_IFG,VIS_VWFA
AUD_AWFA,1.0,0.8119111,0.078841425,0.46667984,0.32871914,0.06929964
AWFA_p-e09,0.8119111,1.0,0.0673032,0.40282416,0.27534494,0.09050083
BIG_OWFA,0.078841425,0.0673032,1.0,0.106758274,0.012852721,0.21342184
SYL_mAWFA,0.46667984,0.40282416,0.106758274,1.0,0.3171811,0.1310701
VIS_IFG,0.32871914,0.27534494,0.012852721,0.3171811,1.0,0.31480396
VIS_VWFA,0.06929964,0.09050083,0.21342184,0.1310701,0.31480396,1.0
