,AUD_AWFA,AWFA_p-e09,BIG_OWFA,SYL_mAWFA,VIS_IFG,VIS_VWFA
AUD_AWFA,1.0,0.9037857,0.117939234,0.2800108,0.44564092,0.10024506
AWFA_p-e09,0.9037857,1.0,0.062116113,0.29327404,0.48414633,0.10505778
BIG_OWFA,0.117939234,0.062116113,1.0,0.59230036,0.14626828,0.46643138
SYL_mAWFA,0.2800108,0.29327404,0.59230036,1.0,0.37834817,0.5265676
VIS_IFG,0.44564092,0.48414633,0.14626828,0.37834817,1.0,0.54747295
VIS_VWFA,0.10024506,0.10505778,0.46643138,0.5265676,0.54747295,1.0
