,AUD_AWFA,AWFA_p-e09,BIG_OWFA,SYL_mAWFA,VIS_IFG,VIS_VWFA
AUD_AWFA,1.0,0.790155,0.2693422,0.5411578,0.27958846,-0.03745166
AWFA_p-e09,0.790155,1.0,0.1467862,0.4234159,0.25442755,0.05456473
BIG_OWFA,0.2693422,0.1467862,1.0,0.505654,0.024446484,0.22060923
SYL_mAWFA,0.5411578,0.4234159,0.505654,1.0,0.04591965,0.08490847
VIS_IFG,0.27958846,0.25442755,0.024446484,0.04591965,1.0,0.26271042
VIS_VWFA,-0.03745166,0.05456473,0.22060923,0.08490847,0.26271042,1.0
