,AUD_AWFA,BIG_OWFA,SYL_mAWFA,VIS_IFG,VIS_VWFA
AUD_AWFA,1.0,0.17001103,0.44053376,0.46035758,0.18900649
BIG_OWFA,0.17001103,1.0,0.35224575,0.2311138,0.5163803
SYL_mAWFA,0.44053376,0.35224575,1.0,0.6370127,0.3996176
VIS_IFG,0.46035758,0.2311138,0.6370127,1.0,0.50731224
VIS_VWFA,0.18900649,0.5163803,0.3996176,0.50731224,1.0
