,AUD_AWFA,AWFA_p-e09,BIG_OWFA,SYL_mAWFA,VIS_IFG,VIS_VWFA,mAWFA_p-e09
AUD_AWFA,1.0,0.8835906,0.22529802,0.67150795,0.56984365,0.19137098,0.6865535
AWFA_p-e09,0.8835906,1.0,0.14551285,0.6594458,0.4879211,0.14260794,0.6665456
BIG_OWFA,0.22529802,0.14551285,1.0,0.13444807,0.39257687,0.3423127,0.09449167
SYL_mAWFA,0.67150795,0.6594458,0.13444807,1.0,0.7033605,0.3179613,0.9365073
VIS_IFG,0.56984365,0.4879211,0.39257687,0.7033605,1.0,0.37670025,0.6499155
VIS_VWFA,0.19137098,0.14260794,0.3423127,0.3179613,0.37670025,1.0,0.2854822
mAWFA_p-e09,0.6865535,0.6665456,0.09449167,0.9365073,0.6499155,0.2854822,1.0
