,AUD_AWFA,BIG_OWFA,SYL_mAWFA,VIS_IFG,VIS_VWFA
AUD_AWFA,1.0,-0.065876015,0.49469218,0.19292237,0.17989874
BIG_OWFA,-0.065876015,1.0,0.07594164,0.09488784,0.3204558
SYL_mAWFA,0.49469218,0.07594164,1.0,0.29473385,0.40747073
VIS_IFG,0.19292237,0.09488784,0.29473385,1.0,0.30488065
VIS_VWFA,0.17989874,0.3204558,0.40747073,0.30488065,1.0
