,AUD_AWFA,AWFA_p-e09,BIG_OWFA,SYL_mAWFA,VIS_IFG,VIS_VWFA,mAWFA_p-e09
AUD_AWFA,1.0,0.91648275,-0.011066436,0.6116969,0.25907826,0.24179381,0.5031728
AWFA_p-e09,0.91648275,1.0,-0.015082583,0.6314149,0.33184355,0.2780329,0.5192975
BIG_OWFA,-0.011066436,-0.015082583,1.0,-0.32607654,0.36974648,0.56508243,-0.37337574
SYL_mAWFA,0.6116969,0.6314149,-0.32607654,1.0,0.14167674,-0.10852924,0.94937086
VIS_IFG,0.25907826,0.33184355,0.36974648,0.14167674,1.0,0.7068205,0.07732345
VIS_VWFA,0.24179381,0.2780329,0.56508243,-0.10852924,0.7068205,1.0,-0.18220735
mAWFA_p-e09,0.5031728,0.5192975,-0.37337574,0.94937086,0.07732345,-0.18220735,1.0
