,AUD_AWFA,AWFA_p-e09,BIG_OWFA,SYL_mAWFA,VIS_IFG,VIS_VWFA
AUD_AWFA,1.0,0.9283378,0.3820134,0.25866032,0.4170564,0.56327313
AWFA_p-e09,0.9283378,1.0,0.3684899,0.2520303,0.32506558,0.5727671
BIG_OWFA,0.3820134,0.3684899,1.0,-0.07723072,0.39295387,0.70708364
SYL_mAWFA,0.25866032,0.2520303,-0.07723072,1.0,0.07737433,-0.032391977
VIS_IFG,0.4170564,0.32506558,0.39295387,0.07737433,1.0,0.4662574
VIS_VWFA,0.56327313,0.5727671,0.70708364,-0.032391977,0.4662574,1.0
