,AUD_AWFA,AWFA_p-e09,BIG_OWFA,SYL_mAWFA,VIS_IFG,VIS_VWFA
AUD_AWFA,1.0,0.92161125,0.5471889,0.6087763,0.23461275,0.5675553
AWFA_p-e09,0.92161125,1.0,0.49675426,0.5754266,0.24528395,0.53394914
BIG_OWFA,0.5471889,0.49675426,1.0,0.6487575,0.19101472,0.60836655
SYL_mAWFA,0.6087763,0.5754266,0.6487575,1.0,0.20700528,0.6777174
VIS_IFG,0.23461275,0.24528395,0.19101472,0.20700528,1.0,0.45206943
VIS_VWFA,0.5675553,0.53394914,0.60836655,0.6777174,0.45206943,1.0
