,AUD_AWFA,BIG_OWFA,SYL_mAWFA,VIS_IFG,VIS_VWFA
AUD_AWFA,1.0,0.1786945,0.51813227,0.6033752,0.4416449
BIG_OWFA,0.1786945,1.0,0.3559139,0.2931889,0.50126636
SYL_mAWFA,0.51813227,0.3559139,1.0,0.5500757,0.55306065
VIS_IFG,0.6033752,0.2931889,0.5500757,1.0,0.62273735
VIS_VWFA,0.4416449,0.50126636,0.55306065,0.62273735,1.0
