,AUD_AWFA,AWFA_p-e09,BIG_OWFA,SYL_mAWFA,VIS_IFG,VIS_VWFA
AUD_AWFA,1.0,0.9409983,0.37569058,0.8605311,0.43418017,0.5520922
AWFA_p-e09,0.9409983,1.0,0.35941705,0.84579897,0.43923065,0.5245848
BIG_OWFA,0.37569058,0.35941705,1.0,0.39808047,0.3484644,0.6826707
SYL_mAWFA,0.8605311,0.84579897,0.39808047,1.0,0.53346443,0.54645395
VIS_IFG,0.43418017,0.43923065,0.3484644,0.53346443,1.0,0.43655476
VIS_VWFA,0.5520922,0.5245848,0.6826707,0.54645395,0.43655476,1.0
