,AUD_AWFA,AWFA_p-e09,BIG_OWFA,SYL_mAWFA,VIS_IFG,VIS_VWFA,mAWFA_p-e09
AUD_AWFA,1.0,0.83163106,0.08123614,0.31919947,0.07597295,0.06256225,0.30458692
AWFA_p-e09,0.83163106,1.0,0.019006858,0.18777396,0.053996984,0.1146546,0.14870133
BIG_OWFA,0.08123614,0.019006858,1.0,0.2950956,-0.0041041137,0.0108069545,0.31000477
SYL_mAWFA,0.31919947,0.18777396,0.2950956,1.0,0.25282085,0.079312354,0.8714054
VIS_IFG,0.07597295,0.053996984,-0.0041041137,0.25282085,1.0,0.42592156,0.2014851
VIS_VWFA,0.06256225,0.1146546,0.0108069545,0.079312354,0.42592156,1.0,0.009636765
mAWFA_p-e09,0.30458692,0.14870133,0.31000477,0.8714054,0.2014851,0.009636765,1.0
