,AUD_AWFA,AWFA_p-e09,BIG_OWFA,SYL_mAWFA,VIS_IFG,VIS_VWFA
AUD_AWFA,1.0,0.7490007,0.14524007,0.29602715,0.3767743,0.23127626
AWFA_p-e09,0.7490007,1.0,-0.00034713536,0.34959754,0.24949183,0.11327432
BIG_OWFA,0.14524007,-0.00034713536,1.0,0.24439965,0.18489428,0.29286182
SYL_mAWFA,0.29602715,0.34959754,0.24439965,1.0,0.11021777,0.2870385
VIS_IFG,0.3767743,0.24949183,0.18489428,0.11021777,1.0,0.39616245
VIS_VWFA,0.23127626,0.11327432,0.29286182,0.2870385,0.39616245,1.0
