,AUD_AWFA,AWFA_p-e09,BIG_OWFA,SYL_mAWFA,VIS_IFG,VIS_VWFA
AUD_AWFA,1.0,0.8360848,0.17897548,0.518947,0.60432404,0.4423394
AWFA_p-e09,0.8360848,1.0,0.11995692,0.4476547,0.5544015,0.42443374
BIG_OWFA,0.17897548,0.11995692,1.0,0.35647362,0.29364997,0.50205463
SYL_mAWFA,0.518947,0.4476547,0.35647362,1.0,0.5509408,0.5539304
VIS_IFG,0.60432404,0.5544015,0.29364997,0.5509408,1.0,0.6237167
VIS_VWFA,0.4423394,0.42443374,0.50205463,0.5539304,0.6237167,1.0
