,AUD_AWFA,AWFA_p-e09,BIG_OWFA,SYL_mAWFA,VIS_IFG,VIS_VWFA,mAWFA_p-e09
AUD_AWFA,1.0,0.9409467,0.16119508,0.6609943,0.5290746,0.22787964,0.60949075
AWFA_p-e09,0.9409467,1.0,0.16043006,0.6587845,0.48717552,0.18690564,0.61560994
BIG_OWFA,0.16119508,0.16043006,1.0,0.12770557,0.30767006,0.5197834,0.10535324
SYL_mAWFA,0.6609943,0.6587845,0.12770557,1.0,0.62760794,0.149699,0.9646598
VIS_IFG,0.5290746,0.48717552,0.30767006,0.62760794,1.0,0.36008614,0.5723074
VIS_VWFA,0.22787964,0.18690564,0.5197834,0.149699,0.36008614,1.0,0.09799258
mAWFA_p-e09,0.60949075,0.61560994,0.10535324,0.9646598,0.5723074,0.09799258,1.0
