,AUD_AWFA,AWFA_p-e09,BIG_OWFA,SYL_mAWFA,VIS_IFG,VIS_VWFA,mAWFA_p-e09
AUD_AWFA,1.0,0.90875554,0.30998892,0.44262755,0.6332157,0.41076773,0.42829508
AWFA_p-e09,0.90875554,1.0,0.30248976,0.45047677,0.60208505,0.36191434,0.43423972
BIG_OWFA,0.30998892,0.30248976,1.0,-0.056748725,0.13336626,0.5471459,-0.06937992
SYL_mAWFA,0.44262755,0.45047677,-0.056748725,1.0,0.38103187,0.10441344,0.9594193
VIS_IFG,0.6332157,0.60208505,0.13336626,0.38103187,1.0,0.5072815,0.37976167
VIS_VWFA,0.41076773,0.36191434,0.5471459,0.10441344,0.5072815,1.0,0.08521837
mAWFA_p-e09,0.42829508,0.43423972,-0.06937992,0.9594193,0.37976167,0.08521837,1.0
