,AUD_AWFA,AWFA_p-e09,BIG_OWFA,SYL_mAWFA,VIS_IFG,VIS_VWFA
AUD_AWFA,1.0,0.90831816,0.08286737,0.65020597,0.4048523,0.3705961
AWFA_p-e09,0.90831816,1.0,0.118285365,0.5946008,0.40391508,0.40527573
BIG_OWFA,0.08286737,0.118285365,1.0,0.13053904,0.18895394,0.47463796
SYL_mAWFA,0.65020597,0.5946008,0.13053904,1.0,0.43519932,0.47853443
VIS_IFG,0.4048523,0.40391508,0.18895394,0.43519932,1.0,0.42501208
VIS_VWFA,0.3705961,0.40527573,0.47463796,0.47853443,0.42501208,1.0
