,AUD_AWFA,AWFA_p-e09,BIG_OWFA,SYL_mAWFA,VIS_IFG,VIS_VWFA,mAWFA_p-e09
AUD_AWFA,1.0,0.90035236,0.2632085,0.7984867,0.46726856,0.5545911,0.7694113
AWFA_p-e09,0.90035236,1.0,0.17159863,0.681271,0.39681777,0.51701105,0.6845659
BIG_OWFA,0.2632085,0.17159863,1.0,0.4183686,0.28530777,0.40049732,0.36618018
SYL_mAWFA,0.7984867,0.681271,0.4183686,1.0,0.49765232,0.5218237,0.9348928
VIS_IFG,0.46726856,0.39681777,0.28530777,0.49765232,1.0,0.49090746,0.47315845
VIS_VWFA,0.5545911,0.51701105,0.40049732,0.5218237,0.49090746,1.0,0.5012527
mAWFA_p-e09,0.7694113,0.6845659,0.36618018,0.9348928,0.47315845,0.5012527,1.0
