,AUD_AWFA,AWFA_p-e09,BIG_OWFA,SYL_mAWFA,VIS_IFG,VIS_VWFA,mAWFA_p-e09
AUD_AWFA,1.0,0.82647306,0.35492596,0.5628938,0.42329946,0.35137668,0.50675285
AWFA_p-e09,0.82647306,1.0,0.2667838,0.4158919,0.25633153,0.21704201,0.3705564
BIG_OWFA,0.35492596,0.2667838,1.0,0.37293515,0.20956717,0.34212923,0.38391432
SYL_mAWFA,0.5628938,0.4158919,0.37293515,1.0,0.48495227,0.57348114,0.9048333
VIS_IFG,0.42329946,0.25633153,0.20956717,0.48495227,1.0,0.47146502,0.44719964
VIS_VWFA,0.35137668,0.21704201,0.34212923,0.57348114,0.47146502,1.0,0.5436468
mAWFA_p-e09,0.50675285,0.3705564,0.38391432,0.9048333,0.44719964,0.5436468,1.0
