,AUD_AWFA,AWFA_p-e09,BIG_OWFA,SYL_mAWFA,VIS_IFG,VIS_VWFA,mAWFA_p-e09
AUD_AWFA,1.0,0.93550724,0.35883898,0.41523632,0.5618561,0.47067225,0.32717404
AWFA_p-e09,0.93550724,1.0,0.3771258,0.37251335,0.5813966,0.47697833,0.29424748
BIG_OWFA,0.35883898,0.3771258,1.0,-0.0026087677,0.36622292,0.49873087,-0.100125074
SYL_mAWFA,0.41523632,0.37251335,-0.0026087677,1.0,0.18894225,0.26152426,0.9545751
VIS_IFG,0.5618561,0.5813966,0.36622292,0.18894225,1.0,0.6883459,0.098619364
VIS_VWFA,0.47067225,0.47697833,0.49873087,0.26152426,0.6883459,1.0,0.13750163
mAWFA_p-e09,0.32717404,0.29424748,-0.100125074,0.9545751,0.098619364,0.13750163,1.0
