,cluster_1,cluster_2,cluster_3,cluster_4,cluster_5,cluster_6,cluster_7
cluster_1,1.0,0.4998107,0.54034746,0.24401183,0.13148706,0.51534486,0.6639684
cluster_2,0.4998107,1.0,0.6013027,0.30796728,0.14451355,0.15940177,0.4281615
cluster_3,0.54034746,0.6013027,1.0,0.2994786,0.15013929,0.31168503,0.27719593
cluster_4,0.24401183,0.30796728,0.2994786,1.0,0.010357117,0.14911415,0.1613813
cluster_5,0.13148706,0.14451355,0.15013929,0.010357117,1.0,0.050126124,0.15724021
cluster_6,0.51534486,0.15940177,0.31168503,0.14911415,0.050126124,1.0,0.3486277
cluster_7,0.6639684,0.4281615,0.27719593,0.1613813,0.15724021,0.3486277,1.0
