,AUD_AWFA,AWFA_p-e09,BIG_OWFA,SYL_mAWFA,VIS_IFG,VIS_VWFA,mAWFA_p-e09
AUD_AWFA,1.0,0.8934516,0.26986784,0.5617431,0.5177583,0.12392965,0.5087947
AWFA_p-e09,0.8934516,1.0,0.2228173,0.47362927,0.46146756,0.059440766,0.4168822
BIG_OWFA,0.26986784,0.2228173,1.0,0.39860803,0.271882,0.39584133,0.39140567
SYL_mAWFA,0.5617431,0.47362927,0.39860803,1.0,0.50255424,0.34086832,0.87476134
VIS_IFG,0.5177583,0.46146756,0.271882,0.50255424,1.0,0.33488408,0.39549392
VIS_VWFA,0.12392965,0.059440766,0.39584133,0.34086832,0.33488408,1.0,0.28077918
mAWFA_p-e09,0.5087947,0.4168822,0.39140567,0.87476134,0.39549392,0.28077918,1.0
