,AUD_AWFA,AWFA_p-e09,BIG_OWFA,SYL_mAWFA,VIS_IFG,VIS_VWFA
AUD_AWFA,1.0,0.8584826,0.4294394,0.5540194,0.23874715,0.17616831
AWFA_p-e09,0.8584826,1.0,0.33799955,0.4624699,0.21174191,0.16872992
BIG_OWFA,0.4294394,0.33799955,1.0,0.5652229,0.103222266,0.36856058
SYL_mAWFA,0.5540194,0.4624699,0.5652229,1.0,0.13278013,0.457783
VIS_IFG,0.23874715,0.21174191,0.103222266,0.13278013,1.0,0.27687383
VIS_VWFA,0.17616831,0.16872992,0.36856058,0.457783,0.27687383,1.0
