,AUD_AWFA,AWFA_p-e09,BIG_OWFA,SYL_mAWFA,VIS_IFG,VIS_VWFA
AUD_AWFA,1.0,0.9192072,0.20764385,0.40278712,0.3313674,0.09407289
AWFA_p-e09,0.9192072,1.0,0.15055674,0.3760924,0.27815273,-0.003984533
BIG_OWFA,0.20764385,0.15055674,1.0,-0.19609334,0.26208818,0.37025252
SYL_mAWFA,0.40278712,0.3760924,-0.19609334,1.0,0.20669545,0.03733448
VIS_IFG,0.3313674,0.27815273,0.26208818,0.20669545,1.0,0.49503878
VIS_VWFA,0.09407289,-0.003984533,0.37025252,0.03733448,0.49503878,1.0
