,AUD_AWFA,BIG_OWFA,SYL_mAWFA,VIS_IFG,VIS_VWFA
AUD_AWFA,1.0,0.20809782,0.74540526,0.5294758,0.5074083
BIG_OWFA,0.20809782,1.0,0.11700077,0.27621797,0.44318563
SYL_mAWFA,0.74540526,0.11700077,1.0,0.3959662,0.5626587
VIS_IFG,0.5294758,0.27621797,0.3959662,1.0,0.43507916
VIS_VWFA,0.5074083,0.44318563,0.5626587,0.43507916,1.0
