,cluster_1,cluster_2,cluster_3,cluster_4,cluster_5,cluster_6,cluster_7
cluster_1,1.0,0.6033649,0.6704489,0.36962414,0.23827428,0.43209785,0.4453203
cluster_2,0.6033649,1.0,0.48479664,0.38013807,0.28790691,0.2818926,0.31893915
cluster_3,0.6704489,0.48479664,1.0,0.42245978,0.22936764,0.29120004,0.32599196
cluster_4,0.36962414,0.38013807,0.42245978,1.0,0.13733858,0.37188455,0.39419293
cluster_5,0.23827428,0.28790691,0.22936764,0.13733858,1.0,0.014570044,0.22933276
cluster_6,0.43209785,0.2818926,0.29120004,0.37188455,0.014570044,1.0,0.419096
cluster_7,0.4453203,0.31893915,0.32599196,0.39419293,0.22933276,0.419096,1.0
