,AUD_AWFA,AWFA_p-e09,BIG_OWFA,SYL_mAWFA,VIS_IFG,VIS_VWFA
AUD_AWFA,1.0,0.87213963,0.26689243,0.309703,0.47653338,0.299677
AWFA_p-e09,0.87213963,1.0,0.30229878,0.285638,0.35697666,0.28956762
BIG_OWFA,0.26689243,0.30229878,1.0,0.1081614,0.3108742,0.42840058
SYL_mAWFA,0.309703,0.285638,0.1081614,1.0,0.25947487,0.21590848
VIS_IFG,0.47653338,0.35697666,0.3108742,0.25947487,1.0,0.510199
VIS_VWFA,0.299677,0.28956762,0.42840058,0.21590848,0.510199,1.0
