,AUD_AWFA,BIG_OWFA,SYL_mAWFA,VIS_IFG,VIS_VWFA
AUD_AWFA,1.0,0.0054595973,0.13519058,0.15316533,-0.0119894175
BIG_OWFA,0.0054595973,1.0,-0.18640253,0.2734658,0.33720988
SYL_mAWFA,0.13519058,-0.18640253,1.0,-0.0024421704,-0.1578725
VIS_IFG,0.15316533,0.2734658,-0.0024421704,1.0,0.4843384
VIS_VWFA,-0.0119894175,0.33720988,-0.1578725,0.4843384,1.0
