,AUD_AWFA,AWFA_p-e09,BIG_OWFA,SYL_mAWFA,VIS_IFG,VIS_VWFA
AUD_AWFA,1.0,0.8155245,0.1126316,0.2574361,0.3250707,0.099902466
AWFA_p-e09,0.8155245,1.0,0.07688424,0.26147333,0.32632273,0.1541199
BIG_OWFA,0.1126316,0.07688424,1.0,0.13568628,0.16458336,0.10628038
SYL_mAWFA,0.2574361,0.26147333,0.13568628,1.0,0.32730508,0.4590865
VIS_IFG,0.3250707,0.32632273,0.16458336,0.32730508,1.0,0.42846814
VIS_VWFA,0.099902466,0.1541199,0.10628038,0.4590865,0.42846814,1.0
