,cluster_1,cluster_2,cluster_3,cluster_4,cluster_5,cluster_6,cluster_7
cluster_1,1.0,0.4671348,0.6534201,0.55838823,0.42846084,0.3727367,0.63966507
cluster_2,0.4671348,1.0,0.2837066,0.16706838,0.2914036,-0.040749323,0.43206212
cluster_3,0.6534201,0.2837066,1.0,0.35240394,0.4085236,0.43917343,0.44128934
cluster_4,0.55838823,0.16706838,0.35240394,1.0,0.22819668,0.3336817,0.3439139
cluster_5,0.42846084,0.2914036,0.4085236,0.22819668,1.0,0.05350077,0.33961776
cluster_6,0.3727367,-0.040749323,0.43917343,0.3336817,0.05350077,1.0,0.23521814
cluster_7,0.63966507,0.43206212,0.44128934,0.3439139,0.33961776,0.23521814,1.0
