,AUD_AWFA,AWFA_p-e09,BIG_OWFA,SYL_mAWFA,VIS_IFG,VIS_VWFA
AUD_AWFA,1.0,0.87492955,0.14527473,0.58335584,0.0151945995,-0.09604845
AWFA_p-e09,0.87492955,1.0,0.15363874,0.6250911,0.048728578,-0.048783854
BIG_OWFA,0.14527473,0.15363874,1.0,0.21556078,0.061203264,0.3231186
SYL_mAWFA,0.58335584,0.6250911,0.21556078,1.0,0.15206897,0.14558339
VIS_IFG,0.0151945995,0.048728578,0.061203264,0.15206897,1.0,0.39802682
VIS_VWFA,-0.09604845,-0.048783854,0.3231186,0.14558339,0.39802682,1.0
