,AUD_AWFA,AWFA_p-e09,BIG_OWFA,SYL_mAWFA,VIS_IFG,VIS_VWFA
AUD_AWFA,1.0,0.90377223,0.43247467,0.73471427,0.56111634,0.60648006
AWFA_p-e09,0.90377223,1.0,0.41068736,0.6706734,0.51844364,0.5687599
BIG_OWFA,0.43247467,0.41068736,1.0,0.5540974,0.18943644,0.586767
SYL_mAWFA,0.73471427,0.6706734,0.5540974,1.0,0.61015713,0.71206546
VIS_IFG,0.56111634,0.51844364,0.18943644,0.61015713,1.0,0.58457166
VIS_VWFA,0.60648006,0.5687599,0.586767,0.71206546,0.58457166,1.0
