,AUD_AWFA,AWFA_p-e09,BIG_OWFA,SYL_mAWFA,VIS_IFG,VIS_VWFA
AUD_AWFA,1.0,0.79269266,0.24037096,0.61279726,0.22749726,0.37899268
AWFA_p-e09,0.79269266,1.0,0.14064083,0.5176792,0.104280286,0.40262616
BIG_OWFA,0.24037096,0.14064083,1.0,0.3550819,0.24141379,0.07757195
SYL_mAWFA,0.61279726,0.5176792,0.3550819,1.0,0.181739,0.4269535
VIS_IFG,0.22749726,0.104280286,0.24141379,0.181739,1.0,0.33233577
VIS_VWFA,0.37899268,0.40262616,0.07757195,0.4269535,0.33233577,1.0
