,AUD_AWFA,AWFA_p-e09,BIG_OWFA,SYL_mAWFA,VIS_IFG,VIS_VWFA
AUD_AWFA,1.0,0.72264403,0.33001795,0.6101848,0.3036548,0.11414688
AWFA_p-e09,0.72264403,1.0,0.25070396,0.48782456,0.3414427,0.26727706
BIG_OWFA,0.33001795,0.25070396,1.0,0.45159748,0.2751471,0.2852785
SYL_mAWFA,0.6101848,0.48782456,0.45159748,1.0,0.3123945,0.17861675
VIS_IFG,0.3036548,0.3414427,0.2751471,0.3123945,1.0,0.35280612
VIS_VWFA,0.11414688,0.26727706,0.2852785,0.17861675,0.35280612,1.0
