,AUD_AWFA,AWFA_p-e09,BIG_OWFA,SYL_mAWFA,VIS_IFG,VIS_VWFA
AUD_AWFA,1.0,0.89832777,0.16213964,0.42724764,0.42651233,0.1284263
AWFA_p-e09,0.89832777,1.0,0.09623815,0.3456985,0.33030438,0.03650098
BIG_OWFA,0.16213964,0.09623815,1.0,0.38317317,0.10912472,0.25991768
SYL_mAWFA,0.42724764,0.3456985,0.38317317,1.0,0.52134216,0.34506586
VIS_IFG,0.42651233,0.33030438,0.10912472,0.52134216,1.0,0.29762614
VIS_VWFA,0.1284263,0.03650098,0.25991768,0.34506586,0.29762614,1.0
