,AUD_AWFA,AWFA_p-e09,BIG_OWFA,SYL_mAWFA,VIS_IFG,VIS_VWFA,mAWFA_p-e09
AUD_AWFA,1.0,0.8266681,0.12161561,0.4257253,0.22923444,0.071608186,0.28060108
AWFA_p-e09,0.8266681,1.0,0.03246542,0.29047948,0.31473112,0.10264885,0.19904707
BIG_OWFA,0.12161561,0.03246542,1.0,0.09386407,0.030841142,0.14417534,-0.07423484
SYL_mAWFA,0.4257253,0.29047948,0.09386407,1.0,0.0534222,0.13133202,0.7043249
VIS_IFG,0.22923444,0.31473112,0.030841142,0.0534222,1.0,0.26850212,0.018179271
VIS_VWFA,0.071608186,0.10264885,0.14417534,0.13133202,0.26850212,1.0,0.05607762
mAWFA_p-e09,0.28060108,0.19904707,-0.07423484,0.7043249,0.018179271,0.05607762,1.0
