,AUD_AWFA,AWFA_p-e09,BIG_OWFA,SYL_mAWFA,VIS_IFG,VIS_VWFA,mAWFA_p-e09
AUD_AWFA,1.0,0.8277577,0.37389416,0.5036221,0.38991436,0.29997036,0.42389843
AWFA_p-e09,0.8277577,1.0,0.23056148,0.37641126,0.32205734,0.1516562,0.33361918
BIG_OWFA,0.37389416,0.23056148,1.0,0.35219666,0.3466967,0.5290348,0.27094802
SYL_mAWFA,0.5036221,0.37641126,0.35219666,1.0,0.35870928,0.40793243,0.85450387
VIS_IFG,0.38991436,0.32205734,0.3466967,0.35870928,1.0,0.42436785,0.29609329
VIS_VWFA,0.29997036,0.1516562,0.5290348,0.40793243,0.42436785,1.0,0.3368399
mAWFA_p-e09,0.42389843,0.33361918,0.27094802,0.85450387,0.29609329,0.3368399,1.0
