,AUD_AWFA,AWFA_p-e09,BIG_OWFA,SYL_mAWFA,VIS_IFG,VIS_VWFA,mAWFA_p-e09
AUD_AWFA,1.0,0.90080744,0.1893862,0.50332415,0.4058484,0.29002738,0.5197127
AWFA_p-e09,0.90080744,1.0,0.1397382,0.4200729,0.24558578,0.21337879,0.42668074
BIG_OWFA,0.1893862,0.1397382,1.0,-0.043259133,0.24263227,0.5567858,-0.022523433
SYL_mAWFA,0.50332415,0.4200729,-0.043259133,1.0,0.22993647,-0.14197822,0.94943774
VIS_IFG,0.4058484,0.24558578,0.24263227,0.22993647,1.0,0.5105838,0.26886058
VIS_VWFA,0.29002738,0.21337879,0.5567858,-0.14197822,0.5105838,1.0,-0.06698358
mAWFA_p-e09,0.5197127,0.42668074,-0.022523433,0.94943774,0.26886058,-0.06698358,1.0
