,AUD_AWFA,BIG_OWFA,SYL_mAWFA,VIS_IFG,VIS_VWFA
AUD_AWFA,1.0,0.21838796,0.61079365,0.5262858,0.3298084
BIG_OWFA,0.21838796,1.0,0.225867,0.26356962,0.4709453
SYL_mAWFA,0.61079365,0.225867,1.0,0.5033841,0.35217342
VIS_IFG,0.5262858,0.26356962,0.5033841,1.0,0.4448526
VIS_VWFA,0.3298084,0.4709453,0.35217342,0.4448526,1.0
