,AUD_AWFA,AWFA_p-e09,BIG_OWFA,SYL_mAWFA,VIS_IFG,VIS_VWFA
AUD_AWFA,1.0,0.84040344,0.4554451,0.71676034,0.35656142,0.50582355
AWFA_p-e09,0.84040344,1.0,0.41595522,0.6463255,0.3643015,0.5194613
BIG_OWFA,0.4554451,0.41595522,1.0,0.68003994,0.23818025,0.6465737
SYL_mAWFA,0.71676034,0.6463255,0.68003994,1.0,0.40132287,0.677539
VIS_IFG,0.35656142,0.3643015,0.23818025,0.40132287,1.0,0.38050172
VIS_VWFA,0.50582355,0.5194613,0.6465737,0.677539,0.38050172,1.0
