,AUD_AWFA,AWFA_p-e09,BIG_OWFA,SYL_mAWFA,VIS_IFG,VIS_VWFA,mAWFA_p-e09
AUD_AWFA,1.0,0.86794084,0.20041078,0.20471372,0.34177974,0.22586292,0.24109969
AWFA_p-e09,0.86794084,1.0,0.19328918,0.21587244,0.42261782,0.29517373,0.2147106
BIG_OWFA,0.20041078,0.19328918,1.0,0.25759378,0.31306243,0.36211064,0.2712594
SYL_mAWFA,0.20471372,0.21587244,0.25759378,1.0,0.10981338,0.20353425,0.73111945
VIS_IFG,0.34177974,0.42261782,0.31306243,0.10981338,1.0,0.68631685,0.17640224
VIS_VWFA,0.22586292,0.29517373,0.36211064,0.20353425,0.68631685,1.0,0.2022291
mAWFA_p-e09,0.24109969,0.2147106,0.2712594,0.73111945,0.17640224,0.2022291,1.0
