,AUD_AWFA,AWFA_p-e09,BIG_OWFA,SYL_mAWFA,VIS_IFG,VIS_VWFA,mAWFA_p-e09
AUD_AWFA,1.0,0.86728776,0.38155365,0.78324586,0.70867586,0.46454662,0.6709452
AWFA_p-e09,0.86728776,1.0,0.32018018,0.7066934,0.59259397,0.4205125,0.62357885
BIG_OWFA,0.38155365,0.32018018,1.0,0.37785506,0.3260133,0.63658494,0.23653618
SYL_mAWFA,0.78324586,0.7066934,0.37785506,1.0,0.64525086,0.56223315,0.9106822
VIS_IFG,0.70867586,0.59259397,0.3260133,0.64525086,1.0,0.542606,0.4617861
VIS_VWFA,0.46454662,0.4205125,0.63658494,0.56223315,0.542606,1.0,0.42576542
mAWFA_p-e09,0.6709452,0.62357885,0.23653618,0.9106822,0.4617861,0.42576542,1.0
