,AUD_AWFA,AWFA_p-e09,BIG_OWFA,SYL_mAWFA,VIS_IFG,VIS_VWFA
AUD_AWFA,1.0,0.8375036,0.1767682,0.50582707,0.5315194,0.09860562
AWFA_p-e09,0.8375036,1.0,0.1918763,0.38660398,0.46885613,0.05128527
BIG_OWFA,0.1767682,0.1918763,1.0,0.108388156,0.16642192,0.13502194
SYL_mAWFA,0.50582707,0.38660398,0.108388156,1.0,0.53337556,0.31875572
VIS_IFG,0.5315194,0.46885613,0.16642192,0.53337556,1.0,0.36307678
VIS_VWFA,0.09860562,0.05128527,0.13502194,0.31875572,0.36307678,1.0
