,AUD_AWFA,BIG_OWFA,SYL_mAWFA,VIS_IFG,VIS_VWFA
AUD_AWFA,1.0,0.17617,0.6988569,0.6304938,0.48823562
BIG_OWFA,0.17617,1.0,0.19233495,0.09403979,0.21395451
SYL_mAWFA,0.6988569,0.19233495,1.0,0.5670701,0.45531648
VIS_IFG,0.6304938,0.09403979,0.5670701,1.0,0.62037694
VIS_VWFA,0.48823562,0.21395451,0.45531648,0.62037694,1.0
