,AUD_AWFA,BIG_OWFA,SYL_mAWFA,VIS_IFG,VIS_VWFA
AUD_AWFA,1.0,0.3177251,0.56869864,0.4681043,0.4238431
BIG_OWFA,0.3177251,1.0,0.25188386,0.5530866,0.52446705
SYL_mAWFA,0.56869864,0.25188386,1.0,0.33636227,0.3980363
VIS_IFG,0.4681043,0.5530866,0.33636227,1.0,0.6485802
VIS_VWFA,0.4238431,0.52446705,0.3980363,0.6485802,1.0
