,AUD_AWFA,AWFA_p-e09,BIG_OWFA,SYL_mAWFA,VIS_IFG,VIS_VWFA
AUD_AWFA,1.0,0.91862833,0.51444066,0.829297,0.5748423,0.35352945
AWFA_p-e09,0.91862833,1.0,0.45027938,0.7956774,0.5787351,0.34185705
BIG_OWFA,0.51444066,0.45027938,1.0,0.4598255,0.30764252,0.28582737
SYL_mAWFA,0.829297,0.7956774,0.4598255,1.0,0.61868006,0.33752987
VIS_IFG,0.5748423,0.5787351,0.30764252,0.61868006,1.0,0.4324966
VIS_VWFA,0.35352945,0.34185705,0.28582737,0.33752987,0.4324966,1.0
