,AUD_AWFA,AWFA_p-e09,BIG_OWFA,SYL_mAWFA,VIS_IFG,VIS_VWFA,mAWFA_p-e09
AUD_AWFA,1.0,0.8045142,-0.06687172,0.5021694,0.19583836,0.18261789,0.51333946
AWFA_p-e09,0.8045142,1.0,0.008356688,0.4202587,0.19407178,0.111586094,0.41556457
BIG_OWFA,-0.06687172,0.008356688,1.0,0.07708949,0.09632205,0.32529944,0.11136938
SYL_mAWFA,0.5021694,0.4202587,0.07708949,1.0,0.29918873,0.4136296,0.90505886
VIS_IFG,0.19583836,0.19407178,0.09632205,0.29918873,1.0,0.30948886,0.35425735
VIS_VWFA,0.18261789,0.111586094,0.32529944,0.4136296,0.30948886,1.0,0.32634047
mAWFA_p-e09,0.51333946,0.41556457,0.11136938,0.90505886,0.35425735,0.32634047,1.0
