,AUD_AWFA,AWFA_p-e09,BIG_OWFA,SYL_mAWFA,VIS_IFG,VIS_VWFA
AUD_AWFA,1.0,0.9260759,0.34322897,0.39966038,0.63013947,0.42252576
AWFA_p-e09,0.9260759,1.0,0.36972734,0.38149464,0.6380561,0.41847673
BIG_OWFA,0.34322897,0.36972734,1.0,0.4627133,0.2154038,0.6291927
SYL_mAWFA,0.39966038,0.38149464,0.4627133,1.0,0.20792612,0.5147162
VIS_IFG,0.63013947,0.6380561,0.2154038,0.20792612,1.0,0.42966154
VIS_VWFA,0.42252576,0.41847673,0.6291927,0.5147162,0.42966154,1.0
