,AUD_AWFA,AWFA_p-e09,BIG_OWFA,SYL_mAWFA,VIS_IFG,VIS_VWFA,mAWFA_p-e09
AUD_AWFA,1.0,0.86863905,0.14198577,0.6909604,0.16836563,0.3315999,0.65331787
AWFA_p-e09,0.86863905,1.0,0.1631164,0.58569133,0.097972475,0.31907266,0.54921305
BIG_OWFA,0.14198577,0.1631164,1.0,0.29022002,0.14015771,0.49983588,0.27622375
SYL_mAWFA,0.6909604,0.58569133,0.29022002,1.0,0.22363517,0.5410563,0.8840046
VIS_IFG,0.16836563,0.097972475,0.14015771,0.22363517,1.0,0.28974184,0.21417326
VIS_VWFA,0.3315999,0.31907266,0.49983588,0.5410563,0.28974184,1.0,0.493269
mAWFA_p-e09,0.65331787,0.54921305,0.27622375,0.8840046,0.21417326,0.493269,1.0
