,AUD_AWFA,AWFA_p-e09,BIG_OWFA,SYL_mAWFA,VIS_IFG,VIS_VWFA
AUD_AWFA,1.0,0.6989314,0.50479645,0.64457524,0.29004866,0.39948332
AWFA_p-e09,0.6989314,1.0,0.2938121,0.41799736,0.2169204,0.25748727
BIG_OWFA,0.50479645,0.2938121,1.0,0.6093613,0.22953564,0.4764513
SYL_mAWFA,0.64457524,0.41799736,0.6093613,1.0,0.31635746,0.59359545
VIS_IFG,0.29004866,0.2169204,0.22953564,0.31635746,1.0,0.2854464
VIS_VWFA,0.39948332,0.25748727,0.4764513,0.59359545,0.2854464,1.0
