,AUD_AWFA,AWFA_p-e09,BIG_OWFA,SYL_mAWFA,VIS_IFG,VIS_VWFA
AUD_AWFA,1.0,0.8993752,0.19862397,0.48379028,0.40905923,0.0123630455
AWFA_p-e09,0.8993752,1.0,0.20384699,0.49779174,0.35530847,0.048526134
BIG_OWFA,0.19862397,0.20384699,1.0,0.41798598,0.17905378,0.46446168
SYL_mAWFA,0.48379028,0.49779174,0.41798598,1.0,0.53254795,0.45083144
VIS_IFG,0.40905923,0.35530847,0.17905378,0.53254795,1.0,0.3228771
VIS_VWFA,0.0123630455,0.048526134,0.46446168,0.45083144,0.3228771,1.0
