,AUD_AWFA,AWFA_p-e09,BIG_OWFA,SYL_mAWFA,VIS_IFG,VIS_VWFA,mAWFA_p-e09
AUD_AWFA,1.0,0.8070996,0.13582316,0.65930367,0.22552359,0.25780898,0.58078694
AWFA_p-e09,0.8070996,1.0,0.066972256,0.5739091,0.20461076,0.26408547,0.47979006
BIG_OWFA,0.13582316,0.066972256,1.0,0.15012637,0.112632275,0.13783549,0.17965002
SYL_mAWFA,0.65930367,0.5739091,0.15012637,1.0,0.29479706,0.37871855,0.8748835
VIS_IFG,0.22552359,0.20461076,0.112632275,0.29479706,1.0,0.45506,0.23218524
VIS_VWFA,0.25780898,0.26408547,0.13783549,0.37871855,0.45506,1.0,0.35838765
mAWFA_p-e09,0.58078694,0.47979006,0.17965002,0.8748835,0.23218524,0.35838765,1.0
