,AUD_AWFA,AWFA_p-e09,BIG_OWFA,SYL_mAWFA,VIS_IFG,VIS_VWFA
AUD_AWFA,1.0,0.88672495,0.21893519,0.6123241,0.5276045,0.3306348
AWFA_p-e09,0.88672495,1.0,0.17793357,0.6298952,0.48113772,0.30284777
BIG_OWFA,0.21893519,0.17793357,1.0,0.22643296,0.26423004,0.47212535
SYL_mAWFA,0.6123241,0.6298952,0.22643296,1.0,0.50464547,0.35305583
VIS_IFG,0.5276045,0.48113772,0.26423004,0.50464547,1.0,0.44596726
VIS_VWFA,0.3306348,0.30284777,0.47212535,0.35305583,0.44596726,1.0
