,cluster_1,cluster_2,cluster_3,cluster_4,cluster_5,cluster_6,cluster_7
cluster_1,1.0,0.6979267,0.5256745,0.5130938,0.4224485,0.5162847,0.6531154
cluster_2,0.6979267,1.0,0.29425505,0.5111312,0.52760595,0.3091032,0.5495632
cluster_3,0.5256745,0.29425505,1.0,0.13826936,0.15915735,0.2873804,0.23119374
cluster_4,0.5130938,0.5111312,0.13826936,1.0,0.32042435,0.32285595,0.44771123
cluster_5,0.4224485,0.52760595,0.15915735,0.32042435,1.0,0.1834702,0.28206483
cluster_6,0.5162847,0.3091032,0.2873804,0.32285595,0.1834702,1.0,0.55049485
cluster_7,0.6531154,0.5495632,0.23119374,0.44771123,0.28206483,0.55049485,1.0
