,AUD_AWFA,AWFA_p-e09,BIG_OWFA,SYL_mAWFA,VIS_IFG,VIS_VWFA,mAWFA_p-e09
AUD_AWFA,1.0,0.8454986,0.12768427,0.45606282,0.19596651,0.08358372,0.43219697
AWFA_p-e09,0.8454986,1.0,0.021281336,0.41663402,0.18776937,0.04578911,0.39681885
BIG_OWFA,0.12768427,0.021281336,1.0,0.18271464,0.039141174,0.29665792,0.056245934
SYL_mAWFA,0.45606282,0.41663402,0.18271464,1.0,0.152798,0.10917565,0.8162695
VIS_IFG,0.19596651,0.18776937,0.039141174,0.152798,1.0,0.53409904,0.05402162
VIS_VWFA,0.08358372,0.04578911,0.29665792,0.10917565,0.53409904,1.0,0.03032767
mAWFA_p-e09,0.43219697,0.39681885,0.056245934,0.8162695,0.05402162,0.03032767,1.0
