,AUD_AWFA,AWFA_p-e09,BIG_OWFA,SYL_mAWFA,VIS_IFG,VIS_VWFA
AUD_AWFA,1.0,0.8915398,0.13854389,0.5271557,0.34101483,0.20114106
AWFA_p-e09,0.8915398,1.0,0.103806436,0.52042794,0.34799922,0.17960607
BIG_OWFA,0.13854389,0.103806436,1.0,0.081708245,-0.06916123,0.3605406
SYL_mAWFA,0.5271557,0.52042794,0.081708245,1.0,0.5393219,0.30679867
VIS_IFG,0.34101483,0.34799922,-0.06916123,0.5393219,1.0,0.22168833
VIS_VWFA,0.20114106,0.17960607,0.3605406,0.30679867,0.22168833,1.0
