,AUD_AWFA,BIG_OWFA,SYL_mAWFA,VIS_IFG,VIS_VWFA
AUD_AWFA,1.0,0.2578422,0.68895227,0.64610076,0.51791656
BIG_OWFA,0.2578422,1.0,0.092656486,0.27648398,0.46103603
SYL_mAWFA,0.68895227,0.092656486,1.0,0.5924145,0.42536163
VIS_IFG,0.64610076,0.27648398,0.5924145,1.0,0.5848136
VIS_VWFA,0.51791656,0.46103603,0.42536163,0.5848136,1.0
