,AUD_AWFA,BIG_OWFA,SYL_mAWFA,VIS_IFG,VIS_VWFA
AUD_AWFA,1.0,0.20532903,0.41352385,0.53201574,0.23975427
BIG_OWFA,0.20532903,1.0,-0.28127068,0.32022887,0.40858847
SYL_mAWFA,0.41352385,-0.28127068,1.0,0.095585756,0.13439469
VIS_IFG,0.53201574,0.32022887,0.095585756,1.0,0.13044712
VIS_VWFA,0.23975427,0.40858847,0.13439469,0.13044712,1.0
