,AUD_AWFA,AWFA_p-e09,BIG_OWFA,SYL_mAWFA,VIS_IFG,VIS_VWFA,mAWFA_p-e09
AUD_AWFA,1.0,0.89207256,0.36151484,0.6013009,0.3846997,0.24495439,0.5480172
AWFA_p-e09,0.89207256,1.0,0.33071095,0.58941644,0.38575056,0.2308214,0.5141507
BIG_OWFA,0.36151484,0.33071095,1.0,0.3899194,0.37878826,0.39040875,0.2936184
SYL_mAWFA,0.6013009,0.58941644,0.3899194,1.0,0.45843443,0.28143954,0.83273387
VIS_IFG,0.3846997,0.38575056,0.37878826,0.45843443,1.0,0.42397565,0.28259417
VIS_VWFA,0.24495439,0.2308214,0.39040875,0.28143954,0.42397565,1.0,0.2073396
mAWFA_p-e09,0.5480172,0.5141507,0.2936184,0.83273387,0.28259417,0.2073396,1.0
