,AUD_AWFA,AWFA_p-e09,BIG_OWFA,SYL_mAWFA,VIS_IFG,VIS_VWFA
AUD_AWFA,1.0,0.8850802,0.596375,0.6679865,0.5664461,0.39125872
AWFA_p-e09,0.8850802,1.0,0.4983476,0.557443,0.46640036,0.28227523
BIG_OWFA,0.596375,0.4983476,1.0,0.70824236,0.37751564,0.6259704
SYL_mAWFA,0.6679865,0.557443,0.70824236,1.0,0.5622123,0.6257086
VIS_IFG,0.5664461,0.46640036,0.37751564,0.5622123,1.0,0.45052204
VIS_VWFA,0.39125872,0.28227523,0.6259704,0.6257086,0.45052204,1.0
