,AUD_AWFA,AWFA_p-e09,BIG_OWFA,SYL_mAWFA,VIS_IFG,VIS_VWFA
AUD_AWFA,1.0,0.78709656,0.36634228,0.55238193,0.33585957,0.46455234
AWFA_p-e09,0.78709656,1.0,0.22530654,0.46619484,0.2108438,0.27843142
BIG_OWFA,0.36634228,0.22530654,1.0,0.43896332,0.21534109,0.34524682
SYL_mAWFA,0.55238193,0.46619484,0.43896332,1.0,0.33927935,0.3584675
VIS_IFG,0.33585957,0.2108438,0.21534109,0.33927935,1.0,0.4826105
VIS_VWFA,0.46455234,0.27843142,0.34524682,0.3584675,0.4826105,1.0
