,AUD_AWFA,AWFA_p-e09,BIG_OWFA,SYL_mAWFA,VIS_IFG,VIS_VWFA,mAWFA_p-e09
AUD_AWFA,1.0,0.94016886,0.1065623,0.60245913,0.38757354,0.19058317,0.53873724
AWFA_p-e09,0.94016886,1.0,0.11688361,0.4903576,0.32595247,0.1117529,0.42897582
BIG_OWFA,0.1065623,0.11688361,1.0,0.24544722,0.2453814,0.513586,0.17092144
SYL_mAWFA,0.60245913,0.4903576,0.24544722,1.0,0.5490977,0.39969602,0.91717905
VIS_IFG,0.38757354,0.32595247,0.2453814,0.5490977,1.0,0.54886395,0.44726524
VIS_VWFA,0.19058317,0.1117529,0.513586,0.39969602,0.54886395,1.0,0.36399058
mAWFA_p-e09,0.53873724,0.42897582,0.17092144,0.91717905,0.44726524,0.36399058,1.0
