,AUD_AWFA,BIG_OWFA,SYL_mAWFA,VIS_IFG,VIS_VWFA
AUD_AWFA,1.0,0.24713865,0.5762604,0.58484036,0.19195046
BIG_OWFA,0.24713865,1.0,-0.029838797,0.22742149,0.40937722
SYL_mAWFA,0.5762604,-0.029838797,1.0,0.47903827,0.16759998
VIS_IFG,0.58484036,0.22742149,0.47903827,1.0,0.49799234
VIS_VWFA,0.19195046,0.40937722,0.16759998,0.49799234,1.0
