,AUD_AWFA,AWFA_p-e09,BIG_OWFA,SYL_mAWFA,VIS_IFG,VIS_VWFA,mAWFA_p-e09
AUD_AWFA,1.0,0.88293666,0.5832473,0.7891358,0.7999526,0.6520237,0.80137306
AWFA_p-e09,0.88293666,1.0,0.4771212,0.6343719,0.6801186,0.52790177,0.6600007
BIG_OWFA,0.5832473,0.4771212,1.0,0.5530618,0.6481039,0.695403,0.5439681
SYL_mAWFA,0.7891358,0.6343719,0.5530618,1.0,0.71938044,0.5747314,0.94447386
VIS_IFG,0.7999526,0.6801186,0.6481039,0.71938044,1.0,0.7510141,0.7037632
VIS_VWFA,0.6520237,0.52790177,0.695403,0.5747314,0.7510141,1.0,0.56230307
mAWFA_p-e09,0.80137306,0.6600007,0.5439681,0.94447386,0.7037632,0.56230307,1.0
