,AUD_AWFA,AWFA_p-e09,BIG_OWFA,SYL_mAWFA,VIS_IFG,VIS_VWFA,mAWFA_p-e09
AUD_AWFA,1.0,0.72582734,0.07327775,0.49906048,0.2990462,0.2917309,0.4196507
AWFA_p-e09,0.72582734,1.0,0.06373641,0.37759614,0.22011025,0.2202088,0.2896541
BIG_OWFA,0.07327775,0.06373641,1.0,0.1253774,-0.01107877,0.14576435,0.10458915
SYL_mAWFA,0.49906048,0.37759614,0.1253774,1.0,0.28119737,0.38639286,0.74537027
VIS_IFG,0.2990462,0.22011025,-0.01107877,0.28119737,1.0,0.4761933,0.2579426
VIS_VWFA,0.2917309,0.2202088,0.14576435,0.38639286,0.4761933,1.0,0.306357
mAWFA_p-e09,0.4196507,0.2896541,0.10458915,0.74537027,0.2579426,0.306357,1.0
