,AUD_AWFA,BIG_OWFA,SYL_mAWFA,VIS_IFG,VIS_VWFA
AUD_AWFA,1.0,0.25415027,0.5889608,0.6540284,0.5312077
BIG_OWFA,0.25415027,1.0,0.28264287,0.31223235,0.4361933
SYL_mAWFA,0.5889608,0.28264287,1.0,0.4519097,0.4862806
VIS_IFG,0.6540284,0.31223235,0.4519097,1.0,0.48495305
VIS_VWFA,0.5312077,0.4361933,0.4862806,0.48495305,1.0
