,AUD_AWFA,AWFA_p-e09,BIG_OWFA,SYL_mAWFA,VIS_IFG,VIS_VWFA
AUD_AWFA,1.0,0.9341533,0.35325179,0.6806633,0.61997056,0.3049145
AWFA_p-e09,0.9341533,1.0,0.31508482,0.62449044,0.57438785,0.26645893
BIG_OWFA,0.35325179,0.31508482,1.0,0.48170906,0.34861854,0.5094576
SYL_mAWFA,0.6806633,0.62449044,0.48170906,1.0,0.61505073,0.42733485
VIS_IFG,0.61997056,0.57438785,0.34861854,0.61505073,1.0,0.4768187
VIS_VWFA,0.3049145,0.26645893,0.5094576,0.42733485,0.4768187,1.0
