,AUD_AWFA,AWFA_p-e09,BIG_OWFA,SYL_mAWFA,VIS_IFG,VIS_VWFA,mAWFA_p-e09
AUD_AWFA,1.0,0.8770678,0.007888687,0.44426653,0.3306634,0.25025433,0.32582313
AWFA_p-e09,0.8770678,1.0,0.0053044423,0.42933282,0.31903735,0.24284872,0.32836723
BIG_OWFA,0.007888687,0.0053044423,1.0,0.36045757,0.14078255,0.33362025,0.252946
SYL_mAWFA,0.44426653,0.42933282,0.36045757,1.0,0.28299615,0.48374963,0.7529214
VIS_IFG,0.3306634,0.31903735,0.14078255,0.28299615,1.0,0.5051764,0.23870018
VIS_VWFA,0.25025433,0.24284872,0.33362025,0.48374963,0.5051764,1.0,0.4218762
mAWFA_p-e09,0.32582313,0.32836723,0.252946,0.7529214,0.23870018,0.4218762,1.0
