,AUD_AWFA,AWFA_p-e09,BIG_OWFA,SYL_mAWFA,VIS_IFG,VIS_VWFA
AUD_AWFA,1.0,0.8379567,0.12654532,0.45199475,0.1942185,0.082838155
AWFA_p-e09,0.8379567,1.0,0.021091506,0.41291764,0.18609445,0.045380674
BIG_OWFA,0.12654532,0.021091506,1.0,0.18108481,0.03879203,0.29401174
SYL_mAWFA,0.45199475,0.41291764,0.18108481,1.0,0.15143503,0.1082018
VIS_IFG,0.1942185,0.18609445,0.03879203,0.15143503,1.0,0.52933484
VIS_VWFA,0.082838155,0.045380674,0.29401174,0.1082018,0.52933484,1.0
