,AUD_AWFA,AWFA_p-e09,BIG_OWFA,SYL_mAWFA,VIS_IFG,VIS_VWFA
AUD_AWFA,1.0,0.8734227,0.26262215,0.4801917,0.44360092,0.26392627
AWFA_p-e09,0.8734227,1.0,0.3294354,0.5341643,0.5264483,0.30307537
BIG_OWFA,0.26262215,0.3294354,1.0,0.4290277,0.26859546,0.3679461
SYL_mAWFA,0.4801917,0.5341643,0.4290277,1.0,0.64833874,0.44734684
VIS_IFG,0.44360092,0.5264483,0.26859546,0.64833874,1.0,0.41042018
VIS_VWFA,0.26392627,0.30307537,0.3679461,0.44734684,0.41042018,1.0
