,AUD_AWFA,AWFA_p-e09,BIG_OWFA,SYL_mAWFA,VIS_IFG,VIS_VWFA,mAWFA_p-e09
AUD_AWFA,1.0,0.90040916,0.11502135,0.5990606,0.6139732,0.3599339,0.5678051
AWFA_p-e09,0.90040916,1.0,0.1554336,0.56311226,0.567211,0.35512623,0.4971888
BIG_OWFA,0.11502135,0.1554336,1.0,-0.0060842237,0.18164547,0.4412748,-0.079049125
SYL_mAWFA,0.5990606,0.56311226,-0.0060842237,1.0,0.329642,0.122278854,0.9503927
VIS_IFG,0.6139732,0.567211,0.18164547,0.329642,1.0,0.4909041,0.3152309
VIS_VWFA,0.3599339,0.35512623,0.4412748,0.122278854,0.4909041,1.0,0.110761665
mAWFA_p-e09,0.5678051,0.4971888,-0.079049125,0.9503927,0.3152309,0.110761665,1.0
