,AUD_AWFA,AWFA_p-e09,BIG_OWFA,SYL_mAWFA,VIS_IFG,VIS_VWFA,mAWFA_p-e09
AUD_AWFA,1.0,0.8848957,0.18373106,0.43770233,0.26750958,0.40095642,0.18723315
AWFA_p-e09,0.8848957,1.0,0.16579713,0.42020288,0.27575347,0.3968875,0.25438732
BIG_OWFA,0.18373106,0.16579713,1.0,0.25552583,0.26896787,0.2941539,0.24280162
SYL_mAWFA,0.43770233,0.42020288,0.25552583,1.0,0.4586783,0.35246426,0.71816987
VIS_IFG,0.26750958,0.27575347,0.26896787,0.4586783,1.0,0.31647286,0.4688004
VIS_VWFA,0.40095642,0.3968875,0.2941539,0.35246426,0.31647286,1.0,0.2228991
mAWFA_p-e09,0.18723315,0.25438732,0.24280162,0.71816987,0.4688004,0.2228991,1.0
