,AUD_AWFA,AWFA_p-e09,BIG_OWFA,SYL_mAWFA,VIS_IFG,VIS_VWFA
AUD_AWFA,1.0,0.75963134,0.13062479,0.4427504,0.1547315,0.15644829
AWFA_p-e09,0.75963134,1.0,-0.061900962,0.25672182,0.17328712,0.22973554
BIG_OWFA,0.13062479,-0.061900962,1.0,0.22469968,-0.11622797,0.07682223
SYL_mAWFA,0.4427504,0.25672182,0.22469968,1.0,0.09323095,0.13610128
VIS_IFG,0.1547315,0.17328712,-0.11622797,0.09323095,1.0,0.28717154
VIS_VWFA,0.15644829,0.22973554,0.07682223,0.13610128,0.28717154,1.0
