,AUD_AWFA,AWFA_p-e09,BIG_OWFA,SYL_mAWFA,VIS_IFG,VIS_VWFA
AUD_AWFA,1.0,0.87253344,0.0018571595,0.2604606,0.5089035,-0.10973223
AWFA_p-e09,0.87253344,1.0,-0.07707969,0.26188278,0.48191068,-0.1038604
BIG_OWFA,0.0018571595,-0.07707969,1.0,0.075325415,-0.031079013,-0.26513904
SYL_mAWFA,0.2604606,0.26188278,0.075325415,1.0,0.43580052,-0.084245816
VIS_IFG,0.5089035,0.48191068,-0.031079013,0.43580052,1.0,0.16456135
VIS_VWFA,-0.10973223,-0.1038604,-0.26513904,-0.084245816,0.16456135,1.0
