,AUD_AWFA,AWFA_p-e09,BIG_OWFA,SYL_mAWFA,VIS_IFG,VIS_VWFA,mAWFA_p-e09
AUD_AWFA,1.0,0.8790619,0.28451702,0.30240318,0.5155037,0.40621498,0.27947247
AWFA_p-e09,0.8790619,1.0,0.313092,0.2878933,0.4399282,0.40029696,0.19236478
BIG_OWFA,0.28451702,0.313092,1.0,-0.21854804,0.36809734,0.63282937,-0.19157316
SYL_mAWFA,0.30240318,0.2878933,-0.21854804,1.0,-0.028314672,-0.124794915,0.881046
VIS_IFG,0.5155037,0.4399282,0.36809734,-0.028314672,1.0,0.44354084,0.006379628
VIS_VWFA,0.40621498,0.40029696,0.63282937,-0.124794915,0.44354084,1.0,-0.105780356
mAWFA_p-e09,0.27947247,0.19236478,-0.19157316,0.881046,0.006379628,-0.105780356,1.0
