,AUD_AWFA,AWFA_p-e09,BIG_OWFA,SYL_mAWFA,VIS_IFG,VIS_VWFA,mAWFA_p-e09
AUD_AWFA,1.0,0.84078765,0.4080953,0.57779884,0.18604684,0.32988065,0.45182008
AWFA_p-e09,0.84078765,1.0,0.19290788,0.45875365,0.2973662,0.40157956,0.36949214
BIG_OWFA,0.4080953,0.19290788,1.0,0.5465313,0.11629407,0.19004337,0.4546761
SYL_mAWFA,0.57779884,0.45875365,0.5465313,1.0,0.3006558,0.52933216,0.87142396
VIS_IFG,0.18604684,0.2973662,0.11629407,0.3006558,1.0,0.53674096,0.2711567
VIS_VWFA,0.32988065,0.40157956,0.19004337,0.52933216,0.53674096,1.0,0.49460948
mAWFA_p-e09,0.45182008,0.36949214,0.4546761,0.87142396,0.2711567,0.49460948,1.0
