,AUD_AWFA,BIG_OWFA,SYL_mAWFA,VIS_IFG,VIS_VWFA
AUD_AWFA,1.0,0.5057985,0.8253964,0.5561864,0.56855416
BIG_OWFA,0.5057985,1.0,0.49851167,0.35405087,0.5389391
SYL_mAWFA,0.8253964,0.49851167,1.0,0.5254409,0.5585423
VIS_IFG,0.5561864,0.35405087,0.5254409,1.0,0.42037228
VIS_VWFA,0.56855416,0.5389391,0.5585423,0.42037228,1.0
