,AUD_AWFA,AWFA_p-e09,BIG_OWFA,SYL_mAWFA,VIS_IFG,VIS_VWFA,mAWFA_p-e09
AUD_AWFA,1.0,0.75567454,0.07193664,0.585104,0.2893691,0.21368754,0.4572457
AWFA_p-e09,0.75567454,1.0,0.20002286,0.38497365,0.20847191,0.24817468,0.25366482
BIG_OWFA,0.07193664,0.20002286,1.0,0.33099285,-0.08187955,0.1007548,0.26973557
SYL_mAWFA,0.585104,0.38497365,0.33099285,1.0,0.20665315,0.1457867,0.78890854
VIS_IFG,0.2893691,0.20847191,-0.08187955,0.20665315,1.0,0.5374429,0.17207976
VIS_VWFA,0.21368754,0.24817468,0.1007548,0.1457867,0.5374429,1.0,0.17514428
mAWFA_p-e09,0.4572457,0.25366482,0.26973557,0.78890854,0.17207976,0.17514428,1.0
