,AUD_AWFA,AWFA_p-e09,BIG_OWFA,SYL_mAWFA,VIS_IFG,VIS_VWFA,mAWFA_p-e09
AUD_AWFA,1.0,0.8804408,0.14618981,0.5870304,0.015290311,-0.09665347,0.4253402
AWFA_p-e09,0.8804408,1.0,0.1546065,0.6290285,0.04903552,-0.04909114,0.46509022
BIG_OWFA,0.14618981,0.1546065,1.0,0.2169186,0.061588783,0.32515392,0.28661755
SYL_mAWFA,0.5870304,0.6290285,0.2169186,1.0,0.15302686,0.14650042,0.81181985
VIS_IFG,0.015290311,0.04903552,0.061588783,0.15302686,1.0,0.400534,0.08086327
VIS_VWFA,-0.09665347,-0.04909114,0.32515392,0.14650042,0.400534,1.0,0.12814415
mAWFA_p-e09,0.4253402,0.46509022,0.28661755,0.81181985,0.08086327,0.12814415,1.0
