,AUD_AWFA,BIG_OWFA,SYL_mAWFA,VIS_IFG,VIS_VWFA
AUD_AWFA,1.0,0.48583117,0.67901576,0.5942102,0.52489924
BIG_OWFA,0.48583117,1.0,0.26037765,0.48796892,0.6731313
SYL_mAWFA,0.67901576,0.26037765,1.0,0.48379505,0.3103005
VIS_IFG,0.5942102,0.48796892,0.48379505,1.0,0.65614945
VIS_VWFA,0.52489924,0.6731313,0.3103005,0.65614945,1.0
