,AUD_AWFA,AWFA_p-e09,BIG_OWFA,SYL_mAWFA,VIS_IFG,VIS_VWFA
AUD_AWFA,1.0,0.8661387,0.08702495,0.46393806,0.20033677,0.41455927
AWFA_p-e09,0.8661387,1.0,0.123096585,0.41546264,0.23593993,0.38042736
BIG_OWFA,0.08702495,0.123096585,1.0,0.1568911,0.14417987,0.5166498
SYL_mAWFA,0.46393806,0.41546264,0.1568911,1.0,0.55068994,0.53773254
VIS_IFG,0.20033677,0.23593993,0.14417987,0.55068994,1.0,0.43930173
VIS_VWFA,0.41455927,0.38042736,0.5166498,0.53773254,0.43930173,1.0
