,AUD_AWFA,BIG_OWFA,SYL_mAWFA,VIS_IFG,VIS_VWFA
AUD_AWFA,1.0,0.08233899,0.47116023,0.33450574,0.22986731
BIG_OWFA,0.08233899,1.0,0.2638347,0.29649836,0.5507469
SYL_mAWFA,0.47116023,0.2638347,1.0,0.29456183,0.3940397
VIS_IFG,0.33450574,0.29649836,0.29456183,1.0,0.38400468
VIS_VWFA,0.22986731,0.5507469,0.3940397,0.38400468,1.0
