,AUD_AWFA,AWFA_p-e09,BIG_OWFA,SYL_mAWFA,VIS_IFG,VIS_VWFA,mAWFA_p-e09
AUD_AWFA,1.0,0.73968345,0.4542084,0.64370227,0.57768947,0.37793013,0.5804823
AWFA_p-e09,0.73968345,1.0,0.20012194,0.5900919,0.44840196,0.21957208,0.46944895
BIG_OWFA,0.4542084,0.20012194,1.0,0.42105734,0.26406804,0.57035303,0.42437318
SYL_mAWFA,0.64370227,0.5900919,0.42105734,1.0,0.38742617,0.54634184,0.8771099
VIS_IFG,0.57768947,0.44840196,0.26406804,0.38742617,1.0,0.21188313,0.30750248
VIS_VWFA,0.37793013,0.21957208,0.57035303,0.54634184,0.21188313,1.0,0.5463942
mAWFA_p-e09,0.5804823,0.46944895,0.42437318,0.8771099,0.30750248,0.5463942,1.0
