,AUD_AWFA,BIG_OWFA,SYL_mAWFA,VIS_IFG,VIS_VWFA
AUD_AWFA,1.0,0.027347969,0.46880758,0.6112123,0.10119483
BIG_OWFA,0.027347969,1.0,-0.28074914,0.043583333,0.39966083
SYL_mAWFA,0.46880758,-0.28074914,1.0,0.3551138,-0.332254
VIS_IFG,0.6112123,0.043583333,0.3551138,1.0,0.23727378
VIS_VWFA,0.10119483,0.39966083,-0.332254,0.23727378,1.0
