,AUD_AWFA,AWFA_p-e09,BIG_OWFA,SYL_mAWFA,VIS_IFG,VIS_VWFA,mAWFA_p-e09
AUD_AWFA,1.0,0.8753244,0.28988615,0.51051056,0.56956476,0.23195109,0.3327138
AWFA_p-e09,0.8753244,1.0,0.21555486,0.44906488,0.4483993,0.21438666,0.28389788
BIG_OWFA,0.28988615,0.21555486,1.0,0.4529915,0.28551152,0.36223045,0.35589305
SYL_mAWFA,0.51051056,0.44906488,0.4529915,1.0,0.5362781,0.31847286,0.7612556
VIS_IFG,0.56956476,0.4483993,0.28551152,0.5362781,1.0,0.21213226,0.30299434
VIS_VWFA,0.23195109,0.21438666,0.36223045,0.31847286,0.21213226,1.0,0.20315498
mAWFA_p-e09,0.3327138,0.28389788,0.35589305,0.7612556,0.30299434,0.20315498,1.0
