,AUD_AWFA,AWFA_p-e09,BIG_OWFA,SYL_mAWFA,VIS_IFG,VIS_VWFA
AUD_AWFA,1.0,0.8314564,0.23351452,0.4851348,0.5724881,0.4587821
AWFA_p-e09,0.8314564,1.0,0.17693497,0.45001158,0.5377843,0.54548377
BIG_OWFA,0.23351452,0.17693497,1.0,0.14823005,0.22525695,0.5129066
SYL_mAWFA,0.4851348,0.45001158,0.14823005,1.0,0.40335858,0.35922036
VIS_IFG,0.5724881,0.5377843,0.22525695,0.40335858,1.0,0.50528187
VIS_VWFA,0.4587821,0.54548377,0.5129066,0.35922036,0.50528187,1.0
