,AUD_AWFA,AWFA_p-e09,BIG_OWFA,SYL_mAWFA,VIS_IFG,VIS_VWFA,mAWFA_p-e09
AUD_AWFA,1.0,0.9418547,0.20437153,0.58598405,0.59303856,0.589184,0.57288736
AWFA_p-e09,0.9418547,1.0,0.17979084,0.56155145,0.5578188,0.5436859,0.5414831
BIG_OWFA,0.20437153,0.17979084,1.0,0.21809448,0.22249958,0.26476103,0.14374009
SYL_mAWFA,0.58598405,0.56155145,0.21809448,1.0,0.34635115,0.58715945,0.91053545
VIS_IFG,0.59303856,0.5578188,0.22249958,0.34635115,1.0,0.40032774,0.33728346
VIS_VWFA,0.589184,0.5436859,0.26476103,0.58715945,0.40032774,1.0,0.5422908
mAWFA_p-e09,0.57288736,0.5414831,0.14374009,0.91053545,0.33728346,0.5422908,1.0
