,AUD_AWFA,AWFA_p-e09,BIG_OWFA,SYL_mAWFA,VIS_IFG,VIS_VWFA,mAWFA_p-e09
AUD_AWFA,1.0,0.9142165,0.33231091,0.5923372,0.7077851,0.47649163,0.57723176
AWFA_p-e09,0.9142165,1.0,0.31256437,0.54870045,0.61440915,0.42264277,0.5346206
BIG_OWFA,0.33231091,0.31256437,1.0,0.06419008,0.46341166,0.64979506,0.023676902
SYL_mAWFA,0.5923372,0.54870045,0.06419008,1.0,0.3651121,0.13318439,0.93191123
VIS_IFG,0.7077851,0.61440915,0.46341166,0.3651121,1.0,0.6238284,0.35151866
VIS_VWFA,0.47649163,0.42264277,0.64979506,0.13318439,0.6238284,1.0,0.13345434
mAWFA_p-e09,0.57723176,0.5346206,0.023676902,0.93191123,0.35151866,0.13345434,1.0
