,AUD_AWFA,AWFA_p-e09,BIG_OWFA,SYL_mAWFA,VIS_IFG,VIS_VWFA
AUD_AWFA,1.0,0.8234339,0.28586003,0.45914507,0.18619926,0.18517688
AWFA_p-e09,0.8234339,1.0,0.14017977,0.407503,0.07347913,0.10291309
BIG_OWFA,0.28586003,0.14017977,1.0,0.12810852,0.16390409,0.17910263
SYL_mAWFA,0.45914507,0.407503,0.12810852,1.0,0.37209445,0.26892397
VIS_IFG,0.18619926,0.07347913,0.16390409,0.37209445,1.0,0.37676975
VIS_VWFA,0.18517688,0.10291309,0.17910263,0.26892397,0.37676975,1.0
