,AUD_AWFA,AWFA_p-e09,BIG_OWFA,SYL_mAWFA,VIS_IFG,VIS_VWFA
AUD_AWFA,1.0,0.81240094,0.11739284,0.41480473,0.4676754,0.1449842
AWFA_p-e09,0.81240094,1.0,0.16752179,0.50536287,0.49510607,0.29580885
BIG_OWFA,0.11739284,0.16752179,1.0,0.48730776,0.104228824,0.0687128
SYL_mAWFA,0.41480473,0.50536287,0.48730776,1.0,0.40815037,0.2957289
VIS_IFG,0.4676754,0.49510607,0.104228824,0.40815037,1.0,0.46726966
VIS_VWFA,0.1449842,0.29580885,0.0687128,0.2957289,0.46726966,1.0
