,AUD_AWFA,AWFA_p-e09,BIG_OWFA,SYL_mAWFA,VIS_IFG,VIS_VWFA
AUD_AWFA,1.0,0.8251535,0.37271786,0.50203764,0.38868767,0.29902664
AWFA_p-e09,0.8251535,1.0,0.22983612,0.37522703,0.32104412,0.15117908
BIG_OWFA,0.37271786,0.22983612,1.0,0.3510886,0.34560594,0.5273704
SYL_mAWFA,0.50203764,0.37522703,0.3510886,1.0,0.35758072,0.40664905
VIS_IFG,0.38868767,0.32104412,0.34560594,0.35758072,1.0,0.42303273
VIS_VWFA,0.29902664,0.15117908,0.5273704,0.40664905,0.42303273,1.0
