,AUD_AWFA,BIG_OWFA,SYL_mAWFA,VIS_IFG,VIS_VWFA
AUD_AWFA,1.0,0.3078052,0.4395095,0.6287551,0.4078741
BIG_OWFA,0.3078052,1.0,-0.05634896,0.13242677,0.54329157
SYL_mAWFA,0.4395095,-0.05634896,1.0,0.37834775,0.10367791
VIS_IFG,0.6287551,0.13242677,0.37834775,1.0,0.503708
VIS_VWFA,0.4078741,0.54329157,0.10367791,0.503708,1.0
