,AUD_AWFA,AWFA_p-e09,BIG_OWFA,SYL_mAWFA,VIS_IFG,VIS_VWFA
AUD_AWFA,1.0,0.8391893,0.085733,0.4988215,0.48518485,0.31059635
AWFA_p-e09,0.8391893,1.0,0.10752983,0.5070988,0.37850365,0.28228006
BIG_OWFA,0.085733,0.10752983,1.0,0.30721617,0.17430647,0.17525949
SYL_mAWFA,0.4988215,0.5070988,0.30721617,1.0,0.31423473,0.3071117
VIS_IFG,0.48518485,0.37850365,0.17430647,0.31423473,1.0,0.5756358
VIS_VWFA,0.31059635,0.28228006,0.17525949,0.3071117,0.5756358,1.0
