,AUD_AWFA,AWFA_p-e09,BIG_OWFA,SYL_mAWFA,VIS_IFG,VIS_VWFA
AUD_AWFA,1.0,0.85422724,0.36959228,0.6316155,0.5077413,0.31977546
AWFA_p-e09,0.85422724,1.0,0.2060761,0.531233,0.42591178,0.26696682
BIG_OWFA,0.36959228,0.2060761,1.0,0.47512367,0.22718795,0.3477747
SYL_mAWFA,0.6316155,0.531233,0.47512367,1.0,0.5950527,0.53670526
VIS_IFG,0.5077413,0.42591178,0.22718795,0.5950527,1.0,0.38193816
VIS_VWFA,0.31977546,0.26696682,0.3477747,0.53670526,0.38193816,1.0
