,AUD_AWFA,BIG_OWFA,SYL_mAWFA,VIS_IFG,VIS_VWFA
AUD_AWFA,1.0,0.205032,0.5972089,0.6634818,0.47476378
BIG_OWFA,0.205032,1.0,-0.155383,0.21483736,0.6392551
SYL_mAWFA,0.5972089,-0.155383,1.0,0.2965521,0.028995614
VIS_IFG,0.6634818,0.21483736,0.2965521,1.0,0.574007
VIS_VWFA,0.47476378,0.6392551,0.028995614,0.574007,1.0
