,AUD_AWFA,AWFA_p-e09,BIG_OWFA,SYL_mAWFA,VIS_IFG,VIS_VWFA
AUD_AWFA,1.0,0.8404283,0.19153255,0.47694737,0.413574,0.0150070535
AWFA_p-e09,0.8404283,1.0,0.21139412,0.45657495,0.36226138,0.00524258
BIG_OWFA,0.19153255,0.21139412,1.0,0.29838225,0.142682,0.1063701
SYL_mAWFA,0.47694737,0.45657495,0.29838225,1.0,0.4169935,0.29693654
VIS_IFG,0.413574,0.36226138,0.142682,0.4169935,1.0,0.5717857
VIS_VWFA,0.0150070535,0.00524258,0.1063701,0.29693654,0.5717857,1.0
