,AUD_AWFA,AWFA_p-e09,BIG_OWFA,SYL_mAWFA,VIS_IFG,VIS_VWFA,mAWFA_p-e09
AUD_AWFA,1.0,0.91105795,0.2930225,0.46553242,0.44015482,0.48334774,0.46386266
AWFA_p-e09,0.91105795,1.0,0.290583,0.46084774,0.46172208,0.48390007,0.429006
BIG_OWFA,0.2930225,0.290583,1.0,0.1381922,0.31578675,0.6130466,0.08541763
SYL_mAWFA,0.46553242,0.46084774,0.1381922,1.0,0.33148003,0.22337133,0.92789966
VIS_IFG,0.44015482,0.46172208,0.31578675,0.33148003,1.0,0.56822455,0.3637051
VIS_VWFA,0.48334774,0.48390007,0.6130466,0.22337133,0.56822455,1.0,0.20545124
mAWFA_p-e09,0.46386266,0.429006,0.08541763,0.92789966,0.3637051,0.20545124,1.0
