,AUD_AWFA,AWFA_p-e09,BIG_OWFA,SYL_mAWFA,VIS_IFG,VIS_VWFA
AUD_AWFA,1.0,0.88631725,0.05944862,0.5872875,0.33919165,0.50317055
AWFA_p-e09,0.88631725,1.0,-0.0050637485,0.55462116,0.2697607,0.45047453
BIG_OWFA,0.05944862,-0.0050637485,1.0,-0.13354594,0.16662043,0.17564194
SYL_mAWFA,0.5872875,0.55462116,-0.13354594,1.0,0.27494758,0.3253252
VIS_IFG,0.33919165,0.2697607,0.16662043,0.27494758,1.0,0.38901344
VIS_VWFA,0.50317055,0.45047453,0.17564194,0.3253252,0.38901344,1.0
