,AUD_AWFA,BIG_OWFA,SYL_mAWFA,VIS_IFG,VIS_VWFA
AUD_AWFA,1.0,0.2828755,0.6622835,0.45130986,0.5763688
BIG_OWFA,0.2828755,1.0,0.28745615,0.16333306,0.46680638
SYL_mAWFA,0.6622835,0.28745615,1.0,0.45342425,0.57142115
VIS_IFG,0.45130986,0.16333306,0.45342425,1.0,0.46400756
VIS_VWFA,0.5763688,0.46680638,0.57142115,0.46400756,1.0
