,AUD_AWFA,AWFA_p-e09,BIG_OWFA,SYL_mAWFA,VIS_IFG,VIS_VWFA
AUD_AWFA,1.0,0.8469969,0.082641475,0.31977996,0.29604292,0.15744148
AWFA_p-e09,0.8469969,1.0,0.048943214,0.46560803,0.22534569,0.13266347
BIG_OWFA,0.082641475,0.048943214,1.0,-0.24623531,0.34837782,0.5490232
SYL_mAWFA,0.31977996,0.46560803,-0.24623531,1.0,0.054704558,-0.09162334
VIS_IFG,0.29604292,0.22534569,0.34837782,0.054704558,1.0,0.47086093
VIS_VWFA,0.15744148,0.13266347,0.5490232,-0.09162334,0.47086093,1.0
