,AUD_AWFA,AWFA_p-e09,BIG_OWFA,SYL_mAWFA,VIS_IFG,VIS_VWFA
AUD_AWFA,1.0,0.7971729,0.11146828,0.47880137,0.35680655,0.11394989
AWFA_p-e09,0.7971729,1.0,0.07554168,0.41484517,0.3334252,0.10715805
BIG_OWFA,0.11146828,0.07554168,1.0,0.15684316,-0.14755376,0.39234096
SYL_mAWFA,0.47880137,0.41484517,0.15684316,1.0,0.23661406,0.14942794
VIS_IFG,0.35680655,0.3334252,-0.14755376,0.23661406,1.0,0.10777601
VIS_VWFA,0.11394989,0.10715805,0.39234096,0.14942794,0.10777601,1.0
