,AUD_AWFA,BIG_OWFA,SYL_mAWFA,VIS_IFG,VIS_VWFA
AUD_AWFA,1.0,0.36346117,0.61387146,0.44182894,0.44627905
BIG_OWFA,0.36346117,1.0,0.44332513,0.38048074,0.6394235
SYL_mAWFA,0.61387146,0.44332513,1.0,0.5153595,0.65485436
VIS_IFG,0.44182894,0.38048074,0.5153595,1.0,0.49246687
VIS_VWFA,0.44627905,0.6394235,0.65485436,0.49246687,1.0
