,AUD_AWFA,AWFA_p-e09,BIG_OWFA,SYL_mAWFA,VIS_IFG,VIS_VWFA
AUD_AWFA,1.0,0.92917466,0.32574546,0.27131376,0.46629545,0.46560872
AWFA_p-e09,0.92917466,1.0,0.35220653,0.2207093,0.45263648,0.48417625
BIG_OWFA,0.32574546,0.35220653,1.0,-0.06263728,0.26690552,0.5224664
SYL_mAWFA,0.27131376,0.2207093,-0.06263728,1.0,0.41602272,0.10079092
VIS_IFG,0.46629545,0.45263648,0.26690552,0.41602272,1.0,0.61274326
VIS_VWFA,0.46560872,0.48417625,0.5224664,0.10079092,0.61274326,1.0
