,AUD_AWFA,AWFA_p-e09,BIG_OWFA,SYL_mAWFA,VIS_IFG,VIS_VWFA
AUD_AWFA,1.0,0.82000625,0.35214883,0.5584894,0.41998732,0.3486273
AWFA_p-e09,0.82000625,1.0,0.26469633,0.41263774,0.25432587,0.21534376
BIG_OWFA,0.35214883,0.26469633,1.0,0.3700171,0.2079274,0.3394522
SYL_mAWFA,0.5584894,0.41263774,0.3700171,1.0,0.48115772,0.5689939
VIS_IFG,0.41998732,0.25432587,0.2079274,0.48115772,1.0,0.46777603
VIS_VWFA,0.3486273,0.21534376,0.3394522,0.5689939,0.46777603,1.0
