,AUD_AWFA,AWFA_p-e09,BIG_OWFA,SYL_mAWFA,VIS_IFG,VIS_VWFA,mAWFA_p-e09
AUD_AWFA,1.0,0.92361975,0.10118816,0.5800463,0.504289,0.20260736,0.6428527
AWFA_p-e09,0.92361975,1.0,0.04546406,0.6556609,0.464228,0.16318135,0.70770574
BIG_OWFA,0.10118816,0.04546406,1.0,-0.25648612,0.07188596,0.65130216,-0.22570203
SYL_mAWFA,0.5800463,0.6556609,-0.25648612,1.0,0.44912416,-0.047792546,0.9427468
VIS_IFG,0.504289,0.464228,0.07188596,0.44912416,1.0,0.3027724,0.42795303
VIS_VWFA,0.20260736,0.16318135,0.65130216,-0.047792546,0.3027724,1.0,-0.018786002
mAWFA_p-e09,0.6428527,0.70770574,-0.22570203,0.9427468,0.42795303,-0.018786002,1.0
