,AUD_AWFA,AWFA_p-e09,BIG_OWFA,SYL_mAWFA,VIS_IFG,VIS_VWFA,mAWFA_p-e09
AUD_AWFA,1.0,0.90109164,0.21750835,0.8023476,0.56232744,0.49949571,0.75886166
AWFA_p-e09,0.90109164,1.0,0.18128079,0.6856748,0.52563745,0.42142323,0.6408524
BIG_OWFA,0.21750835,0.18128079,1.0,0.376425,0.16616341,0.6120818,0.36917564
SYL_mAWFA,0.8023476,0.6856748,0.376425,1.0,0.53497773,0.66355264,0.9428917
VIS_IFG,0.56232744,0.52563745,0.16616341,0.53497773,1.0,0.66551524,0.4657402
VIS_VWFA,0.49949571,0.42142323,0.6120818,0.66355264,0.66551524,1.0,0.6081742
mAWFA_p-e09,0.75886166,0.6408524,0.36917564,0.9428917,0.4657402,0.6081742,1.0
