,AUD_AWFA,AWFA_p-e09,BIG_OWFA,SYL_mAWFA,VIS_IFG,VIS_VWFA,mAWFA_p-e09
AUD_AWFA,1.0,0.84221154,0.18301654,0.5562788,0.46219,0.36376724,0.4055848
AWFA_p-e09,0.84221154,1.0,0.22961833,0.48035127,0.38001472,0.40385202,0.2741543
BIG_OWFA,0.18301654,0.22961833,1.0,0.48160776,0.20350944,0.4658144,0.31724957
SYL_mAWFA,0.5562788,0.48035127,0.48160776,1.0,0.5416644,0.5206809,0.76983774
VIS_IFG,0.46219,0.38001472,0.20350944,0.5416644,1.0,0.5829324,0.3554493
VIS_VWFA,0.36376724,0.40385202,0.4658144,0.5206809,0.5829324,1.0,0.33833456
mAWFA_p-e09,0.4055848,0.2741543,0.31724957,0.76983774,0.3554493,0.33833456,1.0
