,AUD_AWFA,BIG_OWFA,SYL_mAWFA,VIS_IFG,VIS_VWFA
AUD_AWFA,1.0,0.18784836,0.49923706,0.40255287,0.2876723
BIG_OWFA,0.18784836,1.0,-0.042907864,0.24066207,0.55226463
SYL_mAWFA,0.49923706,-0.042907864,1.0,0.22806935,-0.14082533
VIS_IFG,0.40255287,0.24066207,0.22806935,1.0,0.5064378
VIS_VWFA,0.2876723,0.55226463,-0.14082533,0.5064378,1.0
