,AUD_AWFA,AWFA_p-e09,BIG_OWFA,SYL_mAWFA,VIS_IFG,VIS_VWFA,mAWFA_p-e09
AUD_AWFA,1.0,0.8387933,0.2602423,0.5975285,0.5453599,0.45889974,0.546998
AWFA_p-e09,0.8387933,1.0,0.23112081,0.5675698,0.362282,0.32289967,0.5509433
BIG_OWFA,0.2602423,0.23112081,1.0,0.08562371,0.3433558,0.501472,0.059668474
SYL_mAWFA,0.5975285,0.5675698,0.08562371,1.0,0.35068938,0.42059094,0.92069584
VIS_IFG,0.5453599,0.362282,0.3433558,0.35068938,1.0,0.5898758,0.26427042
VIS_VWFA,0.45889974,0.32289967,0.501472,0.42059094,0.5898758,1.0,0.35850653
mAWFA_p-e09,0.546998,0.5509433,0.059668474,0.92069584,0.26427042,0.35850653,1.0
