,AUD_AWFA,AWFA_p-e09,BIG_OWFA,SYL_mAWFA,VIS_IFG,VIS_VWFA,mAWFA_p-e09
AUD_AWFA,1.0,0.86008644,0.49995053,0.7008274,0.6708222,0.5189858,0.6203814
AWFA_p-e09,0.86008644,1.0,0.33310187,0.6531025,0.5031035,0.3783387,0.61347926
BIG_OWFA,0.49995053,0.33310187,1.0,0.60488683,0.62003034,0.6779723,0.4389857
SYL_mAWFA,0.7008274,0.6531025,0.60488683,1.0,0.67521995,0.6936795,0.89924973
VIS_IFG,0.6708222,0.5031035,0.62003034,0.67521995,1.0,0.634364,0.5432724
VIS_VWFA,0.5189858,0.3783387,0.6779723,0.6936795,0.634364,1.0,0.5952332
mAWFA_p-e09,0.6203814,0.61347926,0.4389857,0.89924973,0.5432724,0.5952332,1.0
