,AUD_AWFA,AWFA_p-e09,BIG_OWFA,SYL_mAWFA,VIS_IFG,VIS_VWFA
AUD_AWFA,1.0,0.91319925,0.16254626,0.49961764,0.67911226,0.21145047
AWFA_p-e09,0.91319925,1.0,0.08861354,0.58986473,0.646451,0.14614858
BIG_OWFA,0.16254626,0.08861354,1.0,-0.22619109,0.2528983,0.48621282
SYL_mAWFA,0.49961764,0.58986473,-0.22619109,1.0,0.3999443,-0.24711815
VIS_IFG,0.67911226,0.646451,0.2528983,0.3999443,1.0,0.3163594
VIS_VWFA,0.21145047,0.14614858,0.48621282,-0.24711815,0.3163594,1.0
