,AUD_AWFA,AWFA_p-e09,BIG_OWFA,SYL_mAWFA,VIS_IFG,VIS_VWFA
AUD_AWFA,1.0,0.89292026,0.19483279,0.39203364,0.4023907,0.29172802
AWFA_p-e09,0.89292026,1.0,0.23213433,0.37342274,0.3625545,0.29263175
BIG_OWFA,0.19483279,0.23213433,1.0,-0.043754324,0.20736158,0.48564196
SYL_mAWFA,0.39203364,0.37342274,-0.043754324,1.0,0.25278634,-0.00265345
VIS_IFG,0.4023907,0.3625545,0.20736158,0.25278634,1.0,0.48402143
VIS_VWFA,0.29172802,0.29263175,0.48564196,-0.00265345,0.48402143,1.0
