,AUD_AWFA,BIG_OWFA,SYL_mAWFA,VIS_IFG,VIS_VWFA
AUD_AWFA,1.0,0.32053453,0.7265479,0.595982,0.5415634
BIG_OWFA,0.32053453,1.0,0.43067265,0.34020317,0.5254684
SYL_mAWFA,0.7265479,0.43067265,1.0,0.55210936,0.6757552
VIS_IFG,0.595982,0.34020317,0.55210936,1.0,0.7009155
VIS_VWFA,0.5415634,0.5254684,0.6757552,0.7009155,1.0
