,AUD_AWFA,BIG_OWFA,SYL_mAWFA,VIS_IFG,VIS_VWFA
AUD_AWFA,1.0,0.15305755,0.70293266,0.56314343,0.4169761
BIG_OWFA,0.15305755,1.0,0.40121794,0.17635341,0.6442826
SYL_mAWFA,0.70293266,0.40121794,1.0,0.57034,0.5707406
VIS_IFG,0.56314343,0.17635341,0.57034,1.0,0.5380826
VIS_VWFA,0.4169761,0.6442826,0.5707406,0.5380826,1.0
