,AUD_AWFA,AWFA_p-e09,BIG_OWFA,SYL_mAWFA,VIS_IFG,VIS_VWFA,mAWFA_p-e09
AUD_AWFA,1.0,0.8699943,0.29088593,0.58474135,0.48196894,0.38064283,0.5181002
AWFA_p-e09,0.8699943,1.0,0.19348192,0.4734449,0.41109213,0.3112018,0.40858245
BIG_OWFA,0.29088593,0.19348192,1.0,0.4757936,0.22108415,0.36924925,0.4702349
SYL_mAWFA,0.58474135,0.4734449,0.4757936,1.0,0.49106544,0.46741396,0.854151
VIS_IFG,0.48196894,0.41109213,0.22108415,0.49106544,1.0,0.47817132,0.42468047
VIS_VWFA,0.38064283,0.3112018,0.36924925,0.46741396,0.47817132,1.0,0.4678373
mAWFA_p-e09,0.5181002,0.40858245,0.4702349,0.854151,0.42468047,0.4678373,1.0
