,AUD_AWFA,AWFA_p-e09,BIG_OWFA,SYL_mAWFA,VIS_IFG,VIS_VWFA,mAWFA_p-e09
AUD_AWFA,1.0,0.8844457,0.55243945,0.75986254,0.6872009,0.42421275,0.7348548
AWFA_p-e09,0.8844457,1.0,0.49109286,0.67605174,0.61317426,0.37654346,0.6443679
BIG_OWFA,0.55243945,0.49109286,1.0,0.6625808,0.5216045,0.5108116,0.53671896
SYL_mAWFA,0.75986254,0.67605174,0.6625808,1.0,0.76477987,0.59867257,0.85544646
VIS_IFG,0.6872009,0.61317426,0.5216045,0.76477987,1.0,0.47999558,0.63103485
VIS_VWFA,0.42421275,0.37654346,0.5108116,0.59867257,0.47999558,1.0,0.51075727
mAWFA_p-e09,0.7348548,0.6443679,0.53671896,0.85544646,0.63103485,0.51075727,1.0
