,AUD_AWFA,BIG_OWFA,SYL_mAWFA,VIS_IFG,VIS_VWFA
AUD_AWFA,1.0,0.10027178,0.5747932,0.49972197,0.2007725
BIG_OWFA,0.10027178,1.0,-0.2541633,0.07123494,0.6454038
SYL_mAWFA,0.5747932,-0.2541633,1.0,0.44505674,-0.047359724
VIS_IFG,0.49972197,0.07123494,0.44505674,1.0,0.3000304
VIS_VWFA,0.2007725,0.6454038,-0.047359724,0.3000304,1.0
