,AUD_AWFA,AWFA_p-e09,BIG_OWFA,SYL_mAWFA,VIS_IFG,VIS_VWFA,mAWFA_p-e09
AUD_AWFA,1.0,0.8611574,0.49133515,0.7344285,0.6564827,0.59442776,0.6750281
AWFA_p-e09,0.8611574,1.0,0.40905127,0.59016246,0.5819428,0.52132183,0.5305601
BIG_OWFA,0.49133515,0.40905127,1.0,0.47479188,0.5067047,0.63936436,0.43917432
SYL_mAWFA,0.7344285,0.59016246,0.47479188,1.0,0.6516788,0.49446502,0.89342266
VIS_IFG,0.6564827,0.5819428,0.5067047,0.6516788,1.0,0.65042454,0.5780975
VIS_VWFA,0.59442776,0.52132183,0.63936436,0.49446502,0.65042454,1.0,0.45461822
mAWFA_p-e09,0.6750281,0.5305601,0.43917432,0.89342266,0.5780975,0.45461822,1.0
