,AUD_AWFA,BIG_OWFA,SYL_mAWFA,VIS_IFG,VIS_VWFA
AUD_AWFA,1.0,0.081373595,0.2649338,0.3615789,0.009452657
BIG_OWFA,0.081373595,1.0,-0.020217016,0.26379615,0.38000977
SYL_mAWFA,0.2649338,-0.020217016,1.0,0.2410909,0.047585603
VIS_IFG,0.3615789,0.26379615,0.2410909,1.0,0.26078415
VIS_VWFA,0.009452657,0.38000977,0.047585603,0.26078415,1.0
