,AUD_AWFA,AWFA_p-e09,BIG_OWFA,SYL_mAWFA,VIS_IFG,VIS_VWFA
AUD_AWFA,1.0,0.79013234,0.25811014,0.53693795,0.24689513,0.08616627
AWFA_p-e09,0.79013234,1.0,0.25030166,0.52821183,0.28529492,0.10273795
BIG_OWFA,0.25811014,0.25030166,1.0,0.23629072,0.23157279,0.20353803
SYL_mAWFA,0.53693795,0.52821183,0.23629072,1.0,0.22063313,0.3639729
VIS_IFG,0.24689513,0.28529492,0.23157279,0.22063313,1.0,0.38060454
VIS_VWFA,0.08616627,0.10273795,0.20353803,0.3639729,0.38060454,1.0
