,AUD_AWFA,AWFA_p-e09,BIG_OWFA,SYL_mAWFA,VIS_IFG,VIS_VWFA,mAWFA_p-e09
AUD_AWFA,1.0,0.70061815,0.16112939,0.32792205,0.37043867,0.1987979,0.29209912
AWFA_p-e09,0.70061815,1.0,0.16189264,0.2683581,0.36462188,0.21335004,0.18293807
BIG_OWFA,0.16112939,0.16189264,1.0,0.35620168,0.040582377,0.058150757,0.23719962
SYL_mAWFA,0.32792205,0.2683581,0.35620168,1.0,0.079835095,0.16049328,0.75214505
VIS_IFG,0.37043867,0.36462188,0.040582377,0.079835095,1.0,0.31151992,0.015150795
VIS_VWFA,0.1987979,0.21335004,0.058150757,0.16049328,0.31151992,1.0,0.1314853
mAWFA_p-e09,0.29209912,0.18293807,0.23719962,0.75214505,0.015150795,0.1314853,1.0
