,AUD_AWFA,BIG_OWFA,SYL_mAWFA,VIS_IFG,VIS_VWFA
AUD_AWFA,1.0,0.26509053,0.30761206,0.4733161,0.29765373
BIG_OWFA,0.26509053,1.0,0.10743115,0.30877534,0.42550823
SYL_mAWFA,0.30761206,0.10743115,1.0,0.25772303,0.21445078
VIS_IFG,0.4733161,0.30877534,0.25772303,1.0,0.50675446
VIS_VWFA,0.29765373,0.42550823,0.21445078,0.50675446,1.0
