,AUD_AWFA,AWFA_p-e09,BIG_OWFA,SYL_mAWFA,VIS_IFG,VIS_VWFA,mAWFA_p-e09
AUD_AWFA,1.0,0.8876251,0.17244177,0.5294169,0.21466681,0.2893242,0.44180095
AWFA_p-e09,0.8876251,1.0,0.1388844,0.4268756,0.05968682,0.23843941,0.35643783
BIG_OWFA,0.17244177,0.1388844,1.0,0.034099635,0.18048668,0.6020815,-0.07722603
SYL_mAWFA,0.5294169,0.4268756,0.034099635,1.0,0.1578742,-0.035155058,0.9370675
VIS_IFG,0.21466681,0.05968682,0.18048668,0.1578742,1.0,0.44281882,0.012576714
VIS_VWFA,0.2893242,0.23843941,0.6020815,-0.035155058,0.44281882,1.0,-0.19827385
mAWFA_p-e09,0.44180095,0.35643783,-0.07722603,0.9370675,0.012576714,-0.19827385,1.0
