,AUD_AWFA,AWFA_p-e09,BIG_OWFA,SYL_mAWFA,VIS_IFG,VIS_VWFA
AUD_AWFA,1.0,0.8657454,0.09358535,0.51456565,0.44826737,0.22633603
AWFA_p-e09,0.8657454,1.0,0.09772174,0.5064535,0.45578325,0.21323568
BIG_OWFA,0.09358535,0.09772174,1.0,-0.089666486,0.28171852,0.51789784
SYL_mAWFA,0.51456565,0.5064535,-0.089666486,1.0,0.52612627,0.13276245
VIS_IFG,0.44826737,0.45578325,0.28171852,0.52612627,1.0,0.4626545
VIS_VWFA,0.22633603,0.21323568,0.51789784,0.13276245,0.4626545,1.0
