,AUD_AWFA,AWFA_p-e09,BIG_OWFA,SYL_mAWFA,VIS_IFG,VIS_VWFA
AUD_AWFA,1.0,0.887164,0.32749707,0.7090998,0.688424,0.26117235
AWFA_p-e09,0.887164,1.0,0.24420886,0.641862,0.5885513,0.2097365
BIG_OWFA,0.32749707,0.24420886,1.0,0.43061233,0.28748247,0.2388469
SYL_mAWFA,0.7090998,0.641862,0.43061233,1.0,0.6665763,0.37714705
VIS_IFG,0.688424,0.5885513,0.28748247,0.6665763,1.0,0.5098307
VIS_VWFA,0.26117235,0.2097365,0.2388469,0.37714705,0.5098307,1.0
