,AUD_AWFA,BIG_OWFA,SYL_mAWFA,VIS_IFG,VIS_VWFA
AUD_AWFA,1.0,0.13417195,0.4136984,0.59373987,0.42175558
BIG_OWFA,0.13417195,1.0,-0.11341935,0.13429418,0.5008608
SYL_mAWFA,0.4136984,-0.11341935,1.0,0.32114547,0.102033295
VIS_IFG,0.59373987,0.13429418,0.32114547,1.0,0.49990213
VIS_VWFA,0.42175558,0.5008608,0.102033295,0.49990213,1.0
