,AUD_AWFA,AWFA_p-e09,BIG_OWFA,SYL_mAWFA,VIS_IFG,VIS_VWFA,mAWFA_p-e09
AUD_AWFA,1.0,0.8210289,0.22714996,0.48089856,0.42039376,0.27539098,0.32294586
AWFA_p-e09,0.8210289,1.0,0.13219984,0.318786,0.3802901,0.176902,0.22501682
BIG_OWFA,0.22714996,0.13219984,1.0,0.5196248,0.30139157,0.5510828,0.42055485
SYL_mAWFA,0.48089856,0.318786,0.5196248,1.0,0.4194788,0.5537235,0.8319384
VIS_IFG,0.42039376,0.3802901,0.30139157,0.4194788,1.0,0.32685113,0.32252398
VIS_VWFA,0.27539098,0.176902,0.5510828,0.5537235,0.32685113,1.0,0.44529006
mAWFA_p-e09,0.32294586,0.22501682,0.42055485,0.8319384,0.32252398,0.44529006,1.0
