,AUD_AWFA,AWFA_p-e09,BIG_OWFA,SYL_mAWFA,VIS_IFG,VIS_VWFA
AUD_AWFA,1.0,0.8291886,0.20791206,0.66584635,0.5005896,0.091163345
AWFA_p-e09,0.8291886,1.0,0.10586885,0.62342167,0.35371152,0.017652094
BIG_OWFA,0.20791206,0.10586885,1.0,0.28437632,0.14904039,0.2525872
SYL_mAWFA,0.66584635,0.62342167,0.28437632,1.0,0.45569575,0.33116186
VIS_IFG,0.5005896,0.35371152,0.14904039,0.45569575,1.0,0.31266594
VIS_VWFA,0.091163345,0.017652094,0.2525872,0.33116186,0.31266594,1.0
