,AUD_AWFA,AWFA_p-e09,BIG_OWFA,SYL_mAWFA,VIS_IFG,VIS_VWFA,mAWFA_p-e09
AUD_AWFA,1.0,0.92703414,0.03961109,0.39856386,0.55484235,0.322449,0.4056976
AWFA_p-e09,0.92703414,1.0,-0.030796692,0.44128725,0.57496727,0.34327558,0.43197107
BIG_OWFA,0.03961109,-0.030796692,1.0,-0.42337686,-0.022829667,0.3557156,-0.3797348
SYL_mAWFA,0.39856386,0.44128725,-0.42337686,1.0,0.42867616,-0.019632723,0.9442446
VIS_IFG,0.55484235,0.57496727,-0.022829667,0.42867616,1.0,0.6081763,0.3849378
VIS_VWFA,0.322449,0.34327558,0.3557156,-0.019632723,0.6081763,1.0,-0.039935313
mAWFA_p-e09,0.4056976,0.43197107,-0.3797348,0.9442446,0.3849378,-0.039935313,1.0
