,AUD_AWFA,AWFA_p-e09,BIG_OWFA,SYL_mAWFA,VIS_IFG,VIS_VWFA
AUD_AWFA,1.0,0.800117,-0.066506214,0.49942467,0.19476797,0.18161975
AWFA_p-e09,0.800117,1.0,0.008311012,0.41796172,0.19301105,0.1109762
BIG_OWFA,-0.066506214,0.008311012,1.0,0.076668136,0.09579559,0.32352147
SYL_mAWFA,0.49942467,0.41796172,0.076668136,1.0,0.29755345,0.41136882
VIS_IFG,0.19476797,0.19301105,0.09579559,0.29755345,1.0,0.30779728
VIS_VWFA,0.18161975,0.1109762,0.32352147,0.41136882,0.30779728,1.0
