,AUD_AWFA,AWFA_p-e09,BIG_OWFA,SYL_mAWFA,VIS_IFG,VIS_VWFA
AUD_AWFA,1.0,0.7979819,0.02555865,0.4422452,0.28745234,0.07101854
AWFA_p-e09,0.7979819,1.0,-0.013243208,0.39242628,0.2674156,0.033280905
BIG_OWFA,0.02555865,-0.013243208,1.0,0.2902108,-0.03970924,0.06693657
SYL_mAWFA,0.4422452,0.39242628,0.2902108,1.0,0.14036344,0.24626146
VIS_IFG,0.28745234,0.2674156,-0.03970924,0.14036344,1.0,0.21482874
VIS_VWFA,0.07101854,0.033280905,0.06693657,0.24626146,0.21482874,1.0
