,AUD_AWFA,AWFA_p-e09,BIG_OWFA,SYL_mAWFA,VIS_IFG,VIS_VWFA
AUD_AWFA,1.0,0.9462599,0.5823979,0.7585684,0.5570082,0.6275952
AWFA_p-e09,0.9462599,1.0,0.5585771,0.7443481,0.5150629,0.56707954
BIG_OWFA,0.5823979,0.5585771,1.0,0.4945907,0.34082064,0.5703085
SYL_mAWFA,0.7585684,0.7443481,0.4945907,1.0,0.5562274,0.57951635
VIS_IFG,0.5570082,0.5150629,0.34082064,0.5562274,1.0,0.45758772
VIS_VWFA,0.6275952,0.56707954,0.5703085,0.57951635,0.45758772,1.0
