,AUD_AWFA,AWFA_p-e09,BIG_OWFA,SYL_mAWFA,VIS_IFG,VIS_VWFA,mAWFA_p-e09
AUD_AWFA,1.0,0.9282738,-0.018723488,0.71095425,0.45979816,0.41288286,0.6522803
AWFA_p-e09,0.9282738,1.0,-0.013365925,0.5863541,0.39964515,0.3522923,0.52976197
BIG_OWFA,-0.018723488,-0.013365925,1.0,-0.0054656626,0.35232228,0.3415356,-0.11555366
SYL_mAWFA,0.71095425,0.5863541,-0.0054656626,1.0,0.4818787,0.4854437,0.90324897
VIS_IFG,0.45979816,0.39964515,0.35232228,0.4818787,1.0,0.5219279,0.38944334
VIS_VWFA,0.41288286,0.3522923,0.3415356,0.4854437,0.5219279,1.0,0.43999463
mAWFA_p-e09,0.6522803,0.52976197,-0.11555366,0.90324897,0.38944334,0.43999463,1.0
