,AUD_AWFA,AWFA_p-e09,BIG_OWFA,SYL_mAWFA,VIS_IFG,VIS_VWFA,mAWFA_p-e09
AUD_AWFA,1.0,0.94466406,0.28748366,0.73372763,0.5579483,0.5460981,0.698865
AWFA_p-e09,0.94466406,1.0,0.32466576,0.6889808,0.50481594,0.52167314,0.6589624
BIG_OWFA,0.28748366,0.32466576,1.0,0.29024437,0.3684438,0.63109034,0.22648565
SYL_mAWFA,0.73372763,0.6889808,0.29024437,1.0,0.49948785,0.6038045,0.9431077
VIS_IFG,0.5579483,0.50481594,0.3684438,0.49948785,1.0,0.6843027,0.3785381
VIS_VWFA,0.5460981,0.52167314,0.63109034,0.6038045,0.6843027,1.0,0.49687088
mAWFA_p-e09,0.698865,0.6589624,0.22648565,0.9431077,0.3785381,0.49687088,1.0
