,AUD_AWFA,AWFA_p-e09,BIG_OWFA,SYL_mAWFA,VIS_IFG,VIS_VWFA
AUD_AWFA,1.0,0.8737576,0.31823108,0.56960434,0.46884975,0.42451805
AWFA_p-e09,0.8737576,1.0,0.24135916,0.52730453,0.30778342,0.355489
BIG_OWFA,0.31823108,0.24135916,1.0,0.252285,0.55396736,0.5253023
SYL_mAWFA,0.56960434,0.52730453,0.252285,1.0,0.33689794,0.39867017
VIS_IFG,0.46884975,0.30778342,0.55396736,0.33689794,1.0,0.649613
VIS_VWFA,0.42451805,0.355489,0.5253023,0.39867017,0.649613,1.0
