,AUD_AWFA,AWFA_p-e09,BIG_OWFA,SYL_mAWFA,VIS_IFG,VIS_VWFA
AUD_AWFA,1.0,0.75647306,0.13733862,0.48209238,0.4333389,0.24281174
AWFA_p-e09,0.75647306,1.0,0.05961801,0.49475127,0.354764,0.15259248
BIG_OWFA,0.13733862,0.05961801,1.0,0.16224055,0.13461244,0.26452106
SYL_mAWFA,0.48209238,0.49475127,0.16224055,1.0,0.3728231,0.18770088
VIS_IFG,0.4333389,0.354764,0.13461244,0.3728231,1.0,0.2737927
VIS_VWFA,0.24281174,0.15259248,0.26452106,0.18770088,0.2737927,1.0
