,AUD_AWFA,AWFA_p-e09,BIG_OWFA,SYL_mAWFA,VIS_IFG,VIS_VWFA
AUD_AWFA,1.0,0.7983426,0.22967258,0.4953701,0.5121455,0.4590459
AWFA_p-e09,0.7983426,1.0,0.2771924,0.48962,0.47129086,0.4690486
BIG_OWFA,0.22967258,0.2771924,1.0,0.27164117,0.060494453,0.52839077
SYL_mAWFA,0.4953701,0.48962,0.27164117,1.0,0.3742932,0.4924923
VIS_IFG,0.5121455,0.47129086,0.060494453,0.3742932,1.0,0.33266234
VIS_VWFA,0.4590459,0.4690486,0.52839077,0.4924923,0.33266234,1.0
