,AUD_AWFA,AWFA_p-e09,BIG_OWFA,SYL_mAWFA,VIS_IFG,VIS_VWFA
AUD_AWFA,1.0,0.93929416,0.16091199,0.6598334,0.52814543,0.22747941
AWFA_p-e09,0.93929416,1.0,0.16014831,0.65762746,0.48631993,0.18657738
BIG_OWFA,0.16091199,0.16014831,1.0,0.12748128,0.3071297,0.51887053
SYL_mAWFA,0.6598334,0.65762746,0.12748128,1.0,0.62650573,0.14943609
VIS_IFG,0.52814543,0.48631993,0.3071297,0.62650573,1.0,0.35945374
VIS_VWFA,0.22747941,0.18657738,0.51887053,0.14943609,0.35945374,1.0
