,AUD_AWFA,AWFA_p-e09,BIG_OWFA,SYL_mAWFA,VIS_IFG,VIS_VWFA
AUD_AWFA,1.0,0.94054973,0.049337536,0.55921525,0.5525922,0.22940068
AWFA_p-e09,0.94054973,1.0,0.056007545,0.49245182,0.5284318,0.21716687
BIG_OWFA,0.049337536,0.056007545,1.0,-0.21943592,0.33047527,0.5445691
SYL_mAWFA,0.55921525,0.49245182,-0.21943592,1.0,0.35363638,0.10987836
VIS_IFG,0.5525922,0.5284318,0.33047527,0.35363638,1.0,0.4927035
VIS_VWFA,0.22940068,0.21716687,0.5445691,0.10987836,0.4927035,1.0
