,AUD_AWFA,BIG_OWFA,SYL_mAWFA,VIS_IFG,VIS_VWFA
AUD_AWFA,1.0,-0.09609117,0.59360325,0.3990993,0.1953119
BIG_OWFA,-0.09609117,1.0,-0.3966939,0.12023103,0.341432
SYL_mAWFA,0.59360325,-0.3966939,1.0,0.24599127,-0.11411785
VIS_IFG,0.3990993,0.12023103,0.24599127,1.0,0.4223193
VIS_VWFA,0.1953119,0.341432,-0.11411785,0.4223193,1.0
