,AUD_AWFA,AWFA_p-e09,BIG_OWFA,SYL_mAWFA,VIS_IFG,VIS_VWFA
AUD_AWFA,1.0,0.93553346,0.35884902,0.41524795,0.5618718,0.47068542
AWFA_p-e09,0.93553346,1.0,0.37713638,0.37252378,0.58141285,0.47699168
BIG_OWFA,0.35884902,0.37713638,1.0,-0.0026088408,0.36623317,0.49874485
SYL_mAWFA,0.41524795,0.37252378,-0.0026088408,1.0,0.18894754,0.2615316
VIS_IFG,0.5618718,0.58141285,0.36623317,0.18894754,1.0,0.68836516
VIS_VWFA,0.47068542,0.47699168,0.49874485,0.2615316,0.68836516,1.0
