,AUD_AWFA,BIG_OWFA,SYL_mAWFA,VIS_IFG,VIS_VWFA
AUD_AWFA,1.0,0.3583198,0.67206615,0.5927654,0.4538066
BIG_OWFA,0.3583198,1.0,0.43128625,0.5050611,0.44915357
SYL_mAWFA,0.67206615,0.43128625,1.0,0.6784151,0.61373925
VIS_IFG,0.5927654,0.5050611,0.6784151,1.0,0.61627376
VIS_VWFA,0.4538066,0.44915357,0.61373925,0.61627376,1.0
