,AUD_AWFA,AWFA_p-e09,BIG_OWFA,SYL_mAWFA,VIS_IFG,VIS_VWFA,mAWFA_p-e09
AUD_AWFA,1.0,0.81626993,0.14770488,0.44332752,0.42535415,0.26899114,0.33545926
AWFA_p-e09,0.81626993,1.0,0.056770917,0.4005049,0.44786146,0.31859854,0.2928563
BIG_OWFA,0.14770488,0.056770917,1.0,0.43059433,0.119596854,0.3075929,0.37458152
SYL_mAWFA,0.44332752,0.4005049,0.43059433,1.0,0.24371172,0.35169938,0.8045878
VIS_IFG,0.42535415,0.44786146,0.119596854,0.24371172,1.0,0.35252678,0.21458958
VIS_VWFA,0.26899114,0.31859854,0.3075929,0.35169938,0.35252678,1.0,0.30703712
mAWFA_p-e09,0.33545926,0.2928563,0.37458152,0.8045878,0.21458958,0.30703712,1.0
