,AUD_AWFA,AWFA_p-e09,BIG_OWFA,SYL_mAWFA,VIS_IFG,VIS_VWFA,mAWFA_p-e09
AUD_AWFA,1.0,0.9224716,0.2547707,0.5903986,0.65562505,0.5325045,0.52047056
AWFA_p-e09,0.9224716,1.0,0.25067994,0.5079398,0.6572021,0.46984974,0.42453465
BIG_OWFA,0.2547707,0.25067994,1.0,0.28333285,0.3129946,0.43725812,0.23324433
SYL_mAWFA,0.5903986,0.5079398,0.28333285,1.0,0.45301288,0.4874677,0.88422334
VIS_IFG,0.65562505,0.6572021,0.3129946,0.45301288,1.0,0.4861369,0.343586
VIS_VWFA,0.5325045,0.46984974,0.43725812,0.4874677,0.4861369,1.0,0.409291
mAWFA_p-e09,0.52047056,0.42453465,0.23324433,0.88422334,0.343586,0.409291,1.0
