,cluster_1,cluster_2,cluster_3,cluster_4,cluster_5,cluster_6,cluster_7
cluster_1,1.0,0.5553038,0.50387394,0.4793714,0.41949624,0.50862706,0.42093077
cluster_2,0.5553038,1.0,0.5798206,0.551788,0.69023466,0.40137497,0.39058214
cluster_3,0.50387394,0.5798206,1.0,0.39742222,0.39902538,0.30161485,0.22098953
cluster_4,0.4793714,0.551788,0.39742222,1.0,0.50871086,0.36025,0.30639997
cluster_5,0.41949624,0.69023466,0.39902538,0.50871086,1.0,0.22592314,0.29801863
cluster_6,0.50862706,0.40137497,0.30161485,0.36025,0.22592314,1.0,0.28434116
cluster_7,0.42093077,0.39058214,0.22098953,0.30639997,0.29801863,0.28434116,1.0
