,cluster_1,cluster_2,cluster_3,cluster_4,cluster_5,cluster_6,cluster_7
cluster_1,1.0,0.70828915,0.764926,0.76697785,0.35419005,0.40061596,0.5582051
cluster_2,0.70828915,1.0,0.7824382,0.66217315,0.38723257,0.22796391,0.6384295
cluster_3,0.764926,0.7824382,1.0,0.6799867,0.38147005,0.31009778,0.50327903
cluster_4,0.76697785,0.66217315,0.6799867,1.0,0.26221052,0.31494465,0.5502396
cluster_5,0.35419005,0.38723257,0.38147005,0.26221052,1.0,0.20834424,0.37855646
cluster_6,0.40061596,0.22796391,0.31009778,0.31494465,0.20834424,1.0,0.35701945
cluster_7,0.5582051,0.6384295,0.50327903,0.5502396,0.37855646,0.35701945,1.0
