,AUD_AWFA,AWFA_p-e09,BIG_OWFA,SYL_mAWFA,VIS_IFG,VIS_VWFA,mAWFA_p-e09
AUD_AWFA,1.0,0.86409026,0.4322445,0.5576382,0.24030666,0.17731903,0.49785754
AWFA_p-e09,0.86409026,1.0,0.3402074,0.4654908,0.213125,0.16983207,0.41623992
BIG_OWFA,0.4322445,0.3402074,1.0,0.568915,0.10389651,0.37096804,0.44459176
SYL_mAWFA,0.5576382,0.4654908,0.568915,1.0,0.13364746,0.4607733,0.87121713
VIS_IFG,0.24030666,0.213125,0.10389651,0.13364746,1.0,0.27868235,-0.012962027
VIS_VWFA,0.17731903,0.16983207,0.37096804,0.4607733,0.27868235,1.0,0.38796508
mAWFA_p-e09,0.49785754,0.41623992,0.44459176,0.87121713,-0.012962027,0.38796508,1.0
