,AUD_AWFA,AWFA_p-e09,BIG_OWFA,SYL_mAWFA,VIS_IFG,VIS_VWFA
AUD_AWFA,1.0,0.89370966,0.18255831,0.5390918,0.6643341,0.49716523
AWFA_p-e09,0.89370966,1.0,0.18109772,0.5242681,0.66666806,0.46903265
BIG_OWFA,0.18255831,0.18109772,1.0,-0.050546173,0.18784626,0.32183456
SYL_mAWFA,0.5390918,0.5242681,-0.050546173,1.0,0.48726144,0.47225752
VIS_IFG,0.6643341,0.66666806,0.18784626,0.48726144,1.0,0.6900697
VIS_VWFA,0.49716523,0.46903265,0.32183456,0.47225752,0.6900697,1.0
