,cluster_1,cluster_2,cluster_3,cluster_4,cluster_5,cluster_6,cluster_7
cluster_1,1.0,0.5972137,0.6011278,0.1273946,0.3366068,0.2228989,0.24736127
cluster_2,0.5972137,1.0,0.4979845,0.3615723,0.353277,0.2159375,0.30732745
cluster_3,0.6011278,0.4979845,1.0,0.29000852,0.18757951,0.34455293,0.06504879
cluster_4,0.1273946,0.3615723,0.29000852,1.0,0.056420542,0.1993382,0.2959116
cluster_5,0.3366068,0.353277,0.18757951,0.056420542,1.0,0.24459499,0.080862336
cluster_6,0.2228989,0.2159375,0.34455293,0.1993382,0.24459499,1.0,0.20356898
cluster_7,0.24736127,0.30732745,0.06504879,0.2959116,0.080862336,0.20356898,1.0
