,AUD_AWFA,AWFA_p-e09,BIG_OWFA,SYL_mAWFA,VIS_IFG,VIS_VWFA,mAWFA_p-e09
AUD_AWFA,1.0,0.9372405,0.27458492,0.5533636,0.67607164,0.27320907,0.5103991
AWFA_p-e09,0.9372405,1.0,0.302389,0.512089,0.62644255,0.20239456,0.4795306
BIG_OWFA,0.27458492,0.302389,1.0,0.021602785,-0.014391708,0.14639902,0.018263048
SYL_mAWFA,0.5533636,0.512089,0.021602785,1.0,0.6024181,0.47014514,0.85693574
VIS_IFG,0.67607164,0.62644255,-0.014391708,0.6024181,1.0,0.35262474,0.52409387
VIS_VWFA,0.27320907,0.20239456,0.14639902,0.47014514,0.35262474,1.0,0.36573994
mAWFA_p-e09,0.5103991,0.4795306,0.018263048,0.85693574,0.52409387,0.36573994,1.0
