,AUD_AWFA,BIG_OWFA,SYL_mAWFA,VIS_IFG,VIS_VWFA
AUD_AWFA,1.0,0.30070165,0.48386386,0.6645798,0.5492337
BIG_OWFA,0.30070165,1.0,0.32421565,0.27592957,0.40603283
SYL_mAWFA,0.48386386,0.32421565,1.0,0.4501602,0.51706374
VIS_IFG,0.6645798,0.27592957,0.4501602,1.0,0.5473661
VIS_VWFA,0.5492337,0.40603283,0.51706374,0.5473661,1.0
