,AUD_AWFA,AWFA_p-e09,BIG_OWFA,SYL_mAWFA,VIS_IFG,VIS_VWFA,mAWFA_p-e09
AUD_AWFA,1.0,0.8999681,0.08327867,0.47653726,0.33832324,0.23249063,0.42741022
AWFA_p-e09,0.8999681,1.0,0.1071385,0.46931195,0.42874014,0.23346056,0.44387555
BIG_OWFA,0.08327867,0.1071385,1.0,0.26684567,0.2998821,0.5570322,0.14199182
SYL_mAWFA,0.47653726,0.46931195,0.26684567,1.0,0.29792348,0.39853662,0.8963596
VIS_IFG,0.33832324,0.42874014,0.2998821,0.29792348,1.0,0.38838708,0.28166783
VIS_VWFA,0.23249063,0.23346056,0.5570322,0.39853662,0.38838708,1.0,0.32080343
mAWFA_p-e09,0.42741022,0.44387555,0.14199182,0.8963596,0.28166783,0.32080343,1.0
