,AUD_AWFA,BIG_OWFA,SYL_mAWFA,VIS_IFG,VIS_VWFA
AUD_AWFA,1.0,0.22596656,0.5344279,0.45122555,0.22311713
BIG_OWFA,0.22596656,1.0,0.1368671,0.28514245,0.50847894
SYL_mAWFA,0.5344279,0.1368671,1.0,0.47571614,0.10215874
VIS_IFG,0.45122555,0.28514245,0.47571614,1.0,0.43801677
VIS_VWFA,0.22311713,0.50847894,0.10215874,0.43801677,1.0
