,AUD_AWFA,BIG_OWFA,SYL_mAWFA,VIS_IFG,VIS_VWFA
AUD_AWFA,1.0,0.13573098,0.43695784,0.48300925,0.18270665
BIG_OWFA,0.13573098,1.0,-0.2635186,0.29173765,0.5354042
SYL_mAWFA,0.43695784,-0.2635186,1.0,0.25211826,-0.07444064
VIS_IFG,0.48300925,0.29173765,0.25211826,1.0,0.35941088
VIS_VWFA,0.18270665,0.5354042,-0.07444064,0.35941088,1.0
