,AUD_AWFA,BIG_OWFA,SYL_mAWFA,VIS_IFG,VIS_VWFA
AUD_AWFA,1.0,0.35760096,0.41380373,0.5599176,0.46904838
BIG_OWFA,0.35760096,1.0,-0.0025997674,0.36495942,0.49701023
SYL_mAWFA,0.41380373,-0.0025997674,1.0,0.18829039,0.26062196
VIS_IFG,0.5599176,0.36495942,0.18829039,1.0,0.6859711
VIS_VWFA,0.46904838,0.49701023,0.26062196,0.6859711,1.0
