,AUD_AWFA,AWFA_p-e09,BIG_OWFA,SYL_mAWFA,VIS_IFG,VIS_VWFA,mAWFA_p-e09
AUD_AWFA,1.0,0.91460687,0.3014157,0.48501286,0.6661579,0.5505379,0.51153094
AWFA_p-e09,0.91460687,1.0,0.28245854,0.46239033,0.6398177,0.53791475,0.46574503
BIG_OWFA,0.3014157,0.28245854,1.0,0.32498553,0.2765848,0.406997,0.32974973
SYL_mAWFA,0.48501286,0.46239033,0.32498553,1.0,0.45122916,0.5182916,0.9453415
VIS_IFG,0.6661579,0.6398177,0.2765848,0.45122916,1.0,0.5486659,0.4274048
VIS_VWFA,0.5505379,0.53791475,0.406997,0.5182916,0.5486659,1.0,0.52001536
mAWFA_p-e09,0.51153094,0.46574503,0.32974973,0.9453415,0.4274048,0.52001536,1.0
