,AUD_AWFA,AWFA_p-e09,BIG_OWFA,SYL_mAWFA,VIS_IFG,VIS_VWFA
AUD_AWFA,1.0,0.9092913,0.24180666,0.33531472,0.4945396,0.32031256
AWFA_p-e09,0.9092913,1.0,0.21564603,0.30021667,0.47942173,0.27694523
BIG_OWFA,0.24180666,0.21564603,1.0,-0.059551336,0.34664208,0.35522288
SYL_mAWFA,0.33531472,0.30021667,-0.059551336,1.0,0.079513855,0.21033092
VIS_IFG,0.4945396,0.47942173,0.34664208,0.079513855,1.0,0.27377033
VIS_VWFA,0.32031256,0.27694523,0.35522288,0.21033092,0.27377033,1.0
