,AUD_AWFA,AWFA_p-e09,BIG_OWFA,SYL_mAWFA,VIS_IFG,VIS_VWFA
AUD_AWFA,1.0,0.82768035,0.3120104,0.4835716,0.3575907,0.4773431
AWFA_p-e09,0.82768035,1.0,0.15170752,0.37865072,0.27441582,0.36959124
BIG_OWFA,0.3120104,0.15170752,1.0,0.28637072,0.21147099,0.57940507
SYL_mAWFA,0.4835716,0.37865072,0.28637072,1.0,0.5859563,0.50021243
VIS_IFG,0.3575907,0.27441582,0.21147099,0.5859563,1.0,0.3380368
VIS_VWFA,0.4773431,0.36959124,0.57940507,0.50021243,0.3380368,1.0
