,cluster_1,cluster_2,cluster_3,cluster_4,cluster_5,cluster_6,cluster_7
cluster_1,1.0,0.2545179,0.4832808,0.59305227,-0.026669094,0.22959498,0.5118158
cluster_2,0.2545179,1.0,0.26982602,0.118634105,0.328554,0.1265472,0.22119765
cluster_3,0.4832808,0.26982602,1.0,0.4581164,0.215988,0.37917557,0.35206684
cluster_4,0.59305227,0.118634105,0.4581164,1.0,0.009828496,0.26220682,0.32606232
cluster_5,-0.026669094,0.328554,0.215988,0.009828496,1.0,0.39512047,0.27592143
cluster_6,0.22959498,0.1265472,0.37917557,0.26220682,0.39512047,1.0,0.5225515
cluster_7,0.5118158,0.22119765,0.35206684,0.32606232,0.27592143,0.5225515,1.0
