,AUD_AWFA,AWFA_p-e09,BIG_OWFA,SYL_mAWFA,VIS_IFG,VIS_VWFA
AUD_AWFA,1.0,0.91196525,0.20735236,0.41759875,0.53725827,0.24211684
AWFA_p-e09,0.91196525,1.0,0.20414741,0.41710427,0.5439755,0.22383052
BIG_OWFA,0.20735236,0.20414741,1.0,-0.28404233,0.32338443,0.41261473
SYL_mAWFA,0.41759875,0.41710427,-0.28404233,1.0,0.096527666,0.13571902
VIS_IFG,0.53725827,0.5439755,0.32338443,0.096527666,1.0,0.13173255
VIS_VWFA,0.24211684,0.22383052,0.41261473,0.13571902,0.13173255,1.0
