,AUD_AWFA,AWFA_p-e09,BIG_OWFA,SYL_mAWFA,VIS_IFG,VIS_VWFA
AUD_AWFA,1.0,0.7276763,0.16424021,0.34512675,0.37637028,0.1410127
AWFA_p-e09,0.7276763,1.0,0.0042905905,0.22859605,0.30119762,0.16093355
BIG_OWFA,0.16424021,0.0042905905,1.0,0.100755036,0.102047294,0.0029093083
SYL_mAWFA,0.34512675,0.22859605,0.100755036,1.0,0.16921254,0.11424228
VIS_IFG,0.37637028,0.30119762,0.102047294,0.16921254,1.0,0.2821564
VIS_VWFA,0.1410127,0.16093355,0.0029093083,0.11424228,0.2821564,1.0
