,AUD_AWFA,AWFA_p-e09,BIG_OWFA,SYL_mAWFA,VIS_IFG,VIS_VWFA
AUD_AWFA,1.0,0.5003891,0.29546213,0.53089625,0.037959725,0.042347055
AWFA_p-e09,0.5003891,1.0,0.11366598,0.24201591,0.042520594,0.08071802
BIG_OWFA,0.29546213,0.11366598,1.0,0.23648897,0.004451497,0.045645528
SYL_mAWFA,0.53089625,0.24201591,0.23648897,1.0,0.0961823,0.14648908
VIS_IFG,0.037959725,0.042520594,0.004451497,0.0961823,1.0,0.21927871
VIS_VWFA,0.042347055,0.08071802,0.045645528,0.14648908,0.21927871,1.0
