,cluster_1,cluster_2,cluster_3,cluster_4,cluster_5,cluster_6,cluster_7
cluster_1,1.0,0.7147756,0.59908116,0.41124424,-0.018904159,0.10238793,0.6533645
cluster_2,0.7147756,1.0,0.5251371,0.25662667,0.0606719,-0.036752958,0.62116176
cluster_3,0.59908116,0.5251371,1.0,0.22358094,0.04000672,-0.01916782,0.3108408
cluster_4,0.41124424,0.25662667,0.22358094,1.0,-0.10635839,-0.005833148,0.24118304
cluster_5,-0.018904159,0.0606719,0.04000672,-0.10635839,1.0,-0.23820837,-0.05526329
cluster_6,0.10238793,-0.036752958,-0.01916782,-0.005833148,-0.23820837,1.0,-0.11196145
cluster_7,0.6533645,0.62116176,0.3108408,0.24118304,-0.05526329,-0.11196145,1.0
