,AUD_AWFA,AWFA_p-e09,BIG_OWFA,SYL_mAWFA,VIS_IFG,VIS_VWFA
AUD_AWFA,1.0,0.8890936,0.033306785,0.18827035,0.33950907,-0.013483882
AWFA_p-e09,0.8890936,1.0,0.0015913546,0.08590329,0.2147143,-0.020224707
BIG_OWFA,0.033306785,0.0015913546,1.0,0.17652155,0.03261565,-0.093290985
SYL_mAWFA,0.18827035,0.08590329,0.17652155,1.0,0.46792498,0.28189337
VIS_IFG,0.33950907,0.2147143,0.03261565,0.46792498,1.0,0.30807555
VIS_VWFA,-0.013483882,-0.020224707,-0.093290985,0.28189337,0.30807555,1.0
