,AUD_AWFA,BIG_OWFA,SYL_mAWFA,VIS_IFG,VIS_VWFA
AUD_AWFA,1.0,0.21298602,0.41005963,0.3345784,0.21069011
BIG_OWFA,0.21298602,1.0,-0.090505175,0.3677488,0.5557881
SYL_mAWFA,0.41005963,-0.090505175,1.0,0.25421822,0.17243926
VIS_IFG,0.3345784,0.3677488,0.25421822,1.0,0.5384539
VIS_VWFA,0.21069011,0.5557881,0.17243926,0.5384539,1.0
