,AUD_AWFA,AWFA_p-e09,BIG_OWFA,SYL_mAWFA,VIS_IFG,VIS_VWFA,mAWFA_p-e09
AUD_AWFA,1.0,0.90213364,0.25129133,0.3057521,0.46387643,0.334842,0.283818
AWFA_p-e09,0.90213364,1.0,0.21281081,0.3879956,0.4759706,0.30097705,0.35641375
BIG_OWFA,0.25129133,0.21281081,1.0,-0.21347322,0.24058291,0.63132286,-0.25219473
SYL_mAWFA,0.3057521,0.3879956,-0.21347322,1.0,0.069999725,-0.15959558,0.9625982
VIS_IFG,0.46387643,0.4759706,0.24058291,0.069999725,1.0,0.41440082,0.008022624
VIS_VWFA,0.334842,0.30097705,0.63132286,-0.15959558,0.41440082,1.0,-0.18137912
mAWFA_p-e09,0.283818,0.35641375,-0.25219473,0.9625982,0.008022624,-0.18137912,1.0
