,AUD_AWFA,AWFA_p-e09,BIG_OWFA,SYL_mAWFA,VIS_IFG,VIS_VWFA
AUD_AWFA,1.0,0.94206053,0.15110469,0.8429546,0.6036994,0.47527325
AWFA_p-e09,0.94206053,1.0,0.15240337,0.7770954,0.5503198,0.45236072
BIG_OWFA,0.15110469,0.15240337,1.0,0.25973547,0.4062078,0.6116135
SYL_mAWFA,0.8429546,0.7770954,0.25973547,1.0,0.63062346,0.6244494
VIS_IFG,0.6036994,0.5503198,0.4062078,0.63062346,1.0,0.6136241
VIS_VWFA,0.47527325,0.45236072,0.6116135,0.6244494,0.6136241,1.0
