,AUD_AWFA,BIG_OWFA,SYL_mAWFA,VIS_IFG,VIS_VWFA
AUD_AWFA,1.0,0.1708174,0.5244299,0.21264471,0.28659883
BIG_OWFA,0.1708174,1.0,0.033778425,0.17878655,0.59641004
SYL_mAWFA,0.5244299,0.033778425,1.0,0.15638706,-0.034823906
VIS_IFG,0.21264471,0.17878655,0.15638706,1.0,0.4386476
VIS_VWFA,0.28659883,0.59641004,-0.034823906,0.4386476,1.0
