,AUD_AWFA,AWFA_p-e09,BIG_OWFA,SYL_mAWFA,VIS_IFG,VIS_VWFA,mAWFA_p-e09
AUD_AWFA,1.0,0.7800867,0.23374036,0.43363217,0.4232299,0.082703,0.3912242
AWFA_p-e09,0.7800867,1.0,0.128234,0.3974494,0.43199626,0.048093554,0.41091403
BIG_OWFA,0.23374036,0.128234,1.0,0.14774519,0.14006326,0.2600574,0.020625787
SYL_mAWFA,0.43363217,0.3974494,0.14774519,1.0,0.42988092,0.17051786,0.7828663
VIS_IFG,0.4232299,0.43199626,0.14006326,0.42988092,1.0,0.33960912,0.3644093
VIS_VWFA,0.082703,0.048093554,0.2600574,0.17051786,0.33960912,1.0,0.07046426
mAWFA_p-e09,0.3912242,0.41091403,0.020625787,0.7828663,0.3644093,0.07046426,1.0
