,AUD_AWFA,AWFA_p-e09,BIG_OWFA,SYL_mAWFA,VIS_IFG,VIS_VWFA,mAWFA_p-e09
AUD_AWFA,1.0,0.95118207,0.4820906,0.6820728,0.7400472,0.51088995,0.6543445
AWFA_p-e09,0.95118207,1.0,0.44773886,0.6252269,0.71505046,0.5054739,0.5855404
BIG_OWFA,0.4820906,0.44773886,1.0,0.47251913,0.5503078,0.6636585,0.41442454
SYL_mAWFA,0.6820728,0.6252269,0.47251913,1.0,0.7321911,0.42311278,0.9461892
VIS_IFG,0.7400472,0.71505046,0.5503078,0.7321911,1.0,0.52214724,0.72024333
VIS_VWFA,0.51088995,0.5054739,0.6636585,0.42311278,0.52214724,1.0,0.32138175
mAWFA_p-e09,0.6543445,0.5855404,0.41442454,0.9461892,0.72024333,0.32138175,1.0
