,AUD_AWFA,BIG_OWFA,SYL_mAWFA,VIS_IFG,VIS_VWFA
AUD_AWFA,1.0,0.36567035,0.6991585,0.6529503,0.47467598
BIG_OWFA,0.36567035,1.0,0.48803252,0.3450967,0.49569488
SYL_mAWFA,0.6991585,0.48803252,1.0,0.57107145,0.567189
VIS_IFG,0.6529503,0.3450967,0.57107145,1.0,0.65806687
VIS_VWFA,0.47467598,0.49569488,0.567189,0.65806687,1.0
