,AUD_AWFA,BIG_OWFA,SYL_mAWFA,VIS_IFG,VIS_VWFA
AUD_AWFA,1.0,0.2730004,0.5501704,0.67217034,0.2716325
BIG_OWFA,0.2730004,1.0,0.021478124,-0.014308658,0.14555421
SYL_mAWFA,0.5501704,0.021478124,1.0,0.5989418,0.46743214
VIS_IFG,0.67217034,-0.014308658,0.5989418,1.0,0.3505899
VIS_VWFA,0.2716325,0.14555421,0.46743214,0.3505899,1.0
