,AUD_AWFA,AWFA_p-e09,BIG_OWFA,SYL_mAWFA,VIS_IFG,VIS_VWFA,mAWFA_p-e09
AUD_AWFA,1.0,0.9064625,0.12536284,0.58507043,0.60814136,0.40493524,0.52645206
AWFA_p-e09,0.9064625,1.0,0.15986603,0.5034621,0.6963948,0.3616206,0.41711557
BIG_OWFA,0.12536284,0.15986603,1.0,0.1813744,0.2689614,0.40810865,0.09870163
SYL_mAWFA,0.58507043,0.5034621,0.1813744,1.0,0.4972474,0.5480007,0.83075535
VIS_IFG,0.60814136,0.6963948,0.2689614,0.4972474,1.0,0.54691577,0.29125255
VIS_VWFA,0.40493524,0.3616206,0.40810865,0.5480007,0.54691577,1.0,0.34632814
mAWFA_p-e09,0.52645206,0.41711557,0.09870163,0.83075535,0.29125255,0.34632814,1.0
