,AUD_AWFA,BIG_OWFA,SYL_mAWFA,VIS_IFG,VIS_VWFA
AUD_AWFA,1.0,0.3788204,0.6360242,0.49383798,0.28373122
BIG_OWFA,0.3788204,1.0,0.33784705,0.372539,0.39231485
SYL_mAWFA,0.6360242,0.33784705,1.0,0.28782296,0.29877254
VIS_IFG,0.49383798,0.372539,0.28782296,1.0,0.5500058
VIS_VWFA,0.28373122,0.39231485,0.29877254,0.5500058,1.0
