,AUD_AWFA,AWFA_p-e09,BIG_OWFA,SYL_mAWFA,VIS_IFG,VIS_VWFA,mAWFA_p-e09
AUD_AWFA,1.0,0.82615155,0.10725232,0.5534611,0.46520975,0.2004588,0.47763887
AWFA_p-e09,0.82615155,1.0,0.15986489,0.31160864,0.33047813,0.19342764,0.19736195
BIG_OWFA,0.10725232,0.15986489,1.0,-0.25650012,0.32263008,0.6579322,-0.28863102
SYL_mAWFA,0.5534611,0.31160864,-0.25650012,1.0,0.23393458,-0.11161512,0.9503027
VIS_IFG,0.46520975,0.33047813,0.32263008,0.23393458,1.0,0.590843,0.17215352
VIS_VWFA,0.2004588,0.19342764,0.6579322,-0.11161512,0.590843,1.0,-0.1755157
mAWFA_p-e09,0.47763887,0.19736195,-0.28863102,0.9503027,0.17215352,-0.1755157,1.0
