,AUD_AWFA,AWFA_p-e09,BIG_OWFA,SYL_mAWFA,VIS_IFG,VIS_VWFA,mAWFA_p-e09
AUD_AWFA,1.0,0.8210696,0.11339743,0.2591865,0.327281,0.10058174,0.3709812
AWFA_p-e09,0.8210696,1.0,0.077407,0.26325122,0.32854155,0.15516782,0.29076388
BIG_OWFA,0.11339743,0.077407,1.0,0.13660887,0.16570243,0.107003026,0.14480017
SYL_mAWFA,0.2591865,0.26325122,0.13660887,1.0,0.32953054,0.462208,0.77951276
VIS_IFG,0.327281,0.32854155,0.16570243,0.32953054,1.0,0.43138146,0.26890066
VIS_VWFA,0.10058174,0.15516782,0.107003026,0.462208,0.43138146,1.0,0.3024146
mAWFA_p-e09,0.3709812,0.29076388,0.14480017,0.77951276,0.26890066,0.3024146,1.0
