,AUD_AWFA,AWFA_p-e09,BIG_OWFA,SYL_mAWFA,VIS_IFG,VIS_VWFA,mAWFA_p-e09
AUD_AWFA,1.0,0.87560034,0.25262868,0.584611,0.5110753,0.3527587,0.50943667
AWFA_p-e09,0.87560034,1.0,0.13816495,0.5270961,0.43640146,0.3240037,0.45493183
BIG_OWFA,0.25262868,0.13816495,1.0,0.33569276,0.43322104,0.3946506,0.29296726
SYL_mAWFA,0.584611,0.5270961,0.33569276,1.0,0.6046919,0.4656415,0.86403006
VIS_IFG,0.5110753,0.43640146,0.43322104,0.6046919,1.0,0.5537778,0.47503787
VIS_VWFA,0.3527587,0.3240037,0.3946506,0.4656415,0.5537778,1.0,0.3744348
mAWFA_p-e09,0.50943667,0.45493183,0.29296726,0.86403006,0.47503787,0.3744348,1.0
