,AUD_AWFA,AWFA_p-e09,BIG_OWFA,SYL_mAWFA,VIS_IFG,VIS_VWFA,mAWFA_p-e09
AUD_AWFA,1.0,0.76705176,0.13190079,0.44707537,0.15624298,0.15797654,0.25742778
AWFA_p-e09,0.76705176,1.0,-0.06250564,0.25922957,0.17497988,0.23197968,0.15053695
BIG_OWFA,0.13190079,-0.06250564,1.0,0.22689463,-0.11736333,0.07757266,0.13365343
SYL_mAWFA,0.44707537,0.25922957,0.22689463,1.0,0.09414167,0.13743077,0.7713431
VIS_IFG,0.15624298,0.17497988,-0.11736333,0.09414167,1.0,0.28997678,0.0490582
VIS_VWFA,0.15797654,0.23197968,0.07757266,0.13743077,0.28997678,1.0,0.10015336
mAWFA_p-e09,0.25742778,0.15053695,0.13365343,0.7713431,0.0490582,0.10015336,1.0
