,cluster_1,cluster_2,cluster_3,cluster_4,cluster_5,cluster_6,cluster_7
cluster_1,1.0,0.5555792,0.30717805,0.42747882,0.24542153,0.2697983,0.5833593
cluster_2,0.5555792,1.0,0.38686466,0.58621216,0.0429267,0.04091029,0.19058827
cluster_3,0.30717805,0.38686466,1.0,0.3106425,-0.004523557,0.1738072,0.07605021
cluster_4,0.42747882,0.58621216,0.3106425,1.0,0.05422168,-0.004323736,0.17487249
cluster_5,0.24542153,0.0429267,-0.004523557,0.05422168,1.0,0.14944787,0.28626657
cluster_6,0.2697983,0.04091029,0.1738072,-0.004323736,0.14944787,1.0,0.17527032
cluster_7,0.5833593,0.19058827,0.07605021,0.17487249,0.28626657,0.17527032,1.0
