,AUD_AWFA,BIG_OWFA,SYL_mAWFA,VIS_IFG,VIS_VWFA
AUD_AWFA,1.0,0.3601536,0.65685993,0.4751452,0.45371476
BIG_OWFA,0.3601536,1.0,0.32085657,0.22544987,0.62913287
SYL_mAWFA,0.65685993,0.32085657,1.0,0.4374391,0.59725326
VIS_IFG,0.4751452,0.22544987,0.4374391,1.0,0.4960997
VIS_VWFA,0.45371476,0.62913287,0.59725326,0.4960997,1.0
