,AUD_AWFA,BIG_OWFA,SYL_mAWFA,VIS_IFG,VIS_VWFA
AUD_AWFA,1.0,0.10691022,0.5516957,0.46372586,0.1998194
BIG_OWFA,0.10691022,1.0,-0.25568196,0.321601,0.6558336
SYL_mAWFA,0.5516957,-0.25568196,1.0,0.2331884,-0.1112591
VIS_IFG,0.46372586,0.321601,0.2331884,1.0,0.5889584
VIS_VWFA,0.1998194,0.6558336,-0.1112591,0.5889584,1.0
