,AUD_AWFA,AWFA_p-e09,BIG_OWFA,SYL_mAWFA,VIS_IFG,VIS_VWFA
AUD_AWFA,1.0,0.84471136,0.18902336,0.38930473,0.37440878,0.095007285
AWFA_p-e09,0.84471136,1.0,0.12772173,0.3610904,0.26282156,0.11350654
BIG_OWFA,0.18902336,0.12772173,1.0,0.43203738,0.26229188,0.474605
SYL_mAWFA,0.38930473,0.3610904,0.43203738,1.0,0.37203112,0.4374572
VIS_IFG,0.37440878,0.26282156,0.26229188,0.37203112,1.0,0.4188422
VIS_VWFA,0.095007285,0.11350654,0.474605,0.4374572,0.4188422,1.0
