,AUD_AWFA,AWFA_p-e09,BIG_OWFA,SYL_mAWFA,VIS_IFG,VIS_VWFA,mAWFA_p-e09
AUD_AWFA,1.0,0.93116593,0.11420112,0.6038794,0.50021905,0.2563377,0.52607375
AWFA_p-e09,0.93116593,1.0,0.13401659,0.60089713,0.53998864,0.25960124,0.5372451
BIG_OWFA,0.11420112,0.13401659,1.0,-0.26102626,0.24202487,0.5208306,-0.33144808
SYL_mAWFA,0.6038794,0.60089713,-0.26102626,1.0,0.19701655,-0.111230016,0.9599652
VIS_IFG,0.50021905,0.53998864,0.24202487,0.19701655,1.0,0.5129609,0.18024191
VIS_VWFA,0.2563377,0.25960124,0.5208306,-0.111230016,0.5129609,1.0,-0.15922701
mAWFA_p-e09,0.52607375,0.5372451,-0.33144808,0.9599652,0.18024191,-0.15922701,1.0
