,AUD_AWFA,AWFA_p-e09,BIG_OWFA,SYL_mAWFA,VIS_IFG,VIS_VWFA
AUD_AWFA,1.0,0.875192,0.25251085,0.58433837,0.51083696,0.3525942
AWFA_p-e09,0.875192,1.0,0.13810052,0.5268502,0.43619794,0.32385257
BIG_OWFA,0.25251085,0.13810052,1.0,0.3355362,0.43301898,0.39446655
SYL_mAWFA,0.58433837,0.5268502,0.3355362,1.0,0.60440993,0.46542433
VIS_IFG,0.51083696,0.43619794,0.43301898,0.60440993,1.0,0.5535195
VIS_VWFA,0.3525942,0.32385257,0.39446655,0.46542433,0.5535195,1.0
