,AUD_AWFA,BIG_OWFA,SYL_mAWFA,VIS_IFG,VIS_VWFA
AUD_AWFA,1.0,0.22473668,0.36112207,0.5712777,0.4608065
BIG_OWFA,0.22473668,1.0,-0.22154608,0.21346113,0.3399521
SYL_mAWFA,0.36112207,-0.22154608,1.0,0.27008522,0.13584305
VIS_IFG,0.5712777,0.21346113,0.27008522,1.0,0.4945933
VIS_VWFA,0.4608065,0.3399521,0.13584305,0.4945933,1.0
