,AUD_AWFA,BIG_OWFA,SYL_mAWFA,VIS_IFG,VIS_VWFA
AUD_AWFA,1.0,0.28488627,0.4256765,0.24393147,0.11296488
BIG_OWFA,0.28488627,1.0,0.08954758,0.15593003,0.19262457
SYL_mAWFA,0.4256765,0.08954758,1.0,0.32110125,0.09979334
VIS_IFG,0.24393147,0.15593003,0.32110125,1.0,0.21590446
VIS_VWFA,0.11296488,0.19262457,0.09979334,0.21590446,1.0
