,cluster_1,cluster_2,cluster_3,cluster_4,cluster_5,cluster_6,cluster_7
cluster_1,1.0,0.43398044,0.27787504,0.6214346,0.44053873,0.2715263,0.5842261
cluster_2,0.43398044,1.0,0.6159461,0.49650618,0.6028641,0.054290146,0.38292548
cluster_3,0.27787504,0.6159461,1.0,0.25823826,0.5317006,0.0026147412,0.06917026
cluster_4,0.6214346,0.49650618,0.25823826,1.0,0.3542958,0.16808188,0.44850275
cluster_5,0.44053873,0.6028641,0.5317006,0.3542958,1.0,0.15420972,0.21063091
cluster_6,0.2715263,0.054290146,0.0026147412,0.16808188,0.15420972,1.0,0.11665246
cluster_7,0.5842261,0.38292548,0.06917026,0.44850275,0.21063091,0.11665246,1.0
