,AUD_AWFA,BIG_OWFA,SYL_mAWFA,VIS_IFG,VIS_VWFA
AUD_AWFA,1.0,0.15030013,0.51696116,0.3862232,0.23173082
BIG_OWFA,0.15030013,1.0,0.3238897,0.19845642,0.4034671
SYL_mAWFA,0.51696116,0.3238897,1.0,0.41717774,0.35896105
VIS_IFG,0.3862232,0.19845642,0.41717774,1.0,0.36739728
VIS_VWFA,0.23173082,0.4034671,0.35896105,0.36739728,1.0
