,AUD_AWFA,AWFA_p-e09,BIG_OWFA,SYL_mAWFA,VIS_IFG,VIS_VWFA,mAWFA_p-e09
AUD_AWFA,1.0,0.8639095,0.59255445,0.7719451,0.5482876,0.43708447,0.76276636
AWFA_p-e09,0.8639095,1.0,0.4051172,0.58484197,0.48023212,0.3956861,0.61465245
BIG_OWFA,0.59255445,0.4051172,1.0,0.7016674,0.48636347,0.43161333,0.6456737
SYL_mAWFA,0.7719451,0.58484197,0.7016674,1.0,0.67450166,0.48355582,0.9371174
VIS_IFG,0.5482876,0.48023212,0.48636347,0.67450166,1.0,0.6469903,0.64262635
VIS_VWFA,0.43708447,0.3956861,0.43161333,0.48355582,0.6469903,1.0,0.47369638
mAWFA_p-e09,0.76276636,0.61465245,0.6456737,0.9371174,0.64262635,0.47369638,1.0
