,AUD_AWFA,AWFA_p-e09,BIG_OWFA,SYL_mAWFA,VIS_IFG,VIS_VWFA,mAWFA_p-e09
AUD_AWFA,1.0,0.8403626,0.355893,0.5457794,0.48863938,0.4306463,0.55895644
AWFA_p-e09,0.8403626,1.0,0.17561613,0.37669632,0.3137904,0.27086982,0.41327137
BIG_OWFA,0.355893,0.17561613,1.0,0.5752107,0.42442453,0.66731733,0.535809
SYL_mAWFA,0.5457794,0.37669632,0.5752107,1.0,0.54765666,0.5742389,0.86901075
VIS_IFG,0.48863938,0.3137904,0.42442453,0.54765666,1.0,0.5257789,0.45154908
VIS_VWFA,0.4306463,0.27086982,0.66731733,0.5742389,0.5257789,1.0,0.5347437
mAWFA_p-e09,0.55895644,0.41327137,0.535809,0.86901075,0.45154908,0.5347437,1.0
