,AUD_AWFA,AWFA_p-e09,BIG_OWFA,SYL_mAWFA,VIS_IFG,VIS_VWFA
AUD_AWFA,1.0,0.8156209,0.4650498,0.65054804,0.20684919,0.30696765
AWFA_p-e09,0.8156209,1.0,0.3454498,0.54668754,0.17956044,0.35269475
BIG_OWFA,0.4650498,0.3454498,1.0,0.58639646,0.29759878,0.2985267
SYL_mAWFA,0.65054804,0.54668754,0.58639646,1.0,0.22185135,0.43091053
VIS_IFG,0.20684919,0.17956044,0.29759878,0.22185135,1.0,0.52415377
VIS_VWFA,0.30696765,0.35269475,0.2985267,0.43091053,0.52415377,1.0
