,AUD_AWFA,AWFA_p-e09,BIG_OWFA,SYL_mAWFA,VIS_IFG,VIS_VWFA,mAWFA_p-e09
AUD_AWFA,1.0,0.8878018,0.2866586,0.5249659,0.56366557,0.37688538,0.45952204
AWFA_p-e09,0.8878018,1.0,0.2803335,0.53560364,0.6270355,0.36344218,0.43147197
BIG_OWFA,0.2866586,0.2803335,1.0,-0.07301944,0.3370871,0.7299336,-0.0940237
SYL_mAWFA,0.5249659,0.53560364,-0.07301944,1.0,0.23186238,-0.08011089,0.94797826
VIS_IFG,0.56366557,0.6270355,0.3370871,0.23186238,1.0,0.43652728,0.13647687
VIS_VWFA,0.37688538,0.36344218,0.7299336,-0.08011089,0.43652728,1.0,-0.12884578
mAWFA_p-e09,0.45952204,0.43147197,-0.0940237,0.94797826,0.13647687,-0.12884578,1.0
