,AUD_AWFA,BIG_OWFA,SYL_mAWFA,VIS_IFG,VIS_VWFA
AUD_AWFA,1.0,0.1755981,0.30125135,0.46903124,0.24986558
BIG_OWFA,0.1755981,1.0,-0.24774781,0.28539014,0.6333771
SYL_mAWFA,0.30125135,-0.24774781,1.0,0.13517916,-0.21347834
VIS_IFG,0.46903124,0.28539014,0.13517916,1.0,0.5058759
VIS_VWFA,0.24986558,0.6333771,-0.21347834,0.5058759,1.0
