,AUD_AWFA,AWFA_p-e09,BIG_OWFA,SYL_mAWFA,VIS_IFG,VIS_VWFA
AUD_AWFA,1.0,0.83945704,0.33997098,0.5105913,0.32940087,0.12571687
AWFA_p-e09,0.83945704,1.0,0.30053192,0.44525298,0.25998345,0.09931058
BIG_OWFA,0.33997098,0.30053192,1.0,0.4447646,0.29774633,0.28293523
SYL_mAWFA,0.5105913,0.44525298,0.4447646,1.0,0.39200327,0.2869438
VIS_IFG,0.32940087,0.25998345,0.29774633,0.39200327,1.0,0.42765096
VIS_VWFA,0.12571687,0.09931058,0.28293523,0.2869438,0.42765096,1.0
