,AUD_AWFA,AWFA_p-e09,BIG_OWFA,SYL_mAWFA,VIS_IFG,VIS_VWFA
AUD_AWFA,1.0,0.88487697,0.17190787,0.5277778,0.21400219,0.28842843
AWFA_p-e09,0.88487697,1.0,0.13845441,0.42555398,0.059502028,0.23770118
BIG_OWFA,0.17190787,0.13845441,1.0,0.03399406,0.17992789,0.6002174
SYL_mAWFA,0.5277778,0.42555398,0.03399406,1.0,0.15738541,-0.035046216
VIS_IFG,0.21400219,0.059502028,0.17992789,0.15738541,1.0,0.44144785
VIS_VWFA,0.28842843,0.23770118,0.6002174,-0.035046216,0.44144785,1.0
