,AUD_AWFA,AWFA_p-e09,BIG_OWFA,SYL_mAWFA,VIS_IFG,VIS_VWFA
AUD_AWFA,1.0,0.8436332,0.28802183,0.43036163,0.24661626,0.114208214
AWFA_p-e09,0.8436332,1.0,0.27995792,0.34678385,0.23598567,0.08077435
BIG_OWFA,0.28802183,0.27995792,1.0,0.090533175,0.15764624,0.19474466
SYL_mAWFA,0.43036163,0.34678385,0.090533175,1.0,0.3246354,0.100891694
VIS_IFG,0.24661626,0.23598567,0.15764624,0.3246354,1.0,0.21828078
VIS_VWFA,0.114208214,0.08077435,0.19474466,0.100891694,0.21828078,1.0
