,AUD_AWFA,AWFA_p-e09,BIG_OWFA,SYL_mAWFA,VIS_IFG,VIS_VWFA
AUD_AWFA,1.0,0.8414534,0.317978,0.67259574,0.140822,0.5142104
AWFA_p-e09,0.8414534,1.0,0.23975603,0.5506076,0.1548408,0.42028892
BIG_OWFA,0.317978,0.23975603,1.0,0.4669764,-0.004700587,0.49352276
SYL_mAWFA,0.67259574,0.5506076,0.4669764,1.0,0.18562962,0.55848813
VIS_IFG,0.140822,0.1548408,-0.004700587,0.18562962,1.0,0.05780666
VIS_VWFA,0.5142104,0.42028892,0.49352276,0.55848813,0.05780666,1.0
