,AUD_AWFA,AWFA_p-e09,BIG_OWFA,SYL_mAWFA,VIS_IFG,VIS_VWFA,mAWFA_p-e09
AUD_AWFA,1.0,0.80165356,0.31301337,0.5241651,0.33997613,0.23432751,0.37849534
AWFA_p-e09,0.80165356,1.0,0.2191256,0.3813044,0.2935961,0.12090024,0.24437717
BIG_OWFA,0.31301337,0.2191256,1.0,0.5488354,0.105022155,0.34502643,0.34237158
SYL_mAWFA,0.5241651,0.3813044,0.5488354,1.0,0.35919726,0.43197468,0.80903476
VIS_IFG,0.33997613,0.2935961,0.105022155,0.35919726,1.0,0.38093323,0.2211467
VIS_VWFA,0.23432751,0.12090024,0.34502643,0.43197468,0.38093323,1.0,0.2714557
mAWFA_p-e09,0.37849534,0.24437717,0.34237158,0.80903476,0.2211467,0.2714557,1.0
