,AUD_AWFA,BIG_OWFA,SYL_mAWFA,VIS_IFG,VIS_VWFA
AUD_AWFA,1.0,0.2171846,0.42662746,0.30269748,0.1677205
BIG_OWFA,0.2171846,1.0,0.09805096,0.25761867,0.43027443
SYL_mAWFA,0.42662746,0.09805096,1.0,0.21834971,-0.04163362
VIS_IFG,0.30269748,0.25761867,0.21834971,1.0,0.47893706
VIS_VWFA,0.1677205,0.43027443,-0.04163362,0.47893706,1.0
