,AUD_AWFA,AWFA_p-e09,BIG_OWFA,SYL_mAWFA,VIS_IFG,VIS_VWFA,mAWFA_p-e09
AUD_AWFA,1.0,0.94276077,0.027619697,0.47346562,0.6172853,0.10220029,0.4688768
AWFA_p-e09,0.94276077,1.0,0.0036348903,0.48579118,0.59901404,0.047505967,0.46169642
BIG_OWFA,0.027619697,0.0036348903,1.0,-0.28353867,0.044016376,0.40363184,-0.2729836
SYL_mAWFA,0.47346562,0.48579118,-0.28353867,1.0,0.3586422,-0.33555526,0.9213136
VIS_IFG,0.6172853,0.59901404,0.044016376,0.3586422,1.0,0.23963133,0.41015476
VIS_VWFA,0.10220029,0.047505967,0.40363184,-0.33555526,0.23963133,1.0,-0.24526007
mAWFA_p-e09,0.4688768,0.46169642,-0.2729836,0.9213136,0.41015476,-0.24526007,1.0
