,AUD_AWFA,AWFA_p-e09,BIG_OWFA,SYL_mAWFA,VIS_IFG,VIS_VWFA,mAWFA_p-e09
AUD_AWFA,1.0,0.75178504,0.14578,0.29712763,0.378175,0.23213603,0.1904133
AWFA_p-e09,0.75178504,1.0,-0.0003484258,0.3508971,0.25041926,0.113695405,0.21182512
BIG_OWFA,0.14578,-0.0003484258,1.0,0.24530816,0.1855816,0.2939505,0.16144733
SYL_mAWFA,0.29712763,0.3508971,0.24530816,1.0,0.11062749,0.28810552,0.75273514
VIS_IFG,0.378175,0.25041926,0.1855816,0.11062749,1.0,0.39763513,0.0037385286
VIS_VWFA,0.23213603,0.113695405,0.2939505,0.28810552,0.39763513,1.0,0.21986906
mAWFA_p-e09,0.1904133,0.21182512,0.16144733,0.75273514,0.0037385286,0.21986906,1.0
