,AUD_AWFA,BIG_OWFA,SYL_mAWFA,VIS_IFG,VIS_VWFA
AUD_AWFA,1.0,0.38342762,0.768248,0.69897044,0.5092433
BIG_OWFA,0.38342762,1.0,0.40359536,0.37514147,0.53924185
SYL_mAWFA,0.768248,0.40359536,1.0,0.7118006,0.6156081
VIS_IFG,0.69897044,0.37514147,0.7118006,1.0,0.5959993
VIS_VWFA,0.5092433,0.53924185,0.6156081,0.5959993,1.0
