,AUD_AWFA,BIG_OWFA,SYL_mAWFA,VIS_IFG,VIS_VWFA
AUD_AWFA,1.0,0.082477055,0.6471434,0.40294543,0.3688506
BIG_OWFA,0.082477055,1.0,0.1299242,0.18806395,0.47240236
SYL_mAWFA,0.6471434,0.1299242,1.0,0.4331495,0.4762805
VIS_IFG,0.40294543,0.18806395,0.4331495,1.0,0.42301023
VIS_VWFA,0.3688506,0.47240236,0.4762805,0.42301023,1.0
