,AUD_AWFA,AWFA_p-e09,BIG_OWFA,SYL_mAWFA,VIS_IFG,VIS_VWFA,mAWFA_p-e09
AUD_AWFA,1.0,0.85826504,0.3713393,0.63460106,0.51014125,0.32128698,0.613242
AWFA_p-e09,0.85826504,1.0,0.20705019,0.5337441,0.427925,0.2682287,0.5410319
BIG_OWFA,0.3713393,0.20705019,1.0,0.4773695,0.22826181,0.34941858,0.43888336
SYL_mAWFA,0.63460106,0.5337441,0.4773695,1.0,0.5978654,0.5392422,0.8741261
VIS_IFG,0.51014125,0.427925,0.22826181,0.5978654,1.0,0.38374352,0.47920352
VIS_VWFA,0.32128698,0.2682287,0.34941858,0.5392422,0.38374352,1.0,0.49027228
mAWFA_p-e09,0.613242,0.5410319,0.43888336,0.8741261,0.47920352,0.49027228,1.0
