,AUD_AWFA,AWFA_p-e09,BIG_OWFA,SYL_mAWFA,VIS_IFG,VIS_VWFA
AUD_AWFA,1.0,0.83813053,0.26003668,0.5970564,0.54492897,0.45853713
AWFA_p-e09,0.83813053,1.0,0.23093818,0.5671213,0.36199573,0.3226445
BIG_OWFA,0.26003668,0.23093818,1.0,0.08555606,0.3430845,0.50107574
SYL_mAWFA,0.5970564,0.5671213,0.08555606,1.0,0.35041228,0.4202586
VIS_IFG,0.54492897,0.36199573,0.3430845,0.35041228,1.0,0.58940977
VIS_VWFA,0.45853713,0.3226445,0.50107574,0.4202586,0.58940977,1.0
