,AUD_AWFA,AWFA_p-e09,BIG_OWFA,SYL_mAWFA,VIS_IFG,VIS_VWFA,mAWFA_p-e09
AUD_AWFA,1.0,0.91676277,0.061491832,0.79027325,0.673894,0.5455785,0.73260885
AWFA_p-e09,0.91676277,1.0,0.03017519,0.7524907,0.6272457,0.56583863,0.70580244
BIG_OWFA,0.061491832,0.03017519,1.0,-0.003088942,0.13405135,0.26383853,-0.06926607
SYL_mAWFA,0.79027325,0.7524907,-0.003088942,1.0,0.6576952,0.62868625,0.93246055
VIS_IFG,0.673894,0.6272457,0.13405135,0.6576952,1.0,0.58902776,0.6133927
VIS_VWFA,0.5455785,0.56583863,0.26383853,0.62868625,0.58902776,1.0,0.55042785
mAWFA_p-e09,0.73260885,0.70580244,-0.06926607,0.93246055,0.6133927,0.55042785,1.0
