,AUD_AWFA,BIG_OWFA,SYL_mAWFA,VIS_IFG,VIS_VWFA
AUD_AWFA,1.0,0.076737314,0.43461382,0.57860386,0.22107188
BIG_OWFA,0.076737314,1.0,-0.18410935,0.2950891,0.5415313
SYL_mAWFA,0.43461382,-0.18410935,1.0,0.20690382,-0.18381268
VIS_IFG,0.57860386,0.2950891,0.20690382,1.0,0.4386892
VIS_VWFA,0.22107188,0.5415313,-0.18381268,0.4386892,1.0
