,AUD_AWFA,AWFA_p-e09,BIG_OWFA,SYL_mAWFA,VIS_IFG,VIS_VWFA,mAWFA_p-e09
AUD_AWFA,1.0,0.78448147,0.15919204,0.3632482,-0.007813835,0.17179117,0.2583376
AWFA_p-e09,0.78448147,1.0,0.21925654,0.35864347,-0.08975917,0.15801382,0.26518583
BIG_OWFA,0.15919204,0.21925654,1.0,0.24865334,0.105679564,0.22741607,0.302534
SYL_mAWFA,0.3632482,0.35864347,0.24865334,1.0,0.099437244,0.23634389,0.6959851
VIS_IFG,-0.007813835,-0.08975917,0.105679564,0.099437244,1.0,0.43721244,0.10648443
VIS_VWFA,0.17179117,0.15801382,0.22741607,0.23634389,0.43721244,1.0,0.21606657
mAWFA_p-e09,0.2583376,0.26518583,0.302534,0.6959851,0.10648443,0.21606657,1.0
