,AUD_AWFA,AWFA_p-e09,BIG_OWFA,SYL_mAWFA,VIS_IFG,VIS_VWFA
AUD_AWFA,1.0,0.9005141,0.29663047,0.6632654,0.7570179,0.4235854
AWFA_p-e09,0.9005141,1.0,0.25216267,0.6019982,0.6611425,0.3640394
BIG_OWFA,0.29663047,0.25216267,1.0,0.33899114,0.23478934,0.4592877
SYL_mAWFA,0.6632654,0.6019982,0.33899114,1.0,0.70851296,0.4538603
VIS_IFG,0.7570179,0.6611425,0.23478934,0.70851296,1.0,0.49499235
VIS_VWFA,0.4235854,0.3640394,0.4592877,0.4538603,0.49499235,1.0
