,AUD_AWFA,AWFA_p-e09,BIG_OWFA,SYL_mAWFA,VIS_IFG,VIS_VWFA
AUD_AWFA,1.0,0.89868104,0.17357334,0.581884,0.57981646,0.34398267
AWFA_p-e09,0.89868104,1.0,0.17196089,0.5697724,0.47700292,0.2797209
BIG_OWFA,0.17357334,0.17196089,1.0,-0.00048708895,0.16534753,0.3215994
SYL_mAWFA,0.581884,0.5697724,-0.00048708895,1.0,0.2336977,0.15743814
VIS_IFG,0.57981646,0.47700292,0.16534753,0.2336977,1.0,0.35716453
VIS_VWFA,0.34398267,0.2797209,0.3215994,0.15743814,0.35716453,1.0
