,AUD_AWFA,AWFA_p-e09,BIG_OWFA,SYL_mAWFA,VIS_IFG,VIS_VWFA,mAWFA_p-e09
AUD_AWFA,1.0,0.7276868,0.33232093,0.6144428,0.30577376,0.11494343,0.58372563
AWFA_p-e09,0.7276868,1.0,0.25245342,0.49122876,0.34382537,0.2691422,0.44062924
BIG_OWFA,0.33232093,0.25245342,1.0,0.45474887,0.27706715,0.28726926,0.37293386
SYL_mAWFA,0.6144428,0.49122876,0.45474887,1.0,0.31457448,0.17986318,0.8533752
VIS_IFG,0.30577376,0.34382537,0.27706715,0.31457448,1.0,0.35526812,0.22645377
VIS_VWFA,0.11494343,0.2691422,0.28726926,0.17986318,0.35526812,1.0,0.014401674
mAWFA_p-e09,0.58372563,0.44062924,0.37293386,0.8533752,0.22645377,0.014401674,1.0
