,AUD_AWFA,AWFA_p-e09,BIG_OWFA,SYL_mAWFA,VIS_IFG,VIS_VWFA
AUD_AWFA,1.0,0.85877186,0.30478713,0.49876586,0.20551422,0.3318527
AWFA_p-e09,0.85877186,1.0,0.2539035,0.38599792,0.06872764,0.299018
BIG_OWFA,0.30478713,0.2539035,1.0,0.48062888,0.112814635,0.6191516
SYL_mAWFA,0.49876586,0.38599792,0.48062888,1.0,0.36731517,0.5193545
VIS_IFG,0.20551422,0.06872764,0.112814635,0.36731517,1.0,0.24271128
VIS_VWFA,0.3318527,0.299018,0.6191516,0.5193545,0.24271128,1.0
