,AUD_AWFA,AWFA_p-e09,BIG_OWFA,SYL_mAWFA,VIS_IFG,VIS_VWFA,mAWFA_p-e09
AUD_AWFA,1.0,0.8275661,0.28960574,0.49867645,0.2882438,0.14759977,0.33007324
AWFA_p-e09,0.8275661,1.0,0.2762288,0.43077937,0.28912392,0.16992496,0.23186602
BIG_OWFA,0.28960574,0.2762288,1.0,0.36280602,0.16476275,0.23757753,0.19675611
SYL_mAWFA,0.49867645,0.43077937,0.36280602,1.0,0.46320966,0.43919152,0.73611915
VIS_IFG,0.2882438,0.28912392,0.16476275,0.46320966,1.0,0.6028881,0.29904327
VIS_VWFA,0.14759977,0.16992496,0.23757753,0.43919152,0.6028881,1.0,0.31100386
mAWFA_p-e09,0.33007324,0.23186602,0.19675611,0.73611915,0.29904327,0.31100386,1.0
