,AUD_AWFA,AWFA_p-e09,BIG_OWFA,SYL_mAWFA,VIS_IFG,VIS_VWFA
AUD_AWFA,1.0,0.8917233,0.13670373,0.44008943,0.48647088,0.18401608
AWFA_p-e09,0.8917233,1.0,0.1485239,0.39189327,0.44622102,0.23929669
BIG_OWFA,0.13670373,0.1485239,1.0,-0.26540717,0.2938285,0.5392413
SYL_mAWFA,0.44008943,0.39189327,-0.26540717,1.0,0.25392514,-0.07497414
VIS_IFG,0.48647088,0.44622102,0.2938285,0.25392514,1.0,0.3619867
VIS_VWFA,0.18401608,0.23929669,0.5392413,-0.07497414,0.3619867,1.0
