,AUD_AWFA,AWFA_p-e09,BIG_OWFA,SYL_mAWFA,VIS_IFG,VIS_VWFA
AUD_AWFA,1.0,0.83667094,0.24922529,0.678077,0.62702626,0.42737538
AWFA_p-e09,0.83667094,1.0,0.23809125,0.5744546,0.56579596,0.38855937
BIG_OWFA,0.24922529,0.23809125,1.0,0.29406703,0.30169144,0.474336
SYL_mAWFA,0.678077,0.5744546,0.29406703,1.0,0.68016136,0.50776255
VIS_IFG,0.62702626,0.56579596,0.30169144,0.68016136,1.0,0.44194832
VIS_VWFA,0.42737538,0.38855937,0.474336,0.50776255,0.44194832,1.0
