,cluster_1,cluster_2,cluster_3,cluster_4,cluster_5,cluster_6,cluster_7
cluster_1,1.0,0.7231554,0.7493226,0.5841431,0.17972517,0.3017685,0.5125623
cluster_2,0.7231554,1.0,0.75492376,0.639315,0.16648754,0.3221296,0.42271036
cluster_3,0.7493226,0.75492376,1.0,0.5122284,0.30562097,0.3122357,0.4173377
cluster_4,0.5841431,0.639315,0.5122284,1.0,0.1704006,0.28505036,0.37659413
cluster_5,0.17972517,0.16648754,0.30562097,0.1704006,1.0,0.05234721,0.07576763
cluster_6,0.3017685,0.3221296,0.3122357,0.28505036,0.05234721,1.0,0.38218725
cluster_7,0.5125623,0.42271036,0.4173377,0.37659413,0.07576763,0.38218725,1.0
