,AUD_AWFA,BIG_OWFA,SYL_mAWFA,VIS_IFG,VIS_VWFA
AUD_AWFA,1.0,0.3806761,0.7304966,0.54807955,0.5090648
BIG_OWFA,0.3806761,1.0,0.2163113,0.33614838,0.63655764
SYL_mAWFA,0.7304966,0.2163113,1.0,0.34287137,0.34677535
VIS_IFG,0.54807955,0.33614838,0.34287137,1.0,0.4544501
VIS_VWFA,0.5090648,0.63655764,0.34677535,0.4544501,1.0
