,AUD_AWFA,AWFA_p-e09,BIG_OWFA,SYL_mAWFA,VIS_IFG,VIS_VWFA
AUD_AWFA,1.0,0.89878744,0.3108413,0.5550927,0.58342373,0.10889717
AWFA_p-e09,0.89878744,1.0,0.29241726,0.51813704,0.5190748,0.1294898
BIG_OWFA,0.3108413,0.29241726,1.0,0.21757291,0.26177537,0.12906243
SYL_mAWFA,0.5550927,0.51813704,0.21757291,1.0,0.45623785,-0.16419345
VIS_IFG,0.58342373,0.5190748,0.26177537,0.45623785,1.0,0.17981991
VIS_VWFA,0.10889717,0.1294898,0.12906243,-0.16419345,0.17981991,1.0
