,AUD_AWFA,AWFA_p-e09,BIG_OWFA,SYL_mAWFA,VIS_IFG,VIS_VWFA
AUD_AWFA,1.0,0.814028,-0.00325533,0.34537825,0.30819237,0.03943166
AWFA_p-e09,0.814028,1.0,-0.12393241,0.26665074,0.4284671,0.051718473
BIG_OWFA,-0.00325533,-0.12393241,1.0,0.5121271,-0.0446487,0.43651494
SYL_mAWFA,0.34537825,0.26665074,0.5121271,1.0,0.2856152,0.40228203
VIS_IFG,0.30819237,0.4284671,-0.0446487,0.2856152,1.0,0.26326308
VIS_VWFA,0.03943166,0.051718473,0.43651494,0.40228203,0.26326308,1.0
