,AUD_AWFA,AWFA_p-e09,BIG_OWFA,SYL_mAWFA,VIS_IFG,VIS_VWFA,mAWFA_p-e09
AUD_AWFA,1.0,0.81840146,0.20021485,0.5056663,0.48858672,0.2565335,0.46895698
AWFA_p-e09,0.81840146,1.0,0.23511378,0.45166504,0.48193002,0.2920829,0.4353394
BIG_OWFA,0.20021485,0.23511378,1.0,0.17117493,0.43107098,0.436047,0.066415265
SYL_mAWFA,0.5056663,0.45166504,0.17117493,1.0,0.29940417,0.18512428,0.7982938
VIS_IFG,0.48858672,0.48193002,0.43107098,0.29940417,1.0,0.5061296,0.34784862
VIS_VWFA,0.2565335,0.2920829,0.436047,0.18512428,0.5061296,1.0,0.20264746
mAWFA_p-e09,0.46895698,0.4353394,0.066415265,0.7982938,0.34784862,0.20264746,1.0
