,AUD_AWFA,BIG_OWFA,SYL_mAWFA,VIS_IFG,VIS_VWFA
AUD_AWFA,1.0,0.34501213,0.642251,0.56988055,0.490882
BIG_OWFA,0.34501213,1.0,0.4583885,0.32763106,0.54195464
SYL_mAWFA,0.642251,0.4583885,1.0,0.59456676,0.5422128
VIS_IFG,0.56988055,0.32763106,0.59456676,1.0,0.61642003
VIS_VWFA,0.490882,0.54195464,0.5422128,0.61642003,1.0
