,cluster_1,cluster_2,cluster_3,cluster_4,cluster_5,cluster_6,cluster_7
cluster_1,1.0,0.43730605,0.55695605,0.4043055,0.15866868,0.43301684,0.67850655
cluster_2,0.43730605,1.0,0.29693788,0.362484,0.303322,0.00028604563,0.3480607
cluster_3,0.55695605,0.29693788,1.0,0.33843562,0.08753355,0.3064439,0.41536704
cluster_4,0.4043055,0.362484,0.33843562,1.0,0.06326819,0.16157117,0.4198229
cluster_5,0.15866868,0.303322,0.08753355,0.06326819,1.0,-0.06978401,0.18613634
cluster_6,0.43301684,0.00028604563,0.3064439,0.16157117,-0.06978401,1.0,0.20635752
cluster_7,0.67850655,0.3480607,0.41536704,0.4198229,0.18613634,0.20635752,1.0
