,AUD_AWFA,AWFA_p-e09,BIG_OWFA,SYL_mAWFA,VIS_IFG,VIS_VWFA
AUD_AWFA,1.0,0.7613965,0.089364216,0.6524778,0.6195207,0.43896502
AWFA_p-e09,0.7613965,1.0,-0.03997218,0.41463837,0.26977047,0.3506212
BIG_OWFA,0.089364216,-0.03997218,1.0,0.26096472,0.16163704,0.26625714
SYL_mAWFA,0.6524778,0.41463837,0.26096472,1.0,0.57102996,0.47293928
VIS_IFG,0.6195207,0.26977047,0.16163704,0.57102996,1.0,0.34557003
VIS_VWFA,0.43896502,0.3506212,0.26625714,0.47293928,0.34557003,1.0
