,AUD_AWFA,BIG_OWFA,SYL_mAWFA,VIS_IFG,VIS_VWFA
AUD_AWFA,1.0,0.18200478,0.5374573,0.6623198,0.4956578
BIG_OWFA,0.18200478,1.0,-0.050392915,0.1872767,0.32085875
SYL_mAWFA,0.5374573,-0.050392915,1.0,0.48578405,0.4708256
VIS_IFG,0.6623198,0.1872767,0.48578405,1.0,0.6879774
VIS_VWFA,0.4956578,0.32085875,0.4708256,0.6879774,1.0
