,AUD_AWFA,AWFA_p-e09,BIG_OWFA,SYL_mAWFA,VIS_IFG,VIS_VWFA,mAWFA_p-e09
AUD_AWFA,1.0,0.86305755,0.41022214,0.7133671,0.5548328,0.4644388,0.7108266
AWFA_p-e09,0.86305755,1.0,0.34580383,0.6704473,0.45528954,0.4342306,0.6715415
BIG_OWFA,0.41022214,0.34580383,1.0,0.53847754,0.31100497,0.24496092,0.49640045
SYL_mAWFA,0.7133671,0.6704473,0.53847754,1.0,0.50889057,0.5611391,0.8994247
VIS_IFG,0.5548328,0.45528954,0.31100497,0.50889057,1.0,0.62726206,0.4936143
VIS_VWFA,0.4644388,0.4342306,0.24496092,0.5611391,0.62726206,1.0,0.5354335
mAWFA_p-e09,0.7108266,0.6715415,0.49640045,0.8994247,0.4936143,0.5354335,1.0
