,AUD_AWFA,AWFA_p-e09,BIG_OWFA,SYL_mAWFA,VIS_IFG,VIS_VWFA
AUD_AWFA,1.0,0.89292437,0.22713931,0.5372016,0.45356742,0.2242751
AWFA_p-e09,0.89292437,1.0,0.1452124,0.4603321,0.42488062,0.28097552
BIG_OWFA,0.22713931,0.1452124,1.0,0.13757744,0.28662232,0.51111794
SYL_mAWFA,0.5372016,0.4603321,0.13757744,1.0,0.4781851,0.10268894
VIS_IFG,0.45356742,0.42488062,0.28662232,0.4781851,1.0,0.44029006
VIS_VWFA,0.2242751,0.28097552,0.51111794,0.10268894,0.44029006,1.0
