,AUD_AWFA,BIG_OWFA,SYL_mAWFA,VIS_IFG,VIS_VWFA
AUD_AWFA,1.0,0.19864711950941757,0.48626854269343095,0.48603865749378644,0.3177926007476791
BIG_OWFA,0.19864711950941757,1.0,-0.07434632782683798,0.2659396905686831,0.5061345735379321
SYL_mAWFA,0.48626854269343095,-0.07434632782683798,1.0,0.31541656023612435,0.06704438400556403
VIS_IFG,0.48603865749378644,0.2659396905686831,0.31541656023612435,1.0,0.4857129195386105
VIS_VWFA,0.3177926007476791,0.5061345735379321,0.06704438400556403,0.4857129195386105,1.0
