,AUD_AWFA,AWFA_p-e09,BIG_OWFA,SYL_mAWFA,VIS_IFG,VIS_VWFA,mAWFA_p-e09
AUD_AWFA,1.0,0.8858494,0.5968933,0.66856706,0.56693846,0.39159876,0.4909386
AWFA_p-e09,0.8858494,1.0,0.49878073,0.5579275,0.4668057,0.28252053,0.4096024
BIG_OWFA,0.5968933,0.49878073,1.0,0.7088579,0.37784374,0.62651443,0.57995963
SYL_mAWFA,0.66856706,0.5579275,0.7088579,1.0,0.56270087,0.6262524,0.85506994
VIS_IFG,0.56693846,0.4668057,0.37784374,0.56270087,1.0,0.45091358,0.3981464
VIS_VWFA,0.39159876,0.28252053,0.62651443,0.6262524,0.45091358,1.0,0.56454057
mAWFA_p-e09,0.4909386,0.4096024,0.57995963,0.85506994,0.3981464,0.56454057,1.0
