,AUD_AWFA,BIG_OWFA,SYL_mAWFA,VIS_IFG,VIS_VWFA
AUD_AWFA,1.0,0.1833892,0.5082675,0.13098405,0.36505204
BIG_OWFA,0.1833892,1.0,0.13365205,0.45985597,0.59998393
SYL_mAWFA,0.5082675,0.13365205,1.0,0.37012208,0.2945879
VIS_IFG,0.13098405,0.45985597,0.37012208,1.0,0.5493976
VIS_VWFA,0.36505204,0.59998393,0.2945879,0.5493976,1.0
