,AUD_AWFA,AWFA_p-e09,BIG_OWFA,SYL_mAWFA,VIS_IFG,VIS_VWFA
AUD_AWFA,1.0,0.8630627,0.31252715,0.4628306,0.535709,0.3131944
AWFA_p-e09,0.8630627,1.0,0.29937667,0.49442455,0.5061788,0.308752
BIG_OWFA,0.31252715,0.29937667,1.0,0.5298183,0.3633149,0.37541324
SYL_mAWFA,0.4628306,0.49442455,0.5298183,1.0,0.48460007,0.3817548
VIS_IFG,0.535709,0.5061788,0.3633149,0.48460007,1.0,0.48534304
VIS_VWFA,0.3131944,0.308752,0.37541324,0.3817548,0.48534304,1.0
