,AUD_AWFA,AWFA_p-e09,BIG_OWFA,SYL_mAWFA,VIS_IFG,VIS_VWFA,mAWFA_p-e09
AUD_AWFA,1.0,0.88280797,0.44909042,0.55048025,0.6280043,0.4937374,0.5327034
AWFA_p-e09,0.88280797,1.0,0.432685,0.51001525,0.599495,0.4869021,0.4886444
BIG_OWFA,0.44909042,0.432685,1.0,0.23706171,0.26750287,0.5029274,0.19790591
SYL_mAWFA,0.55048025,0.51001525,0.23706171,1.0,0.64051735,0.65068275,0.9583236
VIS_IFG,0.6280043,0.599495,0.26750287,0.64051735,1.0,0.6444564,0.6072539
VIS_VWFA,0.4937374,0.4869021,0.5029274,0.65068275,0.6444564,1.0,0.60856473
mAWFA_p-e09,0.5327034,0.4886444,0.19790591,0.9583236,0.6072539,0.60856473,1.0
