,AUD_AWFA,AWFA_p-e09,BIG_OWFA,SYL_mAWFA,VIS_IFG,VIS_VWFA
AUD_AWFA,1.0,0.9152417,0.23981197,0.7530723,0.60857177,0.6738719
AWFA_p-e09,0.9152417,1.0,0.26402783,0.7646965,0.60969514,0.6768394
BIG_OWFA,0.23981197,0.26402783,1.0,0.22709052,0.24237935,0.4470507
SYL_mAWFA,0.7530723,0.7646965,0.22709052,1.0,0.61426,0.74478227
VIS_IFG,0.60857177,0.60969514,0.24237935,0.61426,1.0,0.5836463
VIS_VWFA,0.6738719,0.6768394,0.4470507,0.74478227,0.5836463,1.0
