,AUD_AWFA,AWFA_p-e09,BIG_OWFA,SYL_mAWFA,VIS_IFG,VIS_VWFA,mAWFA_p-e09
AUD_AWFA,1.0,0.9215539,0.116791524,0.637274,0.48380658,0.45226488,0.5251399
AWFA_p-e09,0.9215539,1.0,0.06688978,0.5594431,0.5234645,0.39842653,0.42807975
BIG_OWFA,0.116791524,0.06688978,1.0,-0.011971109,0.13138688,0.24572411,-0.068283305
SYL_mAWFA,0.637274,0.5594431,-0.011971109,1.0,0.39200482,0.48552865,0.88861394
VIS_IFG,0.48380658,0.5234645,0.13138688,0.39200482,1.0,0.3997623,0.26629505
VIS_VWFA,0.45226488,0.39842653,0.24572411,0.48552865,0.3997623,1.0,0.39635065
mAWFA_p-e09,0.5251399,0.42807975,-0.068283305,0.88861394,0.26629505,0.39635065,1.0
