,AUD_AWFA,AWFA_p-e09,BIG_OWFA,SYL_mAWFA,VIS_IFG,VIS_VWFA
AUD_AWFA,1.0,0.75015557,0.5696268,0.60325056,0.50537425,0.3382165
AWFA_p-e09,0.75015557,1.0,0.44744447,0.52601904,0.4514996,0.25284627
BIG_OWFA,0.5696268,0.44744447,1.0,0.63919705,0.5558839,0.5770578
SYL_mAWFA,0.60325056,0.52601904,0.63919705,1.0,0.62548286,0.6194229
VIS_IFG,0.50537425,0.4514996,0.5558839,0.62548286,1.0,0.6468557
VIS_VWFA,0.3382165,0.25284627,0.5770578,0.6194229,0.6468557,1.0
