,AUD_AWFA,AWFA_p-e09,BIG_OWFA,SYL_mAWFA,VIS_IFG,VIS_VWFA
AUD_AWFA,1.0,0.8444404,0.054431386,0.4175777,0.30941322,0.22505806
AWFA_p-e09,0.8444404,1.0,0.04116046,0.45213783,0.34538716,0.21480177
BIG_OWFA,0.054431386,0.04116046,1.0,0.1783696,0.20404062,0.4208024
SYL_mAWFA,0.4175777,0.45213783,0.1783696,1.0,0.4687901,0.4606041
VIS_IFG,0.30941322,0.34538716,0.20404062,0.4687901,1.0,0.45350492
VIS_VWFA,0.22505806,0.21480177,0.4208024,0.4606041,0.45350492,1.0
