,AUD_AWFA,AWFA_p-e09,BIG_OWFA,SYL_mAWFA,VIS_IFG,VIS_VWFA,mAWFA_p-e09
AUD_AWFA,1.0,0.9024773,0.10987563,0.6076833,0.27894315,0.003234606,0.42545962
AWFA_p-e09,0.9024773,1.0,0.2067633,0.64348525,0.30718848,0.09588967,0.5215591
BIG_OWFA,0.10987563,0.2067633,1.0,0.2135002,0.17978215,0.38628697,0.20426174
SYL_mAWFA,0.6076833,0.64348525,0.2135002,1.0,0.43125892,0.28607282,0.86272836
VIS_IFG,0.27894315,0.30718848,0.17978215,0.43125892,1.0,0.5521397,0.3346596
VIS_VWFA,0.003234606,0.09588967,0.38628697,0.28607282,0.5521397,1.0,0.35023347
mAWFA_p-e09,0.42545962,0.5215591,0.20426174,0.86272836,0.3346596,0.35023347,1.0
