,AUD_AWFA,BIG_OWFA,SYL_mAWFA,VIS_IFG,VIS_VWFA
AUD_AWFA,1.0,0.08670114,0.46221182,0.19959134,0.41301677
BIG_OWFA,0.08670114,1.0,0.1563073,0.14364338,0.51472735
SYL_mAWFA,0.46221182,0.1563073,1.0,0.54864085,0.5357317
VIS_IFG,0.19959134,0.14364338,0.54864085,1.0,0.4376671
VIS_VWFA,0.41301677,0.51472735,0.5357317,0.4376671,1.0
