,cluster_1,cluster_2,cluster_3,cluster_4,cluster_5,cluster_6,cluster_7
cluster_1,1.0,0.60891545,0.5170004,0.6886874,0.44958103,0.44594905,0.6763669
cluster_2,0.60891545,1.0,0.43189093,0.5754277,0.42321268,0.29637736,0.6033118
cluster_3,0.5170004,0.43189093,1.0,0.41779152,0.3713424,0.057983175,0.36169055
cluster_4,0.6886874,0.5754277,0.41779152,1.0,0.30002207,0.5083391,0.6415087
cluster_5,0.44958103,0.42321268,0.3713424,0.30002207,1.0,0.1396929,0.32808417
cluster_6,0.44594905,0.29637736,0.057983175,0.5083391,0.1396929,1.0,0.2612596
cluster_7,0.6763669,0.6033118,0.36169055,0.6415087,0.32808417,0.2612596,1.0
