,AUD_AWFA,AWFA_p-e09,BIG_OWFA,SYL_mAWFA,VIS_IFG,VIS_VWFA
AUD_AWFA,1.0,0.8852206,0.1511791,0.5199845,0.38848191,0.23308602
AWFA_p-e09,0.8852206,1.0,0.21921001,0.5388504,0.34084716,0.28476048
BIG_OWFA,0.1511791,0.21921001,1.0,0.32578388,0.19961703,0.40582666
SYL_mAWFA,0.5199845,0.5388504,0.32578388,1.0,0.41961747,0.36106032
VIS_IFG,0.38848191,0.34084716,0.19961703,0.41961747,1.0,0.3695459
VIS_VWFA,0.23308602,0.28476048,0.40582666,0.36106032,0.3695459,1.0
