,AUD_AWFA,BIG_OWFA,SYL_mAWFA,VIS_IFG,VIS_VWFA
AUD_AWFA,1.0,0.066301435,0.6387622,0.33211944,0.31918406
BIG_OWFA,0.066301435,1.0,0.19092041,0.16366668,0.5041955
SYL_mAWFA,0.6387622,0.19092041,1.0,0.5179714,0.5937554
VIS_IFG,0.33211944,0.16366668,0.5179714,1.0,0.44580296
VIS_VWFA,0.31918406,0.5041955,0.5937554,0.44580296,1.0
