,AUD_AWFA,AWFA_p-e09,BIG_OWFA,SYL_mAWFA,VIS_IFG,VIS_VWFA,mAWFA_p-e09
AUD_AWFA,1.0,0.88077945,0.30994,0.59972715,0.33297443,0.5078278,0.54802966
AWFA_p-e09,0.88077945,1.0,0.30291668,0.5833776,0.3312351,0.53955305,0.5381685
BIG_OWFA,0.30994,0.30291668,1.0,0.49487075,0.4531093,0.5898919,0.44183248
SYL_mAWFA,0.59972715,0.5833776,0.49487075,1.0,0.6139571,0.72389376,0.9325509
VIS_IFG,0.33297443,0.3312351,0.4531093,0.6139571,1.0,0.58311224,0.59144604
VIS_VWFA,0.5078278,0.53955305,0.5898919,0.72389376,0.58311224,1.0,0.63628066
mAWFA_p-e09,0.54802966,0.5381685,0.44183248,0.9325509,0.59144604,0.63628066,1.0
