,AUD_AWFA,BIG_OWFA,SYL_mAWFA,VIS_IFG,VIS_VWFA
AUD_AWFA,1.0,0.32645687,0.64024866,0.45059386,0.56578255
BIG_OWFA,0.32645687,1.0,0.25265846,0.33699444,0.51735044
SYL_mAWFA,0.64024866,0.25265846,1.0,0.29719105,0.47723517
VIS_IFG,0.45059386,0.33699444,0.29719105,1.0,0.56649876
VIS_VWFA,0.56578255,0.51735044,0.47723517,0.56649876,1.0
