,AUD_AWFA,BIG_OWFA,SYL_mAWFA,VIS_IFG,VIS_VWFA
AUD_AWFA,1.0,0.38044497,0.25759834,0.4153441,0.5609605
BIG_OWFA,0.38044497,1.0,-0.07691364,0.39134052,0.7041806
SYL_mAWFA,0.25759834,-0.07691364,1.0,0.077056654,-0.032258987
VIS_IFG,0.4153441,0.39134052,0.077056654,1.0,0.4643431
VIS_VWFA,0.5609605,0.7041806,-0.032258987,0.4643431,1.0
