,AUD_AWFA,AWFA_p-e09,BIG_OWFA,SYL_mAWFA,VIS_IFG,VIS_VWFA
AUD_AWFA,1.0,0.9069659,0.46512085,0.68777424,0.6028556,0.4695818
AWFA_p-e09,0.9069659,1.0,0.4387971,0.6523156,0.6504153,0.48117283
BIG_OWFA,0.46512085,0.4387971,1.0,0.5914009,0.4250814,0.57641906
SYL_mAWFA,0.68777424,0.6523156,0.5914009,1.0,0.59031886,0.61067057
VIS_IFG,0.6028556,0.6504153,0.4250814,0.59031886,1.0,0.7048472
VIS_VWFA,0.4695818,0.48117283,0.57641906,0.61067057,0.7048472,1.0
