,AUD_AWFA,AWFA_p-e09,BIG_OWFA,SYL_mAWFA,VIS_IFG,VIS_VWFA,mAWFA_p-e09
AUD_AWFA,1.0,0.93903816,0.20874819,0.7477349,0.5311306,0.50899416,0.6289443
AWFA_p-e09,0.93903816,1.0,0.21654667,0.7068692,0.5450928,0.46425807,0.58172846
BIG_OWFA,0.20874819,0.21654667,1.0,0.11736645,0.27708122,0.44457072,0.026254341
SYL_mAWFA,0.7477349,0.7068692,0.11736645,1.0,0.3972037,0.56441724,0.92849195
VIS_IFG,0.5311306,0.5450928,0.27708122,0.3972037,1.0,0.43643892,0.21440236
VIS_VWFA,0.50899416,0.46425807,0.44457072,0.56441724,0.43643892,1.0,0.46588138
mAWFA_p-e09,0.6289443,0.58172846,0.026254341,0.92849195,0.21440236,0.46588138,1.0
