,AUD_AWFA,AWFA_p-e09,BIG_OWFA,SYL_mAWFA,VIS_IFG,VIS_VWFA
AUD_AWFA,1.0,0.9196777,0.06615574,0.44444656,0.5786627,0.19475178
AWFA_p-e09,0.9196777,1.0,0.07812367,0.48017898,0.6197664,0.18296611
BIG_OWFA,0.06615574,0.07812367,1.0,-0.23311369,0.16873887,0.5410276
SYL_mAWFA,0.44444656,0.48017898,-0.23311369,1.0,0.43996182,-0.14982721
VIS_IFG,0.5786627,0.6197664,0.16873887,0.43996182,1.0,0.29165164
VIS_VWFA,0.19475178,0.18296611,0.5410276,-0.14982721,0.29165164,1.0
