,AUD_AWFA,AWFA_p-e09,BIG_OWFA,SYL_mAWFA,VIS_IFG,VIS_VWFA,mAWFA_p-e09
AUD_AWFA,1.0,0.739101,0.16681881,0.35054535,0.38227937,0.14322664,0.3050125
AWFA_p-e09,0.739101,1.0,0.004357954,0.23218505,0.3059265,0.16346025,0.16140561
BIG_OWFA,0.16681881,0.004357954,1.0,0.10233691,0.10364946,0.002954985,0.1378028
SYL_mAWFA,0.35054535,0.23218505,0.10233691,1.0,0.17186922,0.11603591,0.7455457
VIS_IFG,0.38227937,0.3059265,0.10364946,0.17186922,1.0,0.2865863,0.13751577
VIS_VWFA,0.14322664,0.16346025,0.002954985,0.11603591,0.2865863,1.0,0.11661702
mAWFA_p-e09,0.3050125,0.16140561,0.1378028,0.7455457,0.13751577,0.11661702,1.0
