,AUD_AWFA,AWFA_p-e09,BIG_OWFA,SYL_mAWFA,VIS_IFG,VIS_VWFA
AUD_AWFA,1.0,0.72736394,0.24149245,0.5124637,0.26499096,0.40168408
AWFA_p-e09,0.72736394,1.0,0.25531998,0.4786699,0.029649582,0.46278024
BIG_OWFA,0.24149245,0.25531998,1.0,0.35114172,0.07237337,0.41098204
SYL_mAWFA,0.5124637,0.4786699,0.35114172,1.0,0.20343065,0.44766474
VIS_IFG,0.26499096,0.029649582,0.07237337,0.20343065,1.0,0.03783829
VIS_VWFA,0.40168408,0.46278024,0.41098204,0.44766474,0.03783829,1.0
