,AUD_AWFA,AWFA_p-e09,BIG_OWFA,SYL_mAWFA,VIS_IFG,VIS_VWFA,mAWFA_p-e09
AUD_AWFA,1.0,0.8747192,-0.09706642,0.59962785,0.4031498,0.19729416,0.5976536
AWFA_p-e09,0.8747192,1.0,-0.08982779,0.6031524,0.39466992,0.16650619,0.6178519
BIG_OWFA,-0.09706642,-0.08982779,1.0,-0.40071997,0.12145127,0.34489724,-0.4005316
SYL_mAWFA,0.59962785,0.6031524,-0.40071997,1.0,0.24848787,-0.11527605,0.94795966
VIS_IFG,0.4031498,0.39466992,0.12145127,0.24848787,1.0,0.42660546,0.19377413
VIS_VWFA,0.19729416,0.16650619,0.34489724,-0.11527605,0.42660546,1.0,-0.12487548
mAWFA_p-e09,0.5976536,0.6178519,-0.4005316,0.94795966,0.19377413,-0.12487548,1.0
