,AUD_AWFA,BIG_OWFA,SYL_mAWFA,VIS_IFG,VIS_VWFA
AUD_AWFA,1.0,0.17191337,0.57631916,0.57427144,0.340693
BIG_OWFA,0.17191337,1.0,-0.00048243068,0.16376624,0.31852376
SYL_mAWFA,0.57631916,-0.00048243068,1.0,0.23146273,0.15593249
VIS_IFG,0.57427144,0.16376624,0.23146273,1.0,0.3537488
VIS_VWFA,0.340693,0.31852376,0.15593249,0.3537488,1.0
