,AUD_AWFA,AWFA_p-e09,BIG_OWFA,SYL_mAWFA,VIS_IFG,VIS_VWFA,mAWFA_p-e09
AUD_AWFA,1.0,0.904612,0.40311334,0.75135195,0.6003255,0.59414595,0.6599864
AWFA_p-e09,0.904612,1.0,0.37420243,0.7126315,0.54371136,0.5772774,0.63683116
BIG_OWFA,0.40311334,0.37420243,1.0,0.46238074,0.3881232,0.6621593,0.27886304
SYL_mAWFA,0.75135195,0.7126315,0.46238074,1.0,0.59937036,0.6347302,0.88177085
VIS_IFG,0.6003255,0.54371136,0.3881232,0.59937036,1.0,0.56249434,0.42381534
VIS_VWFA,0.59414595,0.5772774,0.6621593,0.6347302,0.56249434,1.0,0.47274867
mAWFA_p-e09,0.6599864,0.63683116,0.27886304,0.88177085,0.42381534,0.47274867,1.0
