,AUD_AWFA,BIG_OWFA,SYL_mAWFA,VIS_IFG,VIS_VWFA
AUD_AWFA,1.0,0.22042987,0.6051526,0.58304715,0.29894105
BIG_OWFA,0.22042987,1.0,0.27240258,0.19768696,0.2494691
SYL_mAWFA,0.6051526,0.27240258,1.0,0.40469727,0.37129974
VIS_IFG,0.58304715,0.19768696,0.40469727,1.0,0.40842286
VIS_VWFA,0.29894105,0.2494691,0.37129974,0.40842286,1.0
