,AUD_AWFA,AWFA_p-e09,BIG_OWFA,SYL_mAWFA,VIS_IFG,VIS_VWFA,mAWFA_p-e09
AUD_AWFA,1.0,0.91627955,0.14887178,0.43320236,0.4585087,0.45277193,0.40909111
AWFA_p-e09,0.91627955,1.0,0.168124,0.40257803,0.46369895,0.40701258,0.40655863
BIG_OWFA,0.14887178,0.168124,1.0,-0.44384983,0.18295358,0.3534054,-0.4271634
SYL_mAWFA,0.43320236,0.40257803,-0.44384983,1.0,0.22693586,0.10821375,0.95238894
VIS_IFG,0.4585087,0.46369895,0.18295358,0.22693586,1.0,0.67321885,0.22097455
VIS_VWFA,0.45277193,0.40701258,0.3534054,0.10821375,0.67321885,1.0,0.085697845
mAWFA_p-e09,0.40909111,0.40655863,-0.4271634,0.95238894,0.22097455,0.085697845,1.0
