,AUD_AWFA,AWFA_p-e09,BIG_OWFA,SYL_mAWFA,VIS_IFG,VIS_VWFA
AUD_AWFA,1.0,0.7473019,0.42916408,0.41720045,0.5331146,0.16259098
AWFA_p-e09,0.7473019,1.0,0.34403992,0.32509178,0.49029317,0.2668742
BIG_OWFA,0.42916408,0.34403992,1.0,0.33328465,0.22711432,0.15884978
SYL_mAWFA,0.41720045,0.32509178,0.33328465,1.0,0.35993806,0.33770755
VIS_IFG,0.5331146,0.49029317,0.22711432,0.35993806,1.0,0.43818954
VIS_VWFA,0.16259098,0.2668742,0.15884978,0.33770755,0.43818954,1.0
