,AUD_AWFA,BIG_OWFA,SYL_mAWFA,VIS_IFG,VIS_VWFA
AUD_AWFA,1.0,0.25125247,0.5644586,0.66139805,0.3616097
BIG_OWFA,0.25125247,1.0,-0.020120941,0.2387041,0.35048506
SYL_mAWFA,0.5644586,-0.020120941,1.0,0.34528333,0.001093423
VIS_IFG,0.66139805,0.2387041,0.34528333,1.0,0.57825565
VIS_VWFA,0.3616097,0.35048506,0.001093423,0.57825565,1.0
