,AUD_AWFA,BIG_OWFA,SYL_mAWFA,VIS_IFG,VIS_VWFA
AUD_AWFA,1.0,0.18674293,0.57884,0.4756778,0.28978616
BIG_OWFA,0.18674293,1.0,0.1717164,0.073288865,0.2724554
SYL_mAWFA,0.57884,0.1717164,1.0,0.52267736,0.4721362
VIS_IFG,0.4756778,0.073288865,0.52267736,1.0,0.53751945
VIS_VWFA,0.28978616,0.2724554,0.4721362,0.53751945,1.0
