,AUD_AWFA,AWFA_p-e09,BIG_OWFA,SYL_mAWFA,VIS_IFG,VIS_VWFA,mAWFA_p-e09
AUD_AWFA,1.0,0.8937665,0.19272676,0.5700243,0.22790152,0.11650931,0.55431235
AWFA_p-e09,0.8937665,1.0,0.16215098,0.44632003,0.14648005,0.044651944,0.4186986
BIG_OWFA,0.19272676,0.16215098,1.0,0.32291743,0.27156,0.3316928,0.24227303
SYL_mAWFA,0.5700243,0.44632003,0.32291743,1.0,0.54641294,0.35990977,0.8487657
VIS_IFG,0.22790152,0.14648005,0.27156,0.54641294,1.0,0.48764187,0.3877664
VIS_VWFA,0.11650931,0.044651944,0.3316928,0.35990977,0.48764187,1.0,0.32298252
mAWFA_p-e09,0.55431235,0.4186986,0.24227303,0.8487657,0.3877664,0.32298252,1.0
