,AUD_AWFA,BIG_OWFA,SYL_mAWFA,VIS_IFG,VIS_VWFA
AUD_AWFA,1.0,0.23824719,0.3303788,0.48725984,0.31559744
BIG_OWFA,0.23824719,1.0,-0.058674723,0.34153938,0.34999388
SYL_mAWFA,0.3303788,-0.058674723,1.0,0.07834339,0.20723478
VIS_IFG,0.48725984,0.34153938,0.07834339,1.0,0.26974034
VIS_VWFA,0.31559744,0.34999388,0.20723478,0.26974034,1.0
