,AUD_AWFA,AWFA_p-e09,BIG_OWFA,SYL_mAWFA,VIS_IFG,VIS_VWFA,mAWFA_p-e09
AUD_AWFA,1.0,0.793424,0.33278123,0.45525488,0.6420609,0.16945969,0.36805314
AWFA_p-e09,0.793424,1.0,0.31184396,0.40269363,0.504658,0.051940203,0.2908108
BIG_OWFA,0.33278123,0.31184396,1.0,0.37768048,0.24933095,0.219122,0.25177622
SYL_mAWFA,0.45525488,0.40269363,0.37768048,1.0,0.38983858,0.34653884,0.8342982
VIS_IFG,0.6420609,0.504658,0.24933095,0.38983858,1.0,0.40109533,0.3576403
VIS_VWFA,0.16945969,0.051940203,0.219122,0.34653884,0.40109533,1.0,0.26676348
mAWFA_p-e09,0.36805314,0.2908108,0.25177622,0.8342982,0.3576403,0.26676348,1.0
