,AUD_AWFA,AWFA_p-e09,BIG_OWFA,SYL_mAWFA,VIS_IFG,VIS_VWFA,mAWFA_p-e09
AUD_AWFA,1.0,0.92177826,0.51620466,0.8321406,0.57681334,0.35474166,0.8154296
AWFA_p-e09,0.92177826,1.0,0.45182338,0.79840577,0.58071953,0.34302926,0.7683872
BIG_OWFA,0.51620466,0.45182338,1.0,0.4614022,0.3086974,0.28680745,0.49025783
SYL_mAWFA,0.8321406,0.79840577,0.4614022,1.0,0.6208015,0.3386872,0.9546277
VIS_IFG,0.57681334,0.58071953,0.3086974,0.6208015,1.0,0.43397963,0.6409512
VIS_VWFA,0.35474166,0.34302926,0.28680745,0.3386872,0.43397963,1.0,0.34707907
mAWFA_p-e09,0.8154296,0.7683872,0.49025783,0.9546277,0.6409512,0.34707907,1.0
