,AUD_AWFA,AWFA_p-e09,BIG_OWFA,SYL_mAWFA,VIS_IFG,VIS_VWFA
AUD_AWFA,1.0,0.95878845,0.2661798,0.8196402,0.6039268,0.43851194
AWFA_p-e09,0.95878845,1.0,0.21427561,0.79844755,0.56540745,0.4163682
BIG_OWFA,0.2661798,0.21427561,1.0,0.42900237,0.3602023,0.6907535
SYL_mAWFA,0.8196402,0.79844755,0.42900237,1.0,0.7212276,0.59569126
VIS_IFG,0.6039268,0.56540745,0.3602023,0.7212276,1.0,0.58834255
VIS_VWFA,0.43851194,0.4163682,0.6907535,0.59569126,0.58834255,1.0
