,AUD_AWFA,AWFA_p-e09,BIG_OWFA,SYL_mAWFA,VIS_IFG,VIS_VWFA,mAWFA_p-e09
AUD_AWFA,1.0,0.76974356,0.20936258,0.5725761,0.5897648,0.5033187,0.47582623
AWFA_p-e09,0.76974356,1.0,0.1982467,0.5357962,0.6037934,0.48067993,0.43846464
BIG_OWFA,0.20936258,0.1982467,1.0,0.22907725,0.14563724,0.36260232,0.12858112
SYL_mAWFA,0.5725761,0.5357962,0.22907725,1.0,0.5523689,0.4351286,0.9012853
VIS_IFG,0.5897648,0.6037934,0.14563724,0.5523689,1.0,0.5479442,0.42185208
VIS_VWFA,0.5033187,0.48067993,0.36260232,0.4351286,0.5479442,1.0,0.27989054
mAWFA_p-e09,0.47582623,0.43846464,0.12858112,0.9012853,0.42185208,0.27989054,1.0
