,AUD_AWFA,AWFA_p-e09,BIG_OWFA,SYL_mAWFA,VIS_IFG,VIS_VWFA
AUD_AWFA,1.0,0.8628751,0.24100569,0.630711,0.6333635,0.3966659
AWFA_p-e09,0.8628751,1.0,0.1640047,0.5393739,0.64022696,0.3911568
BIG_OWFA,0.24100569,0.1640047,1.0,0.14437918,0.33566448,0.3963847
SYL_mAWFA,0.630711,0.5393739,0.14437918,1.0,0.5249551,0.37711024
VIS_IFG,0.6333635,0.64022696,0.33566448,0.5249551,1.0,0.580954
VIS_VWFA,0.3966659,0.3911568,0.3963847,0.37711024,0.580954,1.0
