,AUD_AWFA,AWFA_p-e09,BIG_OWFA,SYL_mAWFA,VIS_IFG,VIS_VWFA,mAWFA_p-e09
AUD_AWFA,1.0,0.8940433,0.1370594,0.44123447,0.48773658,0.18449485,0.46840042
AWFA_p-e09,0.8940433,1.0,0.14891033,0.3929129,0.447382,0.2399193,0.4079938
BIG_OWFA,0.1370594,0.14891033,1.0,-0.26609772,0.29459298,0.54064435,-0.24273625
SYL_mAWFA,0.44123447,0.3929129,-0.26609772,1.0,0.2545858,-0.07516921,0.9455564
VIS_IFG,0.48773658,0.447382,0.29459298,0.2545858,1.0,0.3629285,0.25328377
VIS_VWFA,0.18449485,0.2399193,0.54064435,-0.07516921,0.3629285,1.0,-0.06899143
mAWFA_p-e09,0.46840042,0.4079938,-0.24273625,0.9455564,0.25328377,-0.06899143,1.0
