,AUD_AWFA,AWFA_p-e09,BIG_OWFA,SYL_mAWFA,VIS_IFG,VIS_VWFA,mAWFA_p-e09
AUD_AWFA,1.0,0.9311688,0.36082578,0.65808594,0.476032,0.45456156,0.5625126
AWFA_p-e09,0.9311688,1.0,0.35602382,0.6550326,0.4650667,0.46961075,0.54930276
BIG_OWFA,0.36082578,0.35602382,1.0,0.32145542,0.22587065,0.6303071,0.23067611
SYL_mAWFA,0.65808594,0.6550326,0.32145542,1.0,0.43825558,0.598368,0.9177872
VIS_IFG,0.476032,0.4650667,0.22587065,0.43825558,1.0,0.4970256,0.22948153
VIS_VWFA,0.45456156,0.46961075,0.6303071,0.598368,0.4970256,1.0,0.42994463
mAWFA_p-e09,0.5625126,0.54930276,0.23067611,0.9177872,0.22948153,0.42994463,1.0
