,cluster_1,cluster_2,cluster_3,cluster_4,cluster_5,cluster_6,cluster_7
cluster_1,1.0,0.5363472,0.65687937,0.36510926,0.030047052,0.3875427,0.5504889
cluster_2,0.5363472,1.0,0.30620468,0.39593914,0.21849936,0.22313425,0.55520576
cluster_3,0.65687937,0.30620468,1.0,0.16470541,-0.006607413,0.18026613,0.33890647
cluster_4,0.36510926,0.39593914,0.16470541,1.0,0.21311079,0.17889556,0.30387455
cluster_5,0.030047052,0.21849936,-0.006607413,0.21311079,1.0,0.012442408,0.15585142
cluster_6,0.3875427,0.22313425,0.18026613,0.17889556,0.012442408,1.0,0.3007026
cluster_7,0.5504889,0.55520576,0.33890647,0.30387455,0.15585142,0.3007026,1.0
