,AUD_AWFA,AWFA_p-e09,BIG_OWFA,SYL_mAWFA,VIS_IFG,VIS_VWFA
AUD_AWFA,1.0,0.9358016,0.38953668,0.6688588,0.67083675,0.59463716
AWFA_p-e09,0.9358016,1.0,0.3336037,0.5836835,0.6440309,0.53170687
BIG_OWFA,0.38953668,0.3336037,1.0,0.38495466,0.2721176,0.48518413
SYL_mAWFA,0.6688588,0.5836835,0.38495466,1.0,0.4900059,0.69392264
VIS_IFG,0.67083675,0.6440309,0.2721176,0.4900059,1.0,0.5668198
VIS_VWFA,0.59463716,0.53170687,0.48518413,0.69392264,0.5668198,1.0
