,AUD_AWFA,AWFA_p-e09,BIG_OWFA,SYL_mAWFA,VIS_IFG,VIS_VWFA,mAWFA_p-e09
AUD_AWFA,1.0,0.7801065,0.018820982,0.3310715,0.27782685,-0.060552493,0.09629718
AWFA_p-e09,0.7801065,1.0,-0.01717331,0.20309624,0.22865719,-0.09383267,-0.029357037
BIG_OWFA,0.018820982,-0.01717331,1.0,0.34209198,0.069874674,0.21526822,0.31797245
SYL_mAWFA,0.3310715,0.20309624,0.34209198,1.0,0.34426245,0.29750028,0.7247909
VIS_IFG,0.27782685,0.22865719,0.069874674,0.34426245,1.0,0.19255024,0.12224206
VIS_VWFA,-0.060552493,-0.09383267,0.21526822,0.29750028,0.19255024,1.0,0.22806884
mAWFA_p-e09,0.09629718,-0.029357037,0.31797245,0.7247909,0.12224206,0.22806884,1.0
