,AUD_AWFA,AWFA_p-e09,BIG_OWFA,SYL_mAWFA,VIS_IFG,VIS_VWFA,mAWFA_p-e09
AUD_AWFA,1.0,0.9230321,0.20328636,0.73185986,0.51860225,0.37260637,0.77770334
AWFA_p-e09,0.9230321,1.0,0.13404422,0.7941829,0.44756675,0.31549978,0.7874951
BIG_OWFA,0.20328636,0.13404422,1.0,0.09919406,0.3957028,0.5004509,0.1224448
SYL_mAWFA,0.73185986,0.7941829,0.09919406,1.0,0.5104782,0.3568373,0.88017696
VIS_IFG,0.51860225,0.44756675,0.3957028,0.5104782,1.0,0.3630569,0.45987198
VIS_VWFA,0.37260637,0.31549978,0.5004509,0.3568373,0.3630569,1.0,0.2669064
mAWFA_p-e09,0.77770334,0.7874951,0.1224448,0.88017696,0.45987198,0.2669064,1.0
