,AUD_AWFA,AWFA_p-e09,BIG_OWFA,SYL_mAWFA,VIS_IFG,VIS_VWFA
AUD_AWFA,1.0,0.8565171,0.35296977,0.50730634,0.6010861,0.51315486
AWFA_p-e09,0.8565171,1.0,0.28999367,0.41541377,0.47379038,0.47387713
BIG_OWFA,0.35296977,0.28999367,1.0,0.4516791,0.23868993,0.5198217
SYL_mAWFA,0.50730634,0.41541377,0.4516791,1.0,0.3721299,0.4638694
VIS_IFG,0.6010861,0.47379038,0.23868993,0.3721299,1.0,0.5596731
VIS_VWFA,0.51315486,0.47387713,0.5198217,0.4638694,0.5596731,1.0
