,AUD_AWFA,BIG_OWFA,SYL_mAWFA,VIS_IFG,VIS_VWFA
AUD_AWFA,1.0,0.24893577,0.30288604,0.45952812,0.33170325
BIG_OWFA,0.24893577,1.0,-0.21147215,0.23832773,0.6254049
SYL_mAWFA,0.30288604,-0.21147215,1.0,0.06934356,-0.15809955
VIS_IFG,0.45952812,0.23832773,0.06934356,1.0,0.4105163
VIS_VWFA,0.33170325,0.6254049,-0.15809955,0.4105163,1.0
