,AUD_AWFA,AWFA_p-e09,BIG_OWFA,SYL_mAWFA,VIS_IFG,VIS_VWFA
AUD_AWFA,1.0,0.9509938,0.48199517,0.6819378,0.73990077,0.51078886
AWFA_p-e09,0.9509938,1.0,0.44765022,0.62510324,0.71490896,0.50537384
BIG_OWFA,0.48199517,0.44765022,1.0,0.4724256,0.5501989,0.6635272
SYL_mAWFA,0.6819378,0.62510324,0.4724256,1.0,0.7320462,0.42302904
VIS_IFG,0.73990077,0.71490896,0.5501989,0.7320462,1.0,0.5220439
VIS_VWFA,0.51078886,0.50537384,0.6635272,0.42302904,0.5220439,1.0
