,AUD_AWFA,AWFA_p-e09,BIG_OWFA,SYL_mAWFA,VIS_IFG,VIS_VWFA,mAWFA_p-e09
AUD_AWFA,1.0,0.94763017,0.32089427,0.7273633,0.5966509,0.5421712,0.63541096
AWFA_p-e09,0.94763017,1.0,0.2939775,0.70537156,0.5337299,0.5032045,0.59421414
BIG_OWFA,0.32089427,0.2939775,1.0,0.43115598,0.34058496,0.52605814,0.3809994
SYL_mAWFA,0.7273633,0.70537156,0.43115598,1.0,0.552729,0.6765136,0.9179361
VIS_IFG,0.5966509,0.5337299,0.34058496,0.552729,1.0,0.7017021,0.4287153
VIS_VWFA,0.5421712,0.5032045,0.52605814,0.6765136,0.7017021,1.0,0.5673434
mAWFA_p-e09,0.63541096,0.59421414,0.3809994,0.9179361,0.4287153,0.5673434,1.0
