,AUD_AWFA,AWFA_p-e09,BIG_OWFA,SYL_mAWFA,VIS_IFG,VIS_VWFA,mAWFA_p-e09
AUD_AWFA,1.0,0.8373137,0.30392495,0.51677614,0.26621646,0.22392668,0.41470578
AWFA_p-e09,0.8373137,1.0,0.2349051,0.41209912,0.19359176,0.22593258,0.32841054
BIG_OWFA,0.30392495,0.2349051,1.0,0.361587,0.09642762,0.013372098,0.29055545
SYL_mAWFA,0.51677614,0.41209912,0.361587,1.0,0.50282466,0.48957318,0.8132529
VIS_IFG,0.26621646,0.19359176,0.09642762,0.50282466,1.0,0.545956,0.40708494
VIS_VWFA,0.22392668,0.22593258,0.013372098,0.48957318,0.545956,1.0,0.37699902
mAWFA_p-e09,0.41470578,0.32841054,0.29055545,0.8132529,0.40708494,0.37699902,1.0
