,AUD_AWFA,AWFA_p-e09,BIG_OWFA,SYL_mAWFA,VIS_IFG,VIS_VWFA
AUD_AWFA,1.0,0.7185542,0.07254347,0.49405968,0.2960496,0.28880763
AWFA_p-e09,0.7185542,1.0,0.06309774,0.37381244,0.21790464,0.21800222
BIG_OWFA,0.07254347,0.06309774,1.0,0.12412107,-0.010967756,0.14430374
SYL_mAWFA,0.49405968,0.37381244,0.12412107,1.0,0.27837965,0.38252103
VIS_IFG,0.2960496,0.21790464,-0.010967756,0.27837965,1.0,0.47142166
VIS_VWFA,0.28880763,0.21800222,0.14430374,0.38252103,0.47142166,1.0
