,cluster_1,cluster_2,cluster_3,cluster_4,cluster_5,cluster_6,cluster_7
cluster_1,1.0,0.56092197,0.679854,0.42079416,0.46209112,0.37352374,0.44777617
cluster_2,0.56092197,1.0,0.4948214,0.5000033,0.32487518,0.29655898,0.32277232
cluster_3,0.679854,0.4948214,1.0,0.2788426,0.42339733,0.4584708,0.13196829
cluster_4,0.42079416,0.5000033,0.2788426,1.0,0.2555004,0.38107187,0.31638
cluster_5,0.46209112,0.32487518,0.42339733,0.2555004,1.0,0.3308631,0.1609121
cluster_6,0.37352374,0.29655898,0.4584708,0.38107187,0.3308631,1.0,0.29299846
cluster_7,0.44777617,0.32277232,0.13196829,0.31638,0.1609121,0.29299846,1.0
