,AUD_AWFA,AWFA_p-e09,BIG_OWFA,SYL_mAWFA,VIS_IFG,VIS_VWFA
AUD_AWFA,1.0,0.90677935,0.51949716,0.7922772,0.62168586,0.5434195
AWFA_p-e09,0.90677935,1.0,0.45627156,0.7146684,0.5717722,0.5444686
BIG_OWFA,0.51949716,0.45627156,1.0,0.4681526,0.4893496,0.5462939
SYL_mAWFA,0.7922772,0.7146684,0.4681526,1.0,0.6379738,0.5504271
VIS_IFG,0.62168586,0.5717722,0.4893496,0.6379738,1.0,0.51873606
VIS_VWFA,0.5434195,0.5444686,0.5462939,0.5504271,0.51873606,1.0
