,AUD_AWFA,AWFA_p-e09,BIG_OWFA,SYL_mAWFA,VIS_IFG,VIS_VWFA
AUD_AWFA,1.0,0.9025143,0.486241,0.6795886,0.5947115,0.52534205
AWFA_p-e09,0.9025143,1.0,0.3695621,0.57702816,0.49945486,0.4588293
BIG_OWFA,0.486241,0.3695621,1.0,0.26059732,0.48838058,0.67369914
SYL_mAWFA,0.6795886,0.57702816,0.26059732,1.0,0.48420316,0.31056225
VIS_IFG,0.5947115,0.49945486,0.48838058,0.48420316,1.0,0.656703
VIS_VWFA,0.52534205,0.4588293,0.67369914,0.31056225,0.656703,1.0
