,AUD_AWFA,AWFA_p-e09,BIG_OWFA,SYL_mAWFA,VIS_IFG,VIS_VWFA,mAWFA_p-e09
AUD_AWFA,1.0,0.8747311,0.0056107272,0.13893287,0.15740518,-0.012321303,0.08315288
AWFA_p-e09,0.8747311,1.0,0.019018933,0.18051547,0.1081455,0.0036008435,0.14560983
BIG_OWFA,0.0056107272,0.019018933,1.0,-0.19156244,0.28103578,0.34654436,-0.17428087
SYL_mAWFA,0.13893287,0.18051547,-0.19156244,1.0,-0.0025097735,-0.16224265,0.9388895
VIS_IFG,0.15740518,0.1081455,0.28103578,-0.0025097735,1.0,0.49774563,-0.007863166
VIS_VWFA,-0.012321303,0.0036008435,0.34654436,-0.16224265,0.49774563,1.0,-0.14772308
mAWFA_p-e09,0.08315288,0.14560983,-0.17428087,0.9388895,-0.007863166,-0.14772308,1.0
