,AUD_AWFA,AWFA_p-e09,BIG_OWFA,SYL_mAWFA,VIS_IFG,VIS_VWFA,mAWFA_p-e09
AUD_AWFA,1.0,0.82039136,-0.0032807777,0.34807816,0.3106016,0.03973991,0.37406737
AWFA_p-e09,0.82039136,1.0,-0.1249012,0.26873517,0.4318165,0.052122764,0.26916388
BIG_OWFA,-0.0032807777,-0.1249012,1.0,0.51613057,-0.04499773,0.4399273,0.44076347
SYL_mAWFA,0.34807816,0.26873517,0.51613057,1.0,0.28784794,0.40542677,0.8540058
VIS_IFG,0.3106016,0.4318165,-0.04499773,0.28784794,1.0,0.26532108,0.18568286
VIS_VWFA,0.03973991,0.052122764,0.4399273,0.40542677,0.26532108,1.0,0.3218006
mAWFA_p-e09,0.37406737,0.26916388,0.44076347,0.8540058,0.18568286,0.3218006,1.0
