,AUD_AWFA,AWFA_p-e09,BIG_OWFA,SYL_mAWFA,VIS_IFG,VIS_VWFA,mAWFA_p-e09
AUD_AWFA,1.0,0.90245223,0.63968897,0.8195779,0.6064208,0.6445846,0.7471707
AWFA_p-e09,0.90245223,1.0,0.6062808,0.7391518,0.5893069,0.64177984,0.66558176
BIG_OWFA,0.63968897,0.6062808,1.0,0.6166717,0.44442153,0.6321675,0.5672935
SYL_mAWFA,0.8195779,0.7391518,0.6166717,1.0,0.6746003,0.62876624,0.9233149
VIS_IFG,0.6064208,0.5893069,0.44442153,0.6746003,1.0,0.62417567,0.6602679
VIS_VWFA,0.6445846,0.64177984,0.6321675,0.62876624,0.62417567,1.0,0.6071498
mAWFA_p-e09,0.7471707,0.66558176,0.5672935,0.9233149,0.6602679,0.6071498,1.0
