,AUD_AWFA,AWFA_p-e09,BIG_OWFA,SYL_mAWFA,VIS_IFG,VIS_VWFA
AUD_AWFA,1.0,0.9428216,0.29096088,0.7170185,0.3846573,0.3948581
AWFA_p-e09,0.9428216,1.0,0.30996725,0.67464423,0.35223797,0.36406764
BIG_OWFA,0.29096088,0.30996725,1.0,0.41142568,0.1771383,0.5880139
SYL_mAWFA,0.7170185,0.67464423,0.41142568,1.0,0.47244796,0.5620814
VIS_IFG,0.3846573,0.35223797,0.1771383,0.47244796,1.0,0.42136085
VIS_VWFA,0.3948581,0.36406764,0.5880139,0.5620814,0.42136085,1.0
