,AUD_AWFA,AWFA_p-e09,BIG_OWFA,SYL_mAWFA,VIS_IFG,VIS_VWFA,mAWFA_p-e09
AUD_AWFA,1.0,0.7022404,0.50718635,0.64762694,0.29142186,0.40137464,0.51487714
AWFA_p-e09,0.7022404,1.0,0.29520312,0.41997635,0.21794741,0.25870633,0.30786175
BIG_OWFA,0.50718635,0.29520312,1.0,0.6122463,0.23062237,0.47870702,0.47117075
SYL_mAWFA,0.64762694,0.41997635,0.6122463,1.0,0.31785524,0.5964058,0.85762817
VIS_IFG,0.29142186,0.21794741,0.23062237,0.31785524,1.0,0.28679785,0.27202737
VIS_VWFA,0.40137464,0.25870633,0.47870702,0.5964058,0.28679785,1.0,0.58018583
mAWFA_p-e09,0.51487714,0.30786175,0.47117075,0.85762817,0.27202737,0.58018583,1.0
