,AUD_AWFA,AWFA_p-e09,BIG_OWFA,SYL_mAWFA,VIS_IFG,VIS_VWFA,mAWFA_p-e09
AUD_AWFA,1.0,0.8736592,-0.018760009,0.61652267,0.51946867,0.2513124,0.5906547
AWFA_p-e09,0.8736592,1.0,-0.0044715516,0.48670253,0.5471029,0.32036605,0.4760313
BIG_OWFA,-0.018760009,-0.0044715516,1.0,-0.041125447,0.23812138,0.33453768,-0.07420293
SYL_mAWFA,0.61652267,0.48670253,-0.041125447,1.0,0.38135388,-0.05306033,0.93807983
VIS_IFG,0.51946867,0.5471029,0.23812138,0.38135388,1.0,0.48146623,0.34600094
VIS_VWFA,0.2513124,0.32036605,0.33453768,-0.05306033,0.48146623,1.0,-0.06987328
mAWFA_p-e09,0.5906547,0.4760313,-0.07420293,0.93807983,0.34600094,-0.06987328,1.0
