,AUD_AWFA,AWFA_p-e09,BIG_OWFA,SYL_mAWFA,VIS_IFG,VIS_VWFA,mAWFA_p-e09
AUD_AWFA,1.0,0.9192906,0.32774666,0.6427782,0.4523741,0.56801784,0.56546426
AWFA_p-e09,0.9192906,1.0,0.2967932,0.5907158,0.43101346,0.56236327,0.52853173
BIG_OWFA,0.32774666,0.2967932,1.0,0.2536567,0.33832586,0.5193944,0.22263582
SYL_mAWFA,0.6427782,0.5907158,0.2536567,1.0,0.29836524,0.47912067,0.94068414
VIS_IFG,0.4523741,0.43101346,0.33832586,0.29836524,1.0,0.5687369,0.22639458
VIS_VWFA,0.56801784,0.56236327,0.5193944,0.47912067,0.5687369,1.0,0.39709347
mAWFA_p-e09,0.56546426,0.52853173,0.22263582,0.94068414,0.22639458,0.39709347,1.0
