,AUD_AWFA,AWFA_p-e09,BIG_OWFA,SYL_mAWFA,VIS_IFG,VIS_VWFA,mAWFA_p-e09
AUD_AWFA,1.0,0.84511256,0.3193608,0.6755206,0.14143439,0.51644653,0.60534537
AWFA_p-e09,0.84511256,1.0,0.24079865,0.55300206,0.15551415,0.42211664,0.4693715
BIG_OWFA,0.3193608,0.24079865,1.0,0.46900713,-0.0047210283,0.49566892,0.36033544
SYL_mAWFA,0.6755206,0.55300206,0.46900713,1.0,0.18643686,0.5609168,0.8873369
VIS_IFG,0.14143439,0.15551415,-0.0047210283,0.18643686,1.0,0.05805804,0.1945902
VIS_VWFA,0.51644653,0.42211664,0.49566892,0.5609168,0.05805804,1.0,0.4889607
mAWFA_p-e09,0.60534537,0.4693715,0.36033544,0.8873369,0.1945902,0.4889607,1.0
