,AUD_AWFA,AWFA_p-e09,BIG_OWFA,SYL_mAWFA,VIS_IFG,VIS_VWFA
AUD_AWFA,1.0,0.8838086,0.18350536,0.4371646,0.26718095,0.40046385
AWFA_p-e09,0.8838086,1.0,0.16559345,0.41968665,0.2754147,0.39639995
BIG_OWFA,0.18350536,0.16559345,1.0,0.25521192,0.26863742,0.29379255
SYL_mAWFA,0.4371646,0.41968665,0.25521192,1.0,0.45811483,0.35203126
VIS_IFG,0.26718095,0.2754147,0.26863742,0.45811483,1.0,0.31608406
VIS_VWFA,0.40046385,0.39639995,0.29379255,0.35203126,0.31608406,1.0
