,AUD_AWFA,AWFA_p-e09,BIG_OWFA,SYL_mAWFA,VIS_IFG,VIS_VWFA,mAWFA_p-e09
AUD_AWFA,1.0,0.90250975,0.29728782,0.66473526,0.7586955,0.4245241,0.6313208
AWFA_p-e09,0.90250975,1.0,0.25272146,0.6033323,0.66260767,0.36484614,0.58360165
BIG_OWFA,0.29728782,0.25272146,1.0,0.33974236,0.23530966,0.4603055,0.3818918
SYL_mAWFA,0.66473526,0.6033323,0.33974236,1.0,0.7100831,0.4548661,0.8994826
VIS_IFG,0.7586955,0.66260767,0.23530966,0.7100831,1.0,0.49608928,0.54686487
VIS_VWFA,0.4245241,0.36484614,0.4603055,0.4548661,0.49608928,1.0,0.44367886
mAWFA_p-e09,0.6313208,0.58360165,0.3818918,0.8994826,0.54686487,0.44367886,1.0
