,AUD_AWFA,BIG_OWFA,SYL_mAWFA,VIS_IFG,VIS_VWFA
AUD_AWFA,1.0,0.24691497,0.3951712,0.25587583,0.39787927
BIG_OWFA,0.24691497,1.0,-0.055481628,0.3857436,0.5694961
SYL_mAWFA,0.3951712,-0.055481628,1.0,0.08262054,0.14798665
VIS_IFG,0.25587583,0.3857436,0.08262054,1.0,0.56234825
VIS_VWFA,0.39787927,0.5694961,0.14798665,0.56234825,1.0
