,AUD_AWFA,AWFA_p-e09,BIG_OWFA,SYL_mAWFA,VIS_IFG,VIS_VWFA
AUD_AWFA,1.0,0.92141235,0.1819237,0.3890472,0.57627225,0.22360325
AWFA_p-e09,0.92141235,1.0,0.14571397,0.37714502,0.52544504,0.19045553
BIG_OWFA,0.1819237,0.14571397,1.0,0.18899652,0.17611355,0.3471114
SYL_mAWFA,0.3890472,0.37714502,0.18899652,1.0,0.33403715,0.053352565
VIS_IFG,0.57627225,0.52544504,0.17611355,0.33403715,1.0,0.38162923
VIS_VWFA,0.22360325,0.19045553,0.3471114,0.053352565,0.38162923,1.0
