,AUD_AWFA,AWFA_p-e09,BIG_OWFA,SYL_mAWFA,VIS_IFG,VIS_VWFA,mAWFA_p-e09
AUD_AWFA,1.0,0.928559,0.5759849,0.75034076,0.68103427,0.43506026,0.6160021
AWFA_p-e09,0.928559,1.0,0.4976685,0.69335467,0.5875591,0.39227712,0.5563363
BIG_OWFA,0.5759849,0.4976685,1.0,0.568086,0.48879933,0.45433083,0.46615055
SYL_mAWFA,0.75034076,0.69335467,0.568086,1.0,0.62811005,0.5204417,0.89061767
VIS_IFG,0.68103427,0.5875591,0.48879933,0.62811005,1.0,0.4761467,0.5590039
VIS_VWFA,0.43506026,0.39227712,0.45433083,0.5204417,0.4761467,1.0,0.4625825
mAWFA_p-e09,0.6160021,0.5563363,0.46615055,0.89061767,0.5590039,0.4625825,1.0
