,AUD_AWFA,AWFA_p-e09,BIG_OWFA,SYL_mAWFA,VIS_IFG,VIS_VWFA,mAWFA_p-e09
AUD_AWFA,1.0,0.8950432,0.195296,0.3929657,0.4033474,0.29242158,0.3908345
AWFA_p-e09,0.8950432,1.0,0.23268624,0.37431058,0.36341646,0.29332748,0.39963096
BIG_OWFA,0.195296,0.23268624,1.0,-0.043858353,0.20785458,0.4867966,-0.091055684
SYL_mAWFA,0.3929657,0.37431058,-0.043858353,1.0,0.25338733,-0.0026597586,0.9409233
VIS_IFG,0.4033474,0.36341646,0.20785458,0.25338733,1.0,0.48517218,0.16760501
VIS_VWFA,0.29242158,0.29332748,0.4867966,-0.0026597586,0.48517218,1.0,-0.07126427
mAWFA_p-e09,0.3908345,0.39963096,-0.091055684,0.9409233,0.16760501,-0.07126427,1.0
