,AUD_AWFA,AWFA_p-e09,BIG_OWFA,SYL_mAWFA,VIS_IFG,VIS_VWFA
AUD_AWFA,1.0,0.8872532,0.50627476,0.8261736,0.55671006,0.56908953
AWFA_p-e09,0.8872532,1.0,0.42526037,0.7879512,0.49079838,0.43297982
BIG_OWFA,0.50627476,0.42526037,1.0,0.49898106,0.35438424,0.53944653
SYL_mAWFA,0.8261736,0.7879512,0.49898106,1.0,0.52593565,0.55906826
VIS_IFG,0.55671006,0.49079838,0.35438424,0.52593565,1.0,0.4207681
VIS_VWFA,0.56908953,0.43297982,0.53944653,0.55906826,0.4207681,1.0
