,cluster_1,cluster_2,cluster_3,cluster_4,cluster_5,cluster_6,cluster_7
cluster_1,1.0,0.6761987,0.6658226,0.3702579,0.3711532,0.49951175,0.60568136
cluster_2,0.6761987,1.0,0.44167304,0.4730497,0.27121276,0.46588144,0.5422547
cluster_3,0.6658226,0.44167304,1.0,0.3292681,0.30006614,0.3804787,0.43959245
cluster_4,0.3702579,0.4730497,0.3292681,1.0,0.2742914,0.37203988,0.49929363
cluster_5,0.3711532,0.27121276,0.30006614,0.2742914,1.0,0.007363454,0.31181192
cluster_6,0.49951175,0.46588144,0.3804787,0.37203988,0.007363454,1.0,0.44863302
cluster_7,0.60568136,0.5422547,0.43959245,0.49929363,0.31181192,0.44863302,1.0
