,AUD_AWFA,AWFA_p-e09,BIG_OWFA,SYL_mAWFA,VIS_IFG,VIS_VWFA,mAWFA_p-e09
AUD_AWFA,1.0,0.777463,-0.034635752,0.37460995,0.33676833,0.055,0.32697433
AWFA_p-e09,0.777463,1.0,0.030502433,0.37653267,0.23583718,0.091364786,0.30092895
BIG_OWFA,-0.034635752,0.030502433,1.0,0.29532775,0.191647,0.1843218,0.26675606
SYL_mAWFA,0.37460995,0.37653267,0.29532775,1.0,0.4570121,0.19001405,0.82299626
VIS_IFG,0.33676833,0.23583718,0.191647,0.4570121,1.0,0.36572483,0.40208107
VIS_VWFA,0.055,0.091364786,0.1843218,0.19001405,0.36572483,1.0,0.22649105
mAWFA_p-e09,0.32697433,0.30092895,0.26675606,0.82299626,0.40208107,0.22649105,1.0
