,AUD_AWFA,AWFA_p-e09,BIG_OWFA,SYL_mAWFA,VIS_IFG,VIS_VWFA
AUD_AWFA,1.0,0.7694901,-0.03428056,0.3707683,0.33331475,0.054435972
AWFA_p-e09,0.7694901,1.0,0.030189632,0.37267137,0.23341866,0.09042784
BIG_OWFA,-0.03428056,0.030189632,1.0,0.29229915,0.18968165,0.1824316
SYL_mAWFA,0.3707683,0.37267137,0.29229915,1.0,0.45232543,0.18806544
VIS_IFG,0.33331475,0.23341866,0.18968165,0.45232543,1.0,0.3619743
VIS_VWFA,0.054435972,0.09042784,0.1824316,0.18806544,0.3619743,1.0
