,AUD_AWFA,AWFA_p-e09,BIG_OWFA,SYL_mAWFA,VIS_IFG,VIS_VWFA
AUD_AWFA,1.0,0.90231764,0.176519,0.7002414,0.63174284,0.48920286
AWFA_p-e09,0.90231764,1.0,0.1582631,0.65218675,0.5448397,0.46495566
BIG_OWFA,0.176519,0.1582631,1.0,0.19271597,0.094226085,0.21437837
SYL_mAWFA,0.7002414,0.65218675,0.19271597,1.0,0.5681935,0.45621848
VIS_IFG,0.63174284,0.5448397,0.094226085,0.5681935,1.0,0.62160593
VIS_VWFA,0.48920286,0.46495566,0.21437837,0.45621848,0.62160593,1.0
