,AUD_AWFA,AWFA_p-e09,BIG_OWFA,SYL_mAWFA,VIS_IFG,VIS_VWFA
AUD_AWFA,1.0,0.7692678,0.20923318,0.5722222,0.58940023,0.50300765
AWFA_p-e09,0.7692678,1.0,0.19812417,0.53546506,0.60342014,0.4803828
BIG_OWFA,0.20923318,0.19812417,1.0,0.22893566,0.14554723,0.3623782
SYL_mAWFA,0.5722222,0.53546506,0.22893566,1.0,0.55202746,0.43485963
VIS_IFG,0.58940023,0.60342014,0.14554723,0.55202746,1.0,0.5476055
VIS_VWFA,0.50300765,0.4803828,0.3623782,0.43485963,0.5476055,1.0
