,AUD_AWFA,AWFA_p-e09,BIG_OWFA,SYL_mAWFA,VIS_IFG,VIS_VWFA,mAWFA_p-e09
AUD_AWFA,1.0,0.8852594,0.12457626,0.32135317,0.4648066,-0.017776884,0.3176318
AWFA_p-e09,0.8852594,1.0,0.090520054,0.35979924,0.44772115,-0.009996569,0.36165032
BIG_OWFA,0.12457626,0.090520054,1.0,-0.011713707,0.08609968,0.30975914,-0.04439534
SYL_mAWFA,0.32135317,0.35979924,-0.011713707,1.0,0.21990472,0.013218629,0.7756809
VIS_IFG,0.4648066,0.44772115,0.08609968,0.21990472,1.0,0.36721548,0.24859484
VIS_VWFA,-0.017776884,-0.009996569,0.30975914,0.013218629,0.36721548,1.0,0.0001855819
mAWFA_p-e09,0.3176318,0.36165032,-0.04439534,0.7756809,0.24859484,0.0001855819,1.0
