,AUD_AWFA,AWFA_p-e09,BIG_OWFA,SYL_mAWFA,VIS_IFG,VIS_VWFA
AUD_AWFA,1.0,0.9296114,0.114010476,0.6028713,0.49938396,0.25590977
AWFA_p-e09,0.9296114,1.0,0.13379286,0.599894,0.5390872,0.25916785
BIG_OWFA,0.114010476,0.13379286,1.0,-0.26059052,0.24162084,0.51996106
SYL_mAWFA,0.6028713,0.599894,-0.26059052,1.0,0.19668765,-0.111044325
VIS_IFG,0.49938396,0.5390872,0.24162084,0.19668765,1.0,0.5121046
VIS_VWFA,0.25590977,0.25916785,0.51996106,-0.111044325,0.5121046,1.0
