,AUD_AWFA,AWFA_p-e09,BIG_OWFA,SYL_mAWFA,VIS_IFG,VIS_VWFA
AUD_AWFA,1.0,0.93389416,0.2841002,0.36758357,0.46680996,0.47112396
AWFA_p-e09,0.93389416,1.0,0.2648327,0.32082736,0.42361188,0.4501672
BIG_OWFA,0.2841002,0.2648327,1.0,0.22462521,0.1864016,0.47862294
SYL_mAWFA,0.36758357,0.32082736,0.22462521,1.0,0.31487542,0.30767822
VIS_IFG,0.46680996,0.42361188,0.1864016,0.31487542,1.0,0.54029506
VIS_VWFA,0.47112396,0.4501672,0.47862294,0.30767822,0.54029506,1.0
