,AUD_AWFA,AWFA_p-e09,BIG_OWFA,SYL_mAWFA,VIS_IFG,VIS_VWFA,mAWFA_p-e09
AUD_AWFA,1.0,0.8872534,0.21462463,0.41321445,0.33715248,0.21231106,0.3228872
AWFA_p-e09,0.8872534,1.0,0.22654487,0.34389874,0.2943956,0.13832422,0.2798482
BIG_OWFA,0.21462463,0.22654487,1.0,-0.09120148,0.37057808,0.5600641,-0.2045793
SYL_mAWFA,0.41321445,0.34389874,-0.09120148,1.0,0.25617406,0.17376593,0.93464005
VIS_IFG,0.33715248,0.2943956,0.37057808,0.25617406,1.0,0.54259646,0.11144869
VIS_VWFA,0.21231106,0.13832422,0.5600641,0.17376593,0.54259646,1.0,0.019650606
mAWFA_p-e09,0.3228872,0.2798482,-0.2045793,0.93464005,0.11144869,0.019650606,1.0
