,AUD_AWFA,AWFA_p-e09,BIG_OWFA,SYL_mAWFA,VIS_IFG,VIS_VWFA,mAWFA_p-e09
AUD_AWFA,1.0,0.9230019,0.20805253,0.35546067,0.46964067,0.3282835,0.25777152
AWFA_p-e09,0.9230019,1.0,0.24233806,0.3803817,0.5052106,0.29738954,0.28004375
BIG_OWFA,0.20805253,0.24233806,1.0,-0.050970998,0.30811146,0.55770415,-0.19103739
SYL_mAWFA,0.35546067,0.3803817,-0.050970998,1.0,0.41309306,-0.113728344,0.94207966
VIS_IFG,0.46964067,0.5052106,0.30811146,0.41309306,1.0,0.33413485,0.25168195
VIS_VWFA,0.3282835,0.29738954,0.55770415,-0.113728344,0.33413485,1.0,-0.26310387
mAWFA_p-e09,0.25777152,0.28004375,-0.19103739,0.94207966,0.25168195,-0.26310387,1.0
