,AUD_AWFA,AWFA_p-e09,BIG_OWFA,SYL_mAWFA,VIS_IFG,VIS_VWFA
AUD_AWFA,1.0,0.9391811,0.10645035,0.6018262,0.38716635,0.19038294
AWFA_p-e09,0.9391811,1.0,0.11676081,0.4898424,0.32561004,0.111635484
BIG_OWFA,0.10645035,0.11676081,1.0,0.24518935,0.2451236,0.51304644
SYL_mAWFA,0.6018262,0.4898424,0.24518935,1.0,0.54852086,0.39927608
VIS_IFG,0.38716635,0.32561004,0.2451236,0.54852086,1.0,0.54828733
VIS_VWFA,0.19038294,0.111635484,0.51304644,0.39927608,0.54828733,1.0
