,AUD_AWFA,AWFA_p-e09,BIG_OWFA,SYL_mAWFA,VIS_IFG,VIS_VWFA,mAWFA_p-e09
AUD_AWFA,1.0,0.92414194,0.4282997,0.6750546,0.6556368,0.67652625,0.4253341
AWFA_p-e09,0.92414194,1.0,0.37507844,0.5613375,0.6193198,0.6546715,0.25191227
BIG_OWFA,0.4282997,0.37507844,1.0,0.4454062,0.42499644,0.46555296,0.26544413
SYL_mAWFA,0.6750546,0.5613375,0.4454062,1.0,0.51844084,0.65396065,0.7955442
VIS_IFG,0.6556368,0.6193198,0.42499644,0.51844084,1.0,0.6487976,0.32622227
VIS_VWFA,0.67652625,0.6546715,0.46555296,0.65396065,0.6487976,1.0,0.37104437
mAWFA_p-e09,0.4253341,0.25191227,0.26544413,0.7955442,0.32622227,0.37104437,1.0
