,AUD_AWFA,BIG_OWFA,SYL_mAWFA,VIS_IFG,VIS_VWFA
AUD_AWFA,1.0,0.24019535,0.62859035,0.63123393,0.39533216
BIG_OWFA,0.24019535,1.0,0.14389373,0.33453587,0.39505193
SYL_mAWFA,0.62859035,0.14389373,1.0,0.52319,0.37584227
VIS_IFG,0.63123393,0.33453587,0.52319,1.0,0.57900065
VIS_VWFA,0.39533216,0.39505193,0.37584227,0.57900065,1.0
