,cluster_1,cluster_2,cluster_3,cluster_4,cluster_5,cluster_6,cluster_7
cluster_1,1.0,0.4918956,0.26118737,0.47401437,0.25521046,0.4520722,0.49489737
cluster_2,0.4918956,1.0,0.21404123,0.4386912,0.25418183,0.24284081,0.22055486
cluster_3,0.26118737,0.21404123,1.0,0.24853788,0.41371813,0.30115774,0.30550537
cluster_4,0.47401437,0.4386912,0.24853788,1.0,0.093400106,0.28929454,0.36249432
cluster_5,0.25521046,0.25418183,0.41371813,0.093400106,1.0,0.14701624,0.29732013
cluster_6,0.4520722,0.24284081,0.30115774,0.28929454,0.14701624,1.0,0.37379494
cluster_7,0.49489737,0.22055486,0.30550537,0.36249432,0.29732013,0.37379494,1.0
