,AUD_AWFA,AWFA_p-e09,BIG_OWFA,SYL_mAWFA,VIS_IFG,VIS_VWFA
AUD_AWFA,1.0,0.88765144,0.1665734,0.72929186,0.5710136,0.5806125
AWFA_p-e09,0.88765144,1.0,0.14792731,0.69473314,0.5929806,0.5395965
BIG_OWFA,0.1665734,0.14792731,1.0,0.15042007,0.18236229,0.36886021
SYL_mAWFA,0.72929186,0.69473314,0.15042007,1.0,0.65183336,0.69864273
VIS_IFG,0.5710136,0.5929806,0.18236229,0.65183336,1.0,0.55095255
VIS_VWFA,0.5806125,0.5395965,0.36886021,0.69864273,0.55095255,1.0
