,AUD_AWFA,AWFA_p-e09,BIG_OWFA,SYL_mAWFA,VIS_IFG,VIS_VWFA
AUD_AWFA,1.0,0.8736881,0.35957825,0.57683724,0.42254308,0.4924432
AWFA_p-e09,0.8736881,1.0,0.3750993,0.5837569,0.30968738,0.5013444
BIG_OWFA,0.35957825,0.3750993,1.0,0.43305987,0.1794047,0.47044906
SYL_mAWFA,0.57683724,0.5837569,0.43305987,1.0,0.2903756,0.62475085
VIS_IFG,0.42254308,0.30968738,0.1794047,0.2903756,1.0,0.26061365
VIS_VWFA,0.4924432,0.5013444,0.47044906,0.62475085,0.26061365,1.0
