,AUD_AWFA,AWFA_p-e09,BIG_OWFA,SYL_mAWFA,VIS_IFG,VIS_VWFA
AUD_AWFA,1.0,0.7805148,-0.12983075,0.35081515,0.05235959,-0.07604352
AWFA_p-e09,0.7805148,1.0,-0.02217037,0.2262993,0.025890516,-0.03503131
BIG_OWFA,-0.12983075,-0.02217037,1.0,0.016184494,-0.16828458,0.117018364
SYL_mAWFA,0.35081515,0.2262993,0.016184494,1.0,0.15431221,0.011183353
VIS_IFG,0.05235959,0.025890516,-0.16828458,0.15431221,1.0,0.58053887
VIS_VWFA,-0.07604352,-0.03503131,0.117018364,0.011183353,0.58053887,1.0
