,AUD_AWFA,BIG_OWFA,SYL_mAWFA,VIS_IFG,VIS_VWFA
AUD_AWFA,1.0,0.2021119,0.40591744,0.52445424,0.42821327
BIG_OWFA,0.2021119,1.0,-0.2510924,0.31611302,0.52249044
SYL_mAWFA,0.40591744,-0.2510924,1.0,0.16209091,-0.051483124
VIS_IFG,0.52445424,0.31611302,0.16209091,1.0,0.67140734
VIS_VWFA,0.42821327,0.52249044,-0.051483124,0.67140734,1.0
