,AUD_AWFA,AWFA_p-e09,BIG_OWFA,SYL_mAWFA,VIS_IFG,VIS_VWFA
AUD_AWFA,1.0,0.8482188,0.3386802,0.44732773,0.42953295,0.10576479
AWFA_p-e09,0.8482188,1.0,0.24328043,0.39435938,0.47764727,0.17421189
BIG_OWFA,0.3386802,0.24328043,1.0,0.42328298,0.20092027,0.08302734
SYL_mAWFA,0.44732773,0.39435938,0.42328298,1.0,0.6268408,0.253072
VIS_IFG,0.42953295,0.47764727,0.20092027,0.6268408,1.0,0.43150184
VIS_VWFA,0.10576479,0.17421189,0.08302734,0.253072,0.43150184,1.0
