,AUD_AWFA,AWFA_p-e09,BIG_OWFA,SYL_mAWFA,VIS_IFG,VIS_VWFA
AUD_AWFA,1.0,0.77979493,-0.07014,0.41396374,0.2802142,0.20971414
AWFA_p-e09,0.77979493,1.0,-0.24204889,0.26833674,0.052424923,0.12576044
BIG_OWFA,-0.07014,-0.24204889,1.0,0.03263913,-0.012282447,0.13404693
SYL_mAWFA,0.41396374,0.26833674,0.03263913,1.0,0.37203774,0.16863461
VIS_IFG,0.2802142,0.052424923,-0.012282447,0.37203774,1.0,0.18873851
VIS_VWFA,0.20971414,0.12576044,0.13404693,0.16863461,0.18873851,1.0
