,AUD_AWFA,BIG_OWFA,SYL_mAWFA,VIS_IFG,VIS_VWFA
AUD_AWFA,1.0,0.29043755,0.76089656,0.6858515,0.7206406
BIG_OWFA,0.29043755,1.0,0.13394272,0.25005433,0.34428373
SYL_mAWFA,0.76089656,0.13394272,1.0,0.6386312,0.73110837
VIS_IFG,0.6858515,0.25005433,0.6386312,1.0,0.72788477
VIS_VWFA,0.7206406,0.34428373,0.73110837,0.72788477,1.0
