,AUD_AWFA,AWFA_p-e09,BIG_OWFA,SYL_mAWFA,VIS_IFG,VIS_VWFA,mAWFA_p-e09
AUD_AWFA,1.0,0.8917653,0.07574038,0.68275356,0.34852847,0.29656568,0.67297274
AWFA_p-e09,0.8917653,1.0,0.038041603,0.62230194,0.32367688,0.22096671,0.65281713
BIG_OWFA,0.07574038,0.038041603,1.0,0.048480924,0.11455048,0.54530567,-0.015134828
SYL_mAWFA,0.68275356,0.62230194,0.048480924,1.0,0.5219205,0.35414422,0.8924109
VIS_IFG,0.34852847,0.32367688,0.11455048,0.5219205,1.0,0.43974313,0.4339925
VIS_VWFA,0.29656568,0.22096671,0.54530567,0.35414422,0.43974313,1.0,0.259933
mAWFA_p-e09,0.67297274,0.65281713,-0.015134828,0.8924109,0.4339925,0.259933,1.0
