,AUD_AWFA,AWFA_p-e09,BIG_OWFA,SYL_mAWFA,VIS_IFG,VIS_VWFA,mAWFA_p-e09
AUD_AWFA,1.0,0.9191002,0.030646438,0.38216588,0.38901964,0.1403267,0.2692596
AWFA_p-e09,0.9191002,1.0,0.006938741,0.32961175,0.32779288,0.13663946,0.23079367
BIG_OWFA,0.030646438,0.006938741,1.0,0.23107672,0.17233382,0.26561227,0.24382801
SYL_mAWFA,0.38216588,0.32961175,0.23107672,1.0,0.6819094,0.53837293,0.9184279
VIS_IFG,0.38901964,0.32779288,0.17233382,0.6819094,1.0,0.4693344,0.6119497
VIS_VWFA,0.1403267,0.13663946,0.26561227,0.53837293,0.4693344,1.0,0.5084764
mAWFA_p-e09,0.2692596,0.23079367,0.24382801,0.9184279,0.6119497,0.5084764,1.0
