,AUD_AWFA,AWFA_p-e09,BIG_OWFA,SYL_mAWFA,VIS_IFG,VIS_VWFA,mAWFA_p-e09
AUD_AWFA,1.0,0.8954199,0.1349597,0.41612732,0.59722584,0.4242318,0.37433752
AWFA_p-e09,0.8954199,1.0,0.12826595,0.39649186,0.6208541,0.41612107,0.34748662
BIG_OWFA,0.1349597,0.12826595,1.0,-0.11408526,0.13508265,0.50380147,-0.105382726
SYL_mAWFA,0.41612732,0.39649186,-0.11408526,1.0,0.32303098,0.10263235,0.92677695
VIS_IFG,0.59722584,0.6208541,0.13508265,0.32303098,1.0,0.5028372,0.25413045
VIS_VWFA,0.4242318,0.41612107,0.50380147,0.10263235,0.5028372,1.0,0.13023461
mAWFA_p-e09,0.37433752,0.34748662,-0.105382726,0.92677695,0.25413045,0.13023461,1.0
