,AUD_AWFA,AWFA_p-e09,BIG_OWFA,SYL_mAWFA,VIS_IFG,VIS_VWFA
AUD_AWFA,1.0,0.8443981,0.057885014,0.31312695,0.18328638,0.27831388
AWFA_p-e09,0.8443981,1.0,0.03894947,0.18004996,0.15726648,0.2039981
BIG_OWFA,0.057885014,0.03894947,1.0,0.1376302,0.023208035,0.2988289
SYL_mAWFA,0.31312695,0.18004996,0.1376302,1.0,0.13526095,0.3012122
VIS_IFG,0.18328638,0.15726648,0.023208035,0.13526095,1.0,0.4471415
VIS_VWFA,0.27831388,0.2039981,0.2988289,0.3012122,0.4471415,1.0
