,AUD_AWFA,AWFA_p-e09,BIG_OWFA,SYL_mAWFA,VIS_IFG,VIS_VWFA,mAWFA_p-e09
AUD_AWFA,1.0,0.8426084,0.56134886,0.6544542,0.47468024,0.519338,0.63658494
AWFA_p-e09,0.8426084,1.0,0.3252116,0.4749315,0.494387,0.40406057,0.4544545
BIG_OWFA,0.56134886,0.3252116,1.0,0.6781579,0.24428333,0.65533084,0.6209691
SYL_mAWFA,0.6544542,0.4749315,0.6781579,1.0,0.41131505,0.6434309,0.91729164
VIS_IFG,0.47468024,0.494387,0.24428333,0.41131505,1.0,0.34959507,0.33692282
VIS_VWFA,0.519338,0.40406057,0.65533084,0.6434309,0.34959507,1.0,0.59934574
mAWFA_p-e09,0.63658494,0.4544545,0.6209691,0.91729164,0.33692282,0.59934574,1.0
