,AUD_AWFA,AWFA_p-e09,BIG_OWFA,SYL_mAWFA,VIS_IFG,VIS_VWFA
AUD_AWFA,1.0,0.8685842,0.3339954,0.5432107,0.56395906,0.34621137
AWFA_p-e09,0.8685842,1.0,0.3270568,0.5999242,0.65621406,0.30981746
BIG_OWFA,0.3339954,0.3270568,1.0,0.09335419,0.41670397,0.6104236
SYL_mAWFA,0.5432107,0.5999242,0.09335419,1.0,0.418761,0.14466198
VIS_IFG,0.56395906,0.65621406,0.41670397,0.418761,1.0,0.5200161
VIS_VWFA,0.34621137,0.30981746,0.6104236,0.14466198,0.5200161,1.0
