,AUD_AWFA,AWFA_p-e09,BIG_OWFA,SYL_mAWFA,VIS_IFG,VIS_VWFA,mAWFA_p-e09
AUD_AWFA,1.0,0.805711,0.10574632,0.20943445,0.16445997,0.11746672,0.121893264
AWFA_p-e09,0.805711,1.0,0.07337516,0.29771358,0.24007139,0.060171884,0.24005851
BIG_OWFA,0.10574632,0.07337516,1.0,0.2962088,0.09109067,0.14490739,0.20668209
SYL_mAWFA,0.20943445,0.29771358,0.2962088,1.0,0.29931903,0.20151095,0.8100049
VIS_IFG,0.16445997,0.24007139,0.09109067,0.29931903,1.0,0.40975025,0.33094394
VIS_VWFA,0.11746672,0.060171884,0.14490739,0.20151095,0.40975025,1.0,0.08729532
mAWFA_p-e09,0.121893264,0.24005851,0.20668209,0.8100049,0.33094394,0.08729532,1.0
