,AUD_AWFA,BIG_OWFA,SYL_mAWFA,VIS_IFG,VIS_VWFA
AUD_AWFA,1.0,0.18985735,0.67786723,0.53118783,0.46940812
BIG_OWFA,0.18985735,1.0,0.25187543,0.16880174,0.34345168
SYL_mAWFA,0.67786723,0.25187543,1.0,0.6430321,0.6848365
VIS_IFG,0.53118783,0.16880174,0.6430321,1.0,0.58735144
VIS_VWFA,0.46940812,0.34345168,0.6848365,0.58735144,1.0
