,AUD_AWFA,AWFA_p-e09,BIG_OWFA,SYL_mAWFA,VIS_IFG,VIS_VWFA
AUD_AWFA,1.0,0.89491653,0.5700419,0.7403958,0.66397154,0.5984125
AWFA_p-e09,0.89491653,1.0,0.53815603,0.731323,0.64271015,0.5506502
BIG_OWFA,0.5700419,0.53815603,1.0,0.54969263,0.46966675,0.68427074
SYL_mAWFA,0.7403958,0.731323,0.54969263,1.0,0.7395231,0.6022198
VIS_IFG,0.66397154,0.64271015,0.46966675,0.7395231,1.0,0.61559755
VIS_VWFA,0.5984125,0.5506502,0.68427074,0.6022198,0.61559755,1.0
