,AUD_AWFA,AWFA_p-e09,BIG_OWFA,SYL_mAWFA,VIS_IFG,VIS_VWFA
AUD_AWFA,1.0,0.77389866,0.018671209,0.32843694,0.275616,-0.06007063
AWFA_p-e09,0.77389866,1.0,-0.01703665,0.20148006,0.2268376,-0.09308596
BIG_OWFA,0.018671209,-0.01703665,1.0,0.33936965,0.06931862,0.21355514
SYL_mAWFA,0.32843694,0.20148006,0.33936965,1.0,0.3415229,0.29513282
VIS_IFG,0.275616,0.2268376,0.06931862,0.3415229,1.0,0.19101797
VIS_VWFA,-0.06007063,-0.09308596,0.21355514,0.29513282,0.19101797,1.0
