,AUD_AWFA,AWFA_p-e09,BIG_OWFA,SYL_mAWFA,VIS_IFG,VIS_VWFA
AUD_AWFA,1.0,0.8576297,0.3794376,0.63706046,0.4946426,0.28419352
AWFA_p-e09,0.8576297,1.0,0.25930753,0.54724383,0.27467588,0.14314698
BIG_OWFA,0.3794376,0.25930753,1.0,0.3383975,0.37314597,0.39295405
SYL_mAWFA,0.63706046,0.54724383,0.3383975,1.0,0.2882919,0.29925933
VIS_IFG,0.4946426,0.27467588,0.37314597,0.2882919,1.0,0.5509019
VIS_VWFA,0.28419352,0.14314698,0.39295405,0.29925933,0.5509019,1.0
