,AUD_AWFA,AWFA_p-e09,BIG_OWFA,SYL_mAWFA,VIS_IFG,VIS_VWFA,mAWFA_p-e09
AUD_AWFA,1.0,0.80029356,0.27279818,0.5481015,0.2831759,-0.037932206,0.53251296
AWFA_p-e09,0.80029356,1.0,0.14866963,0.4288488,0.25769216,0.05526486,0.43522218
BIG_OWFA,0.27279818,0.14866963,1.0,0.51214206,0.024760159,0.2234399,0.47437853
SYL_mAWFA,0.5481015,0.4288488,0.51214206,1.0,0.04650885,0.08599795,0.90508956
VIS_IFG,0.2831759,0.25769216,0.024760159,0.04650885,1.0,0.26608127,0.045395635
VIS_VWFA,-0.037932206,0.05526486,0.2234399,0.08599795,0.26608127,1.0,0.07880089
mAWFA_p-e09,0.53251296,0.43522218,0.47437853,0.90508956,0.045395635,0.07880089,1.0
