,AUD_AWFA,AWFA_p-e09,BIG_OWFA,SYL_mAWFA,VIS_IFG,VIS_VWFA
AUD_AWFA,1.0,0.89520496,0.13492732,0.41602746,0.5970825,0.42413
AWFA_p-e09,0.89520496,1.0,0.12823516,0.3963967,0.62070507,0.4160212
BIG_OWFA,0.13492732,0.12823516,1.0,-0.114057876,0.13505024,0.5036806
SYL_mAWFA,0.41602746,0.3963967,-0.114057876,1.0,0.32295346,0.10260773
VIS_IFG,0.5970825,0.62070507,0.13505024,0.32295346,1.0,0.5027165
VIS_VWFA,0.42413,0.4160212,0.5036806,0.10260773,0.5027165,1.0
