,AUD_AWFA,BIG_OWFA,SYL_mAWFA,VIS_IFG,VIS_VWFA
AUD_AWFA,1.0,0.13415717,0.68251234,0.5373329,0.6117873
BIG_OWFA,0.13415717,1.0,0.28082684,0.07082859,0.36616644
SYL_mAWFA,0.68251234,0.28082684,1.0,0.51093197,0.6464521
VIS_IFG,0.5373329,0.07082859,0.51093197,1.0,0.6101884
VIS_VWFA,0.6117873,0.36616644,0.6464521,0.6101884,1.0
