,AUD_AWFA,AWFA_p-e09,BIG_OWFA,SYL_mAWFA,VIS_IFG,VIS_VWFA
AUD_AWFA,1.0,0.8991277,0.114857644,0.598208,0.6130994,0.35942164
AWFA_p-e09,0.8991277,1.0,0.15521239,0.56231076,0.56640375,0.3546208
BIG_OWFA,0.114857644,0.15521239,1.0,-0.006075565,0.18138695,0.44064677
SYL_mAWFA,0.598208,0.56231076,-0.006075565,1.0,0.32917285,0.12210482
VIS_IFG,0.6130994,0.56640375,0.18138695,0.32917285,1.0,0.49020544
VIS_VWFA,0.35942164,0.3546208,0.44064677,0.12210482,0.49020544,1.0
