,AUD_AWFA,AWFA_p-e09,BIG_OWFA,SYL_mAWFA,VIS_IFG,VIS_VWFA,mAWFA_p-e09
AUD_AWFA,1.0,0.8436104,0.26758718,0.4971077,0.47848305,0.07384978,0.4271921
AWFA_p-e09,0.8436104,1.0,0.24762665,0.37091368,0.36938214,0.042592924,0.29754668
BIG_OWFA,0.26758718,0.24762665,1.0,0.13812678,0.061143626,-0.053374197,0.11028187
SYL_mAWFA,0.4971077,0.37091368,0.13812678,1.0,0.5203598,0.24657479,0.81949675
VIS_IFG,0.47848305,0.36938214,0.061143626,0.5203598,1.0,0.23561127,0.46384346
VIS_VWFA,0.07384978,0.042592924,-0.053374197,0.24657479,0.23561127,1.0,0.14281848
mAWFA_p-e09,0.4271921,0.29754668,0.11028187,0.81949675,0.46384346,0.14281848,1.0
