,AUD_AWFA,AWFA_p-e09,BIG_OWFA,SYL_mAWFA,VIS_IFG,VIS_VWFA,mAWFA_p-e09
AUD_AWFA,1.0,0.8656749,0.07726431,0.43759856,0.5825774,0.22259009,0.4416133
AWFA_p-e09,0.8656749,1.0,0.059168164,0.4665895,0.59652334,0.23886731,0.43476325
BIG_OWFA,0.07726431,0.059168164,1.0,-0.18537371,0.29711562,0.5452503,-0.1983143
SYL_mAWFA,0.43759856,0.4665895,-0.18537371,1.0,0.20832472,-0.18507501,0.95545286
VIS_IFG,0.5825774,0.59652334,0.29711562,0.20832472,1.0,0.4417019,0.16249669
VIS_VWFA,0.22259009,0.23886731,0.5452503,-0.18507501,0.4417019,1.0,-0.22201388
mAWFA_p-e09,0.4416133,0.43476325,-0.1983143,0.95545286,0.16249669,-0.22201388,1.0
