,AUD_AWFA,AWFA_p-e09,BIG_OWFA,SYL_mAWFA,VIS_IFG,VIS_VWFA,mAWFA_p-e09
AUD_AWFA,1.0,0.895742,0.19595481,0.5289374,0.33802786,0.31795686,0.48244202
AWFA_p-e09,0.895742,1.0,0.17885624,0.49524933,0.35955322,0.27391556,0.44962433
BIG_OWFA,0.19595481,0.17885624,1.0,-0.050172366,0.17888677,0.28931156,-0.13440561
SYL_mAWFA,0.5289374,0.49524933,-0.050172366,1.0,0.15251626,0.15451923,0.9545417
VIS_IFG,0.33802786,0.35955322,0.17888677,0.15251626,1.0,0.6099135,0.07729536
VIS_VWFA,0.31795686,0.27391556,0.28931156,0.15451923,0.6099135,1.0,0.087726906
mAWFA_p-e09,0.48244202,0.44962433,-0.13440561,0.9545417,0.07729536,0.087726906,1.0
