,AUD_AWFA,AWFA_p-e09,BIG_OWFA,SYL_mAWFA,VIS_IFG,VIS_VWFA,mAWFA_p-e09
AUD_AWFA,1.0,0.8742893,0.2628827,0.48066816,0.44404104,0.26418814,0.47866607
AWFA_p-e09,0.8742893,1.0,0.32976225,0.53469425,0.5269706,0.30337608,0.5133126
BIG_OWFA,0.2628827,0.32976225,1.0,0.42945337,0.26886195,0.36831114,0.40799692
SYL_mAWFA,0.48066816,0.53469425,0.42945337,1.0,0.648982,0.44779065,0.8757865
VIS_IFG,0.44404104,0.5269706,0.26886195,0.648982,1.0,0.4108274,0.586963
VIS_VWFA,0.26418814,0.30337608,0.36831114,0.44779065,0.4108274,1.0,0.3607363
mAWFA_p-e09,0.47866607,0.5133126,0.40799692,0.8757865,0.586963,0.3607363,1.0
