,cluster_1,cluster_2,cluster_3,cluster_4,cluster_5,cluster_6,cluster_7
cluster_1,1.0,0.6825272,0.7039639,0.46019712,0.36525086,0.3500112,0.6621161
cluster_2,0.6825272,1.0,0.5663633,0.5095828,0.2560254,0.26063737,0.53744185
cluster_3,0.7039639,0.5663633,1.0,0.42237428,0.42445478,0.34510207,0.5440738
cluster_4,0.46019712,0.5095828,0.42237428,1.0,0.15062936,0.20821223,0.4170435
cluster_5,0.36525086,0.2560254,0.42445478,0.15062936,1.0,0.29483676,0.2804974
cluster_6,0.3500112,0.26063737,0.34510207,0.20821223,0.29483676,1.0,0.29940137
cluster_7,0.6621161,0.53744185,0.5440738,0.4170435,0.2804974,0.29940137,1.0
