,AUD_AWFA,AWFA_p-e09,BIG_OWFA,SYL_mAWFA,VIS_IFG,VIS_VWFA,mAWFA_p-e09
AUD_AWFA,1.0,0.8647743,0.10486408,0.35645092,0.51443905,0.027083032,0.3458596
AWFA_p-e09,0.8647743,1.0,0.07622104,0.27004713,0.50613976,0.017650118,0.25724447
BIG_OWFA,0.10486408,0.07622104,1.0,0.33099777,0.13006328,0.35280243,0.2111507
SYL_mAWFA,0.35645092,0.27004713,0.33099777,1.0,0.35966545,0.21586914,0.8355996
VIS_IFG,0.51443905,0.50613976,0.13006328,0.35966545,1.0,0.36362708,0.2747604
VIS_VWFA,0.027083032,0.017650118,0.35280243,0.21586914,0.36362708,1.0,0.13491699
mAWFA_p-e09,0.3458596,0.25724447,0.2111507,0.8355996,0.2747604,0.13491699,1.0
