,AUD_AWFA,AWFA_p-e09,BIG_OWFA,SYL_mAWFA,VIS_IFG,VIS_VWFA,mAWFA_p-e09
AUD_AWFA,1.0,0.9083555,0.06660841,0.6417196,0.33365715,0.32066187,0.6004081
AWFA_p-e09,0.9083555,1.0,0.13126521,0.663602,0.45654356,0.37784386,0.6571353
BIG_OWFA,0.06660841,0.13126521,1.0,0.19180438,0.16442446,0.5065299,0.16859604
SYL_mAWFA,0.6417196,0.663602,0.19180438,1.0,0.5203696,0.59650445,0.9350331
VIS_IFG,0.33365715,0.45654356,0.16442446,0.5203696,1.0,0.447867,0.5537356
VIS_VWFA,0.32066187,0.37784386,0.5065299,0.59650445,0.447867,1.0,0.5706407
mAWFA_p-e09,0.6004081,0.6571353,0.16859604,0.9350331,0.5537356,0.5706407,1.0
