,AUD_AWFA,BIG_OWFA,SYL_mAWFA,VIS_IFG,VIS_VWFA
AUD_AWFA,1.0,0.28712457,0.7328111,0.55725133,0.54541594
BIG_OWFA,0.28712457,1.0,0.28988183,0.36798358,0.630302
SYL_mAWFA,0.7328111,0.28988183,1.0,0.49886394,0.60305035
VIS_IFG,0.55725133,0.36798358,0.49886394,1.0,0.6834479
VIS_VWFA,0.54541594,0.630302,0.60305035,0.6834479,1.0
