,AUD_AWFA,AWFA_p-e09,BIG_OWFA,SYL_mAWFA,VIS_IFG,VIS_VWFA
AUD_AWFA,1.0,0.8296068,0.3833438,0.5740071,0.57164603,0.34523222
AWFA_p-e09,0.8296068,1.0,0.25406528,0.57883966,0.43878064,0.2751866
BIG_OWFA,0.3833438,0.25406528,1.0,0.392115,0.11266782,0.40803474
SYL_mAWFA,0.5740071,0.57883966,0.392115,1.0,0.24115317,0.3926127
VIS_IFG,0.57164603,0.43878064,0.11266782,0.24115317,1.0,0.40531525
VIS_VWFA,0.34523222,0.2751866,0.40803474,0.3926127,0.40531525,1.0
