,AUD_AWFA,AWFA_p-e09,BIG_OWFA,SYL_mAWFA,VIS_IFG,VIS_VWFA
AUD_AWFA,1.0,0.9310081,0.36076352,0.65797234,0.47594985,0.45448312
AWFA_p-e09,0.9310081,1.0,0.3559624,0.6549195,0.46498644,0.4695297
BIG_OWFA,0.36076352,0.3559624,1.0,0.32139993,0.22583167,0.6301983
SYL_mAWFA,0.65797234,0.6549195,0.32139993,1.0,0.43817994,0.5982647
VIS_IFG,0.47594985,0.46498644,0.22583167,0.43817994,1.0,0.49693984
VIS_VWFA,0.45448312,0.4695297,0.6301983,0.5982647,0.49693984,1.0
