,AUD_AWFA,BIG_OWFA,SYL_mAWFA,VIS_IFG,VIS_VWFA
AUD_AWFA,1.0,0.4646774,0.64830524,0.66425276,0.33992216
BIG_OWFA,0.4646774,1.0,0.40372556,0.38563856,0.54157275
SYL_mAWFA,0.64830524,0.40372556,1.0,0.57321393,0.3620775
VIS_IFG,0.66425276,0.38563856,0.57321393,1.0,0.48583224
VIS_VWFA,0.33992216,0.54157275,0.3620775,0.48583224,1.0
