,AUD_AWFA,AWFA_p-e09,BIG_OWFA,SYL_mAWFA,VIS_IFG,VIS_VWFA,mAWFA_p-e09
AUD_AWFA,1.0,0.90793824,0.11848112,0.28129736,0.44768846,0.100705646,0.26308715
AWFA_p-e09,0.90793824,1.0,0.062401515,0.29462153,0.4863708,0.105540484,0.27484652
BIG_OWFA,0.11848112,0.062401515,1.0,0.5950217,0.14694032,0.46857446,0.56376106
SYL_mAWFA,0.28129736,0.29462153,0.5950217,1.0,0.38008654,0.52898693,0.8570592
VIS_IFG,0.44768846,0.4863708,0.14694032,0.38008654,1.0,0.5499884,0.40966162
VIS_VWFA,0.100705646,0.105540484,0.46857446,0.52898693,0.5499884,1.0,0.5073978
mAWFA_p-e09,0.26308715,0.27484652,0.56376106,0.8570592,0.40966162,0.5073978,1.0
