,AUD_AWFA,AWFA_p-e09,BIG_OWFA,SYL_mAWFA,VIS_IFG,VIS_VWFA,mAWFA_p-e09
AUD_AWFA,1.0,0.91361696,0.07791178,0.45411187,0.6378811,0.38162047,0.475447
AWFA_p-e09,0.91361696,1.0,0.05063089,0.4379595,0.63313913,0.40395862,0.44557852
BIG_OWFA,0.07791178,0.05063089,1.0,-0.24317424,0.0790895,0.40204895,-0.2868046
SYL_mAWFA,0.45411187,0.4379595,-0.24317424,1.0,0.30382884,0.019886022,0.9331233
VIS_IFG,0.6378811,0.63313913,0.0790895,0.30382884,1.0,0.5017842,0.31093016
VIS_VWFA,0.38162047,0.40395862,0.40204895,0.019886022,0.5017842,1.0,0.07655208
mAWFA_p-e09,0.475447,0.44557852,-0.2868046,0.9331233,0.31093016,0.07655208,1.0
