,AUD_AWFA,AWFA_p-e09,BIG_OWFA,SYL_mAWFA,VIS_IFG,VIS_VWFA,mAWFA_p-e09
AUD_AWFA,1.0,0.9185562,0.58124787,0.8898988,0.6726222,0.63099146,0.8238922
AWFA_p-e09,0.9185562,1.0,0.53705347,0.81308115,0.63147694,0.5984234,0.76094514
BIG_OWFA,0.58124787,0.53705347,1.0,0.60704947,0.6467677,0.68836266,0.58958703
SYL_mAWFA,0.8898988,0.81308115,0.60704947,1.0,0.74905443,0.67402744,0.94855493
VIS_IFG,0.6726222,0.63147694,0.6467677,0.74905443,1.0,0.75928336,0.71898687
VIS_VWFA,0.63099146,0.5984234,0.68836266,0.67402744,0.75928336,1.0,0.65531486
mAWFA_p-e09,0.8238922,0.76094514,0.58958703,0.94855493,0.71898687,0.65531486,1.0
