,AUD_AWFA,AWFA_p-e09,BIG_OWFA,SYL_mAWFA,VIS_IFG,VIS_VWFA
AUD_AWFA,1.0,0.9184343,0.31569633,0.64167994,0.5303533,0.42626482
AWFA_p-e09,0.9184343,1.0,0.28568006,0.5889853,0.50563556,0.38545316
BIG_OWFA,0.31569633,0.28568006,1.0,0.36440042,0.29263154,0.5036772
SYL_mAWFA,0.64167994,0.5889853,0.36440042,1.0,0.6333752,0.67960113
VIS_IFG,0.5303533,0.50563556,0.29263154,0.6333752,1.0,0.52945346
VIS_VWFA,0.42626482,0.38545316,0.5036772,0.67960113,0.52945346,1.0
