,AUD_AWFA,AWFA_p-e09,BIG_OWFA,SYL_mAWFA,VIS_IFG,VIS_VWFA
AUD_AWFA,1.0,0.826068,0.28908145,0.49777374,0.28772202,0.14733256
AWFA_p-e09,0.826068,1.0,0.27572873,0.42999956,0.28860053,0.16961735
BIG_OWFA,0.28908145,0.27572873,1.0,0.36214924,0.16446449,0.23714745
SYL_mAWFA,0.49777374,0.42999956,0.36214924,1.0,0.46237114,0.43839648
VIS_IFG,0.28772202,0.28860053,0.16446449,0.46237114,1.0,0.6017967
VIS_VWFA,0.14733256,0.16961735,0.23714745,0.43839648,0.6017967,1.0
