,AUD_AWFA,AWFA_p-e09,BIG_OWFA,SYL_mAWFA,VIS_IFG,VIS_VWFA,mAWFA_p-e09
AUD_AWFA,1.0,0.85407597,0.08333218,0.32245263,0.2985172,0.15875737,0.37379587
AWFA_p-e09,0.85407597,1.0,0.049352277,0.46949953,0.2272291,0.13377227,0.49335274
BIG_OWFA,0.08333218,0.049352277,1.0,-0.24829331,0.35128954,0.55361193,-0.25836575
SYL_mAWFA,0.32245263,0.46949953,-0.24829331,1.0,0.055161774,-0.09238912,0.9386448
VIS_IFG,0.2985172,0.2272291,0.35128954,0.055161774,1.0,0.47479635,0.019546054
VIS_VWFA,0.15875737,0.13377227,0.55361193,-0.09238912,0.47479635,1.0,-0.13900273
mAWFA_p-e09,0.37379587,0.49335274,-0.25836575,0.9386448,0.019546054,-0.13900273,1.0
