,AUD_AWFA,AWFA_p-e09,BIG_OWFA,SYL_mAWFA,VIS_IFG,VIS_VWFA,mAWFA_p-e09
AUD_AWFA,1.0,0.9338939,0.28410015,0.36758348,0.46680984,0.47112387,0.38695017
AWFA_p-e09,0.9338939,1.0,0.26483265,0.3208273,0.42361176,0.4501671,0.31802753
BIG_OWFA,0.28410015,0.26483265,1.0,0.22462516,0.18640156,0.47862282,0.24085018
SYL_mAWFA,0.36758348,0.3208273,0.22462516,1.0,0.31487536,0.30767816,0.7965486
VIS_IFG,0.46680984,0.42361176,0.18640156,0.31487536,1.0,0.54029495,0.31942198
VIS_VWFA,0.47112387,0.4501671,0.47862282,0.30767816,0.54029495,1.0,0.29321635
mAWFA_p-e09,0.38695017,0.31802753,0.24085018,0.7965486,0.31942198,0.29321635,1.0
