,AUD_AWFA,AWFA_p-e09,BIG_OWFA,SYL_mAWFA,VIS_IFG,VIS_VWFA
AUD_AWFA,1.0,0.89003986,0.19480091,0.685105,0.57917726,0.30573162
AWFA_p-e09,0.89003986,1.0,0.12260033,0.6064662,0.48106244,0.25749874
BIG_OWFA,0.19480091,0.12260033,1.0,0.028057221,0.23360701,0.6600313
SYL_mAWFA,0.685105,0.6064662,0.028057221,1.0,0.6906241,0.196248
VIS_IFG,0.57917726,0.48106244,0.23360701,0.6906241,1.0,0.36038983
VIS_VWFA,0.30573162,0.25749874,0.6600313,0.196248,0.36038983,1.0
