,cluster_1,cluster_2,cluster_3,cluster_4,cluster_5,cluster_6,cluster_7
cluster_1,1.0,0.3341047,0.48821732,0.55424213,0.4749125,0.516105,0.5143678
cluster_2,0.3341047,1.0,0.40782687,0.5356149,0.08700736,-0.0966873,0.2745308
cluster_3,0.48821732,0.40782687,1.0,0.4657019,0.3529662,0.12760785,0.4944909
cluster_4,0.55424213,0.5356149,0.4657019,1.0,0.13229199,0.031359978,0.32498735
cluster_5,0.4749125,0.08700736,0.3529662,0.13229199,1.0,0.45081347,0.21963523
cluster_6,0.516105,-0.0966873,0.12760785,0.031359978,0.45081347,1.0,0.2585916
cluster_7,0.5143678,0.2745308,0.4944909,0.32498735,0.21963523,0.2585916,1.0
