,AUD_AWFA,BIG_OWFA,SYL_mAWFA,VIS_IFG,VIS_VWFA
AUD_AWFA,1.0,0.18029726,0.38556904,0.5711202,0.22160417
BIG_OWFA,0.18029726,1.0,0.18730688,0.17453904,0.34400815
SYL_mAWFA,0.38556904,0.18730688,1.0,0.3310508,0.052875582
VIS_IFG,0.5711202,0.17453904,0.3310508,1.0,0.37821737
VIS_VWFA,0.22160417,0.34400815,0.052875582,0.37821737,1.0
