,AUD_AWFA,AWFA_p-e09,BIG_OWFA,SYL_mAWFA,VIS_IFG,VIS_VWFA,mAWFA_p-e09
AUD_AWFA,1.0,0.8593915,0.3300382,0.6628218,0.24188463,0.38716784,0.6198045
AWFA_p-e09,0.8593915,1.0,0.29570144,0.6057043,0.33099195,0.32254454,0.5610708
BIG_OWFA,0.3300382,0.29570144,1.0,0.45938662,0.31616762,0.41264594,0.44838968
SYL_mAWFA,0.6628218,0.6057043,0.45938662,1.0,0.39536694,0.5126336,0.90102255
VIS_IFG,0.24188463,0.33099195,0.31616762,0.39536694,1.0,0.13875037,0.36251944
VIS_VWFA,0.38716784,0.32254454,0.41264594,0.5126336,0.13875037,1.0,0.5040568
mAWFA_p-e09,0.6198045,0.5610708,0.44838968,0.90102255,0.36251944,0.5040568,1.0
