,AUD_AWFA,AWFA_p-e09,BIG_OWFA,SYL_mAWFA,VIS_IFG,VIS_VWFA,mAWFA_p-e09
AUD_AWFA,1.0,0.8499253734934448,0.309456481921443,0.5808734451214229,0.4385797472024925,0.31383388640936455,0.5082301839995282
AWFA_p-e09,0.8499253734934448,1.0,0.24226417162336294,0.506112510960109,0.3869741262156655,0.2798253388211878,0.4333291876555782
BIG_OWFA,0.309456481921443,0.24226417162336294,1.0,0.40121674794973594,0.2328100472749556,0.3874609195502418,0.3340057443803462
SYL_mAWFA,0.5808734451214229,0.506112510960109,0.40121674794973594,1.0,0.4436690221485531,0.4228008764916803,0.8587126054736943
VIS_IFG,0.4385797472024925,0.3869741262156655,0.2328100472749556,0.4436690221485531,1.0,0.4376271571648173,0.3638888579711457
VIS_VWFA,0.31383388640936455,0.2798253388211878,0.3874609195502418,0.4228008764916803,0.4376271571648173,1.0,0.3591042908480342
mAWFA_p-e09,0.5082301839995282,0.4333291876555782,0.3340057443803462,0.8587126054736943,0.3638888579711457,0.3591042908480342,1.0
