,AUD_AWFA,AWFA_p-e09,BIG_OWFA,SYL_mAWFA,VIS_IFG,VIS_VWFA
AUD_AWFA,1.0,0.888484,0.53229755,0.7524218,0.6923781,0.5531187
AWFA_p-e09,0.888484,1.0,0.5038776,0.7325787,0.6388621,0.5570593
BIG_OWFA,0.53229755,0.5038776,1.0,0.47825038,0.403527,0.6740476
SYL_mAWFA,0.7524218,0.7325787,0.47825038,1.0,0.64193416,0.55378
VIS_IFG,0.6923781,0.6388621,0.403527,0.64193416,1.0,0.64996874
VIS_VWFA,0.5531187,0.5570593,0.6740476,0.55378,0.64996874,1.0
