,AUD_AWFA,AWFA_p-e09,BIG_OWFA,SYL_mAWFA,VIS_IFG,VIS_VWFA
AUD_AWFA,1.0,0.9078055,0.23403385,0.3417484,0.5910226,0.2089556
AWFA_p-e09,0.9078055,1.0,0.17888238,0.3908315,0.63780046,0.22003992
BIG_OWFA,0.23403385,0.17888238,1.0,-0.18444212,0.12324508,0.45902556
SYL_mAWFA,0.3417484,0.3908315,-0.18444212,1.0,0.43701997,-0.11504605
VIS_IFG,0.5910226,0.63780046,0.12324508,0.43701997,1.0,0.34546643
VIS_VWFA,0.2089556,0.22003992,0.45902556,-0.11504605,0.34546643,1.0
