,AUD_AWFA,BIG_OWFA,SYL_mAWFA,VIS_IFG,VIS_VWFA
AUD_AWFA,1.0,0.06572084,0.44152477,0.57485855,0.19347149
BIG_OWFA,0.06572084,1.0,-0.23158123,0.1676296,0.53747094
SYL_mAWFA,0.44152477,-0.23158123,1.0,0.43706945,-0.14884226
VIS_IFG,0.57485855,0.1676296,0.43706945,1.0,0.28973433
VIS_VWFA,0.19347149,0.53747094,-0.14884226,0.28973433,1.0
