,AUD_AWFA,BIG_OWFA,SYL_mAWFA,VIS_IFG,VIS_VWFA
AUD_AWFA,1.0,0.40225464,0.7497514,0.5990467,0.5928803
BIG_OWFA,0.40225464,1.0,0.4613958,0.38729647,0.66074884
SYL_mAWFA,0.7497514,0.4613958,1.0,0.59809357,0.63337815
VIS_IFG,0.5990467,0.38729647,0.59809357,1.0,0.56129616
VIS_VWFA,0.5928803,0.66074884,0.63337815,0.56129616,1.0
