,AUD_AWFA,BIG_OWFA,SYL_mAWFA,VIS_IFG,VIS_VWFA
AUD_AWFA,1.0,0.049115468,0.5566982,0.550105,0.22836813
BIG_OWFA,0.049115468,1.0,-0.21844824,0.32898778,0.54211795
SYL_mAWFA,0.5566982,-0.21844824,1.0,0.35204464,0.1093838
VIS_IFG,0.550105,0.32898778,0.35204464,1.0,0.49048582
VIS_VWFA,0.22836813,0.54211795,0.1093838,0.49048582,1.0
