,cluster_1,cluster_2,cluster_3,cluster_4,cluster_5,cluster_6,cluster_7
cluster_1,1.0,0.56496733,0.5920705,0.33625743,0.38538125,0.11558616,0.5664422
cluster_2,0.56496733,1.0,0.462754,0.27193767,0.265924,0.06294939,0.28482363
cluster_3,0.5920705,0.462754,1.0,0.0688766,0.28747162,-0.06686658,0.44787532
cluster_4,0.33625743,0.27193767,0.0688766,1.0,0.16307223,-0.10722748,0.11970828
cluster_5,0.38538125,0.265924,0.28747162,0.16307223,1.0,0.17230624,0.099784054
cluster_6,0.11558616,0.06294939,-0.06686658,-0.10722748,0.17230624,1.0,0.06062375
cluster_7,0.5664422,0.28482363,0.44787532,0.11970828,0.099784054,0.06062375,1.0
