,cluster_1,cluster_2,cluster_3,cluster_4,cluster_5,cluster_6,cluster_7
cluster_1,1.0,0.39647797,0.54127264,0.6016632,0.34965834,0.5919811,0.68258274
cluster_2,0.39647797,1.0,0.27053913,0.49420455,0.35245162,-0.0034310848,0.20409386
cluster_3,0.54127264,0.27053913,1.0,0.29943472,0.30279317,0.5200594,0.34622562
cluster_4,0.6016632,0.49420455,0.29943472,1.0,0.2259651,0.19522925,0.41190714
cluster_5,0.34965834,0.35245162,0.30279317,0.2259651,1.0,0.22221585,0.16146564
cluster_6,0.5919811,-0.0034310848,0.5200594,0.19522925,0.22221585,1.0,0.45625508
cluster_7,0.68258274,0.20409386,0.34622562,0.41190714,0.16146564,0.45625508,1.0
