,AUD_AWFA,AWFA_p-e09,BIG_OWFA,SYL_mAWFA,VIS_IFG,VIS_VWFA
AUD_AWFA,1.0,0.929598,0.102085486,0.46124202,0.1717267,0.2217864
AWFA_p-e09,0.929598,1.0,0.051688064,0.43523958,0.22423294,0.2142791
BIG_OWFA,0.102085486,0.051688064,1.0,-0.14334273,0.24051276,0.6006029
SYL_mAWFA,0.46124202,0.43523958,-0.14334273,1.0,0.18644074,0.063878365
VIS_IFG,0.1717267,0.22423294,0.24051276,0.18644074,1.0,0.63509333
VIS_VWFA,0.2217864,0.2142791,0.6006029,0.063878365,0.63509333,1.0
