,AUD_AWFA,AWFA_p-e09,BIG_OWFA,SYL_mAWFA,VIS_IFG,VIS_VWFA,mAWFA_p-e09
AUD_AWFA,1.0,0.8310977,0.3132986,0.4855682,0.35906714,0.479314,0.4358857
AWFA_p-e09,0.8310977,1.0,0.15233389,0.38021412,0.27554885,0.37111723,0.303165
BIG_OWFA,0.3132986,0.15233389,1.0,0.2875531,0.21234412,0.58179736,0.23768954
SYL_mAWFA,0.4855682,0.38021412,0.2875531,1.0,0.5883756,0.50227773,0.9064655
VIS_IFG,0.35906714,0.27554885,0.21234412,0.5883756,1.0,0.3394325,0.52888
VIS_VWFA,0.479314,0.37111723,0.58179736,0.50227773,0.3394325,1.0,0.43295085
mAWFA_p-e09,0.4358857,0.303165,0.23768954,0.9064655,0.52888,0.43295085,1.0
