,AUD_AWFA,AWFA_p-e09,BIG_OWFA,SYL_mAWFA,VIS_IFG,VIS_VWFA,mAWFA_p-e09
AUD_AWFA,1.0,0.9418505,0.049405772,0.5599886,0.55335647,0.22971794,0.43530157
AWFA_p-e09,0.9418505,1.0,0.056085005,0.49313286,0.5291626,0.2174672,0.36815926
BIG_OWFA,0.049405772,0.056085005,1.0,-0.21973939,0.33093232,0.54532224,-0.31618768
SYL_mAWFA,0.5599886,0.49313286,-0.21973939,1.0,0.35412544,0.11003032,0.9419778
VIS_IFG,0.55335647,0.5291626,0.33093232,0.35412544,1.0,0.49338493,0.22579542
VIS_VWFA,0.22971794,0.2174672,0.54532224,0.11003032,0.49338493,1.0,-0.0048613804
mAWFA_p-e09,0.43530157,0.36815926,-0.31618768,0.9419778,0.22579542,-0.0048613804,1.0
