,AUD_AWFA,AWFA_p-e09,BIG_OWFA,SYL_mAWFA,VIS_IFG,VIS_VWFA,mAWFA_p-e09
AUD_AWFA,1.0,0.75977063,0.089173384,0.65108454,0.61819774,0.43802765,0.3768832
AWFA_p-e09,0.75977063,1.0,-0.03988682,0.41375294,0.2691944,0.34987247,0.28601104
BIG_OWFA,0.089173384,-0.03988682,1.0,0.26040745,0.16129188,0.26568857,0.1530853
SYL_mAWFA,0.65108454,0.41375294,0.26040745,1.0,0.5698106,0.47192937,0.7116383
VIS_IFG,0.61819774,0.2691944,0.16129188,0.5698106,1.0,0.3448321,0.29186767
VIS_VWFA,0.43802765,0.34987247,0.26568857,0.47192937,0.3448321,1.0,0.24865675
mAWFA_p-e09,0.3768832,0.28601104,0.1530853,0.7116383,0.29186767,0.24865675,1.0
