,AUD_AWFA,AWFA_p-e09,BIG_OWFA,SYL_mAWFA,VIS_IFG,VIS_VWFA
AUD_AWFA,1.0,0.86295056,0.39871493,0.68976,0.24014826,0.33176598
AWFA_p-e09,0.86295056,1.0,0.34760037,0.6621361,0.21419996,0.34904882
BIG_OWFA,0.39871493,0.34760037,1.0,0.50339234,0.2245661,0.37206066
SYL_mAWFA,0.68976,0.6621361,0.50339234,1.0,0.28744704,0.4162202
VIS_IFG,0.24014826,0.21419996,0.2245661,0.28744704,1.0,0.43229082
VIS_VWFA,0.33176598,0.34904882,0.37206066,0.4162202,0.43229082,1.0
