,AUD_AWFA,AWFA_p-e09,BIG_OWFA,SYL_mAWFA,VIS_IFG,VIS_VWFA
AUD_AWFA,1.0,0.799309,0.31209794,0.5226321,0.3389818,0.23364219
AWFA_p-e09,0.799309,1.0,0.21848473,0.38018924,0.29273742,0.120546654
BIG_OWFA,0.31209794,0.21848473,1.0,0.54723024,0.104715005,0.34401736
SYL_mAWFA,0.5226321,0.38018924,0.54723024,1.0,0.35814673,0.43071133
VIS_IFG,0.3389818,0.29273742,0.104715005,0.35814673,1.0,0.37981915
VIS_VWFA,0.23364219,0.120546654,0.34401736,0.43071133,0.37981915,1.0
