,AUD_AWFA,BIG_OWFA,SYL_mAWFA,VIS_IFG,VIS_VWFA
AUD_AWFA,1.0,0.20334353,0.58303654,0.5900556,0.5862204
BIG_OWFA,0.20334353,1.0,0.21699746,0.2213804,0.26342928
SYL_mAWFA,0.58303654,0.21699746,1.0,0.344609,0.58420604
VIS_IFG,0.5900556,0.2213804,0.344609,1.0,0.39831406
VIS_VWFA,0.5862204,0.26342928,0.58420604,0.39831406,1.0
