,AUD_AWFA,AWFA_p-e09,BIG_OWFA,SYL_mAWFA,VIS_IFG,VIS_VWFA
AUD_AWFA,1.0,0.874419,0.48772314,0.60624963,0.36003557,0.38804132
AWFA_p-e09,0.874419,1.0,0.45327684,0.53411406,0.339126,0.3010511
BIG_OWFA,0.48772314,0.45327684,1.0,0.654124,0.27713814,0.50520134
SYL_mAWFA,0.60624963,0.53411406,0.654124,1.0,0.49967912,0.6904461
VIS_IFG,0.36003557,0.339126,0.27713814,0.49967912,1.0,0.33769208
VIS_VWFA,0.38804132,0.3010511,0.50520134,0.6904461,0.33769208,1.0
