,AUD_AWFA,AWFA_p-e09,BIG_OWFA,SYL_mAWFA,VIS_IFG,VIS_VWFA,mAWFA_p-e09
AUD_AWFA,1.0,0.838425,0.24974777,0.67949855,0.6283408,0.42827135,0.61646265
AWFA_p-e09,0.838425,1.0,0.23859037,0.5756589,0.5669821,0.38937396,0.46878442
BIG_OWFA,0.24974777,0.23859037,1.0,0.29468352,0.30232394,0.47533038,0.20309347
SYL_mAWFA,0.67949855,0.5756589,0.29468352,1.0,0.6815872,0.5088271,0.84482706
VIS_IFG,0.6283408,0.5669821,0.30232394,0.6815872,1.0,0.44287485,0.6059334
VIS_VWFA,0.42827135,0.38937396,0.47533038,0.5088271,0.44287485,1.0,0.4393471
mAWFA_p-e09,0.61646265,0.46878442,0.20309347,0.84482706,0.6059334,0.4393471,1.0
