,AUD_AWFA,BIG_OWFA,SYL_mAWFA,VIS_IFG,VIS_VWFA
AUD_AWFA,1.0,0.30943882,0.5987574,0.33243603,0.50700665
BIG_OWFA,0.30943882,1.0,0.49407053,0.4523766,0.588938
SYL_mAWFA,0.5987574,0.49407053,1.0,0.61296433,0.72272325
VIS_IFG,0.33243603,0.4523766,0.61296433,1.0,0.5821693
VIS_VWFA,0.50700665,0.588938,0.72272325,0.5821693,1.0
