,AUD_AWFA,AWFA_p-e09,BIG_OWFA,SYL_mAWFA,VIS_IFG,VIS_VWFA
AUD_AWFA,1.0,0.9498682,0.29074413,0.7616998,0.6865755,0.72140133
AWFA_p-e09,0.9498682,1.0,0.26379722,0.76630676,0.6875023,0.7214346
BIG_OWFA,0.29074413,0.26379722,1.0,0.13408412,0.2503183,0.34464717
SYL_mAWFA,0.7616998,0.76630676,0.13408412,1.0,0.6393054,0.7318801
VIS_IFG,0.6865755,0.6875023,0.2503183,0.6393054,1.0,0.72865313
VIS_VWFA,0.72140133,0.7214346,0.34464717,0.7318801,0.72865313,1.0
