,AUD_AWFA,BIG_OWFA,SYL_mAWFA,VIS_IFG,VIS_VWFA
AUD_AWFA,1.0,0.25988245,0.24297634,0.545559,0.34567133
BIG_OWFA,0.25988245,1.0,-0.30455396,0.42595527,0.5173108
SYL_mAWFA,0.24297634,-0.30455396,1.0,0.07274213,-0.2784353
VIS_IFG,0.545559,0.42595527,0.07274213,1.0,0.5332011
VIS_VWFA,0.34567133,0.5173108,-0.2784353,0.5332011,1.0
