,AUD_AWFA,AWFA_p-e09,BIG_OWFA,SYL_mAWFA,VIS_IFG,VIS_VWFA
AUD_AWFA,1.0,0.8759915,0.12327206,0.3179889,0.4599405,-0.017590776
AWFA_p-e09,0.8759915,1.0,0.08957239,0.35603246,0.44303393,-0.009891914
BIG_OWFA,0.12327206,0.08957239,1.0,-0.011591075,0.0851983,0.30651623
SYL_mAWFA,0.3179889,0.35603246,-0.011591075,1.0,0.21760252,0.013080243
VIS_IFG,0.4599405,0.44303393,0.0851983,0.21760252,1.0,0.36337107
VIS_VWFA,-0.017590776,-0.009891914,0.30651623,0.013080243,0.36337107,1.0
