,AUD_AWFA,AWFA_p-e09,BIG_OWFA,SYL_mAWFA,VIS_IFG,VIS_VWFA
AUD_AWFA,1.0,0.89024305,0.07561109,0.6815882,0.34793356,0.29605946
AWFA_p-e09,0.89024305,1.0,0.037976667,0.6212397,0.3231244,0.22058953
BIG_OWFA,0.07561109,0.037976667,1.0,0.04839817,0.114354946,0.5443748
SYL_mAWFA,0.6815882,0.6212397,0.04839817,1.0,0.5210296,0.3535397
VIS_IFG,0.34793356,0.3231244,0.114354946,0.5210296,1.0,0.4389925
VIS_VWFA,0.29605946,0.22058953,0.5443748,0.3535397,0.4389925,1.0
