,AUD_AWFA,BIG_OWFA,SYL_mAWFA,VIS_IFG,VIS_VWFA
AUD_AWFA,1.0,0.31059805,0.84276426,0.58440095,0.7299814
BIG_OWFA,0.31059805,1.0,0.3281886,0.3100405,0.37879238
SYL_mAWFA,0.84276426,0.3281886,1.0,0.5063122,0.71339566
VIS_IFG,0.58440095,0.3100405,0.5063122,1.0,0.684771
VIS_VWFA,0.7299814,0.37879238,0.71339566,0.684771,1.0
