,cluster_1,cluster_2,cluster_3,cluster_4,cluster_5,cluster_6,cluster_7
cluster_1,1.0,0.5601202,0.681645,0.43375388,0.2146194,0.32128507,0.5828863
cluster_2,0.5601202,1.0,0.52009714,0.5651301,0.19126187,0.29163668,0.51417583
cluster_3,0.681645,0.52009714,1.0,0.4061426,0.18735549,0.3091403,0.48531634
cluster_4,0.43375388,0.5651301,0.4061426,1.0,0.23900382,0.26122597,0.40885141
cluster_5,0.2146194,0.19126187,0.18735549,0.23900382,1.0,0.030683307,0.25009876
cluster_6,0.32128507,0.29163668,0.3091403,0.26122597,0.030683307,1.0,0.1378968
cluster_7,0.5828863,0.51417583,0.48531634,0.40885141,0.25009876,0.1378968,1.0
