,AUD_AWFA,BIG_OWFA,SYL_mAWFA,VIS_IFG,VIS_VWFA
AUD_AWFA,1.0,0.075935066,0.38412622,0.20101078,0.109703004
BIG_OWFA,0.075935066,1.0,-0.08881489,0.06933758,0.5923183
SYL_mAWFA,0.38412622,-0.08881489,1.0,0.20026833,0.19863772
VIS_IFG,0.20101078,0.06933758,0.20026833,1.0,0.35882655
VIS_VWFA,0.109703004,0.5923183,0.19863772,0.35882655,1.0
