,cluster_1,cluster_2,cluster_3,cluster_4,cluster_5,cluster_6,cluster_7
cluster_1,1.0,0.6547121,0.5327354,0.573879,0.3062603,0.23526947,0.44597927
cluster_2,0.6547121,1.0,0.5834105,0.42278326,0.27337307,0.32168642,0.5136461
cluster_3,0.5327354,0.5834105,1.0,0.3068067,0.16743574,0.2172047,0.38390344
cluster_4,0.573879,0.42278326,0.3068067,1.0,0.08357798,0.11376614,0.27470773
cluster_5,0.3062603,0.27337307,0.16743574,0.08357798,1.0,-0.020500567,0.18493646
cluster_6,0.23526947,0.32168642,0.2172047,0.11376614,-0.020500567,1.0,0.32400715
cluster_7,0.44597927,0.5136461,0.38390344,0.27470773,0.18493646,0.32400715,1.0
