,AUD_AWFA,AWFA_p-e09,BIG_OWFA,SYL_mAWFA,VIS_IFG,VIS_VWFA,mAWFA_p-e09
AUD_AWFA,1.0,0.84128296,-0.051440146,0.52914494,0.45752865,0.019526936,0.3988832
AWFA_p-e09,0.84128296,1.0,-0.07613036,0.47430295,0.32958034,0.002439472,0.35541782
BIG_OWFA,-0.051440146,-0.07613036,1.0,0.19297975,0.097151905,0.10563027,0.15890001
SYL_mAWFA,0.52914494,0.47430295,0.19297975,1.0,0.46171817,0.21171501,0.7820656
VIS_IFG,0.45752865,0.32958034,0.097151905,0.46171817,1.0,0.06593957,0.2732394
VIS_VWFA,0.019526936,0.002439472,0.10563027,0.21171501,0.06593957,1.0,0.18080367
mAWFA_p-e09,0.3988832,0.35541782,0.15890001,0.7820656,0.2732394,0.18080367,1.0
