,AUD_AWFA,AWFA_p-e09,BIG_OWFA,SYL_mAWFA,VIS_IFG,VIS_VWFA,mAWFA_p-e09
AUD_AWFA,1.0,0.7440435,0.3866792,0.49694586,0.41225973,0.39671198,0.44040322
AWFA_p-e09,0.7440435,1.0,0.24589273,0.32561466,0.12589389,0.20000848,0.28331217
BIG_OWFA,0.3866792,0.24589273,1.0,0.5034797,0.2086934,0.5242779,0.42300454
SYL_mAWFA,0.49694586,0.32561466,0.5034797,1.0,0.44286984,0.5410008,0.8541381
VIS_IFG,0.41225973,0.12589389,0.2086934,0.44286984,1.0,0.17962763,0.37247032
VIS_VWFA,0.39671198,0.20000848,0.5242779,0.5410008,0.17962763,1.0,0.41690716
mAWFA_p-e09,0.44040322,0.28331217,0.42300454,0.8541381,0.37247032,0.41690716,1.0
