,cluster_1,cluster_2,cluster_3,cluster_4,cluster_5,cluster_6,cluster_7
cluster_1,1.0,0.06526813,0.49466947,0.39665166,0.07895465,0.4803125,0.4167263
cluster_2,0.06526813,1.0,-0.103852555,0.39481556,0.12687252,-0.052115314,0.11931232
cluster_3,0.49466947,-0.103852555,1.0,0.1481843,0.16559309,0.16956978,0.27093545
cluster_4,0.39665166,0.39481556,0.1481843,1.0,0.16978711,0.1912756,0.4063896
cluster_5,0.07895465,0.12687252,0.16559309,0.16978711,1.0,-0.1477955,-0.017955665
cluster_6,0.4803125,-0.052115314,0.16956978,0.1912756,-0.1477955,1.0,0.16837071
cluster_7,0.4167263,0.11931232,0.27093545,0.4063896,-0.017955665,0.16837071,1.0
