,cluster_1,cluster_2,cluster_3,cluster_4,cluster_5,cluster_6,cluster_7
cluster_1,1.0,0.44142762,0.58828825,0.49616048,0.38828138,0.3788846,0.5844382
cluster_2,0.44142762,1.0,0.28515664,0.55752856,0.23109107,0.124884166,0.46272424
cluster_3,0.58828825,0.28515664,1.0,0.45306247,0.25934806,0.5530669,0.29902348
cluster_4,0.49616048,0.55752856,0.45306247,1.0,0.2081867,0.2809861,0.31030965
cluster_5,0.38828138,0.23109107,0.25934806,0.2081867,1.0,0.06272395,0.18632196
cluster_6,0.3788846,0.124884166,0.5530669,0.2809861,0.06272395,1.0,0.24049047
cluster_7,0.5844382,0.46272424,0.29902348,0.31030965,0.18632196,0.24049047,1.0
