,AUD_AWFA,BIG_OWFA,SYL_mAWFA,VIS_IFG,VIS_VWFA
AUD_AWFA,1.0,0.3833219,0.50431156,0.6388829,0.61496305
BIG_OWFA,0.3833219,1.0,0.47312582,0.32500616,0.62995136
SYL_mAWFA,0.50431156,0.47312582,1.0,0.41746935,0.629225
VIS_IFG,0.6388829,0.32500616,0.41746935,1.0,0.6214452
VIS_VWFA,0.61496305,0.62995136,0.629225,0.6214452,1.0
