,cluster_1,cluster_2,cluster_3,cluster_4,cluster_5,cluster_6,cluster_7
cluster_1,1.0,0.3840607,0.22056906,0.41418642,0.08347769,0.34351933,0.5879944
cluster_2,0.3840607,1.0,0.32995838,0.41997433,0.22363465,0.1179618,0.33554465
cluster_3,0.22056906,0.32995838,1.0,0.17023602,0.1859547,0.05264055,0.120307595
cluster_4,0.41418642,0.41997433,0.17023602,1.0,0.16290057,0.057458393,0.41700643
cluster_5,0.08347769,0.22363465,0.1859547,0.16290057,1.0,-0.0020438442,0.221762
cluster_6,0.34351933,0.1179618,0.05264055,0.057458393,-0.0020438442,1.0,0.08104806
cluster_7,0.5879944,0.33554465,0.120307595,0.41700643,0.221762,0.08104806,1.0
