,cluster_1,cluster_2,cluster_3,cluster_4,cluster_5,cluster_6,cluster_7
cluster_1,1.0,0.5654199,0.50641227,0.42999357,0.36476883,0.39976415,0.7495538
cluster_2,0.5654199,1.0,0.5949939,0.344913,0.5090815,0.09780054,0.51350594
cluster_3,0.50641227,0.5949939,1.0,0.1423165,0.522398,0.12888128,0.5895407
cluster_4,0.42999357,0.344913,0.1423165,1.0,0.17565651,0.14397708,0.29211393
cluster_5,0.36476883,0.5090815,0.522398,0.17565651,1.0,0.1166453,0.5321608
cluster_6,0.39976415,0.09780054,0.12888128,0.14397708,0.1166453,1.0,0.3411705
cluster_7,0.7495538,0.51350594,0.5895407,0.29211393,0.5321608,0.3411705,1.0
