,cluster_1,cluster_2,cluster_3,cluster_4,cluster_5,cluster_6,cluster_7
cluster_1,1.0,0.19153993,0.536449,0.43634287,0.08046973,0.57326436,0.5015385
cluster_2,0.19153993,1.0,0.56409377,0.07683387,0.37656438,0.11305301,0.13039574
cluster_3,0.536449,0.56409377,1.0,0.2564932,0.34497744,0.37630376,0.2251302
cluster_4,0.43634287,0.07683387,0.2564932,1.0,0.029439531,0.23028822,0.36921698
cluster_5,0.08046973,0.37656438,0.34497744,0.029439531,1.0,0.11460912,0.037009902
cluster_6,0.57326436,0.11305301,0.37630376,0.23028822,0.11460912,1.0,0.29565275
cluster_7,0.5015385,0.13039574,0.2251302,0.36921698,0.037009902,0.29565275,1.0
