,AUD_AWFA,AWFA_p-e09,BIG_OWFA,SYL_mAWFA,VIS_IFG,VIS_VWFA,mAWFA_p-e09
AUD_AWFA,1.0,0.9041609,0.19097263,0.52660036,0.47364855,0.2002317,0.3981678
AWFA_p-e09,0.9041609,1.0,0.11085932,0.46895713,0.42600662,0.101986535,0.32611287
BIG_OWFA,0.19097263,0.11085932,1.0,0.4523751,0.109603286,0.4156482,0.35212824
SYL_mAWFA,0.52660036,0.46895713,0.4523751,1.0,0.28837478,0.42477858,0.82528114
VIS_IFG,0.47364855,0.42600662,0.109603286,0.28837478,1.0,0.334763,0.1107641
VIS_VWFA,0.2002317,0.101986535,0.4156482,0.42477858,0.334763,1.0,0.35123402
mAWFA_p-e09,0.3981678,0.32611287,0.35212824,0.82528114,0.1107641,0.35123402,1.0
