,AUD_AWFA,AWFA_p-e09,BIG_OWFA,SYL_mAWFA,VIS_IFG,VIS_VWFA
AUD_AWFA,1.0,0.93386006,0.19001286,0.67842245,0.5316229,0.4697926
AWFA_p-e09,0.93386006,1.0,0.18292172,0.57645154,0.51128817,0.4253729
BIG_OWFA,0.19001286,0.18292172,1.0,0.25208172,0.16894,0.34373298
SYL_mAWFA,0.67842245,0.57645154,0.25208172,1.0,0.6435588,0.68539745
VIS_IFG,0.5316229,0.51128817,0.16894,0.6435588,1.0,0.5878325
VIS_VWFA,0.4697926,0.4253729,0.34373298,0.68539745,0.5878325,1.0
