,AUD_AWFA,BIG_OWFA,SYL_mAWFA,VIS_IFG,VIS_VWFA
AUD_AWFA,1.0,0.3076073,0.5729324,0.5593767,0.33488327
BIG_OWFA,0.3076073,1.0,-0.0898542,0.44000643,0.67770356
SYL_mAWFA,0.5729324,-0.0898542,1.0,0.3321687,-0.06272908
VIS_IFG,0.5593767,0.44000643,0.3321687,1.0,0.6313954
VIS_VWFA,0.33488327,0.67770356,-0.06272908,0.6313954,1.0
