,AUD_AWFA,AWFA_p-e09,BIG_OWFA,SYL_mAWFA,VIS_IFG,VIS_VWFA,mAWFA_p-e09
AUD_AWFA,1.0,0.81761956,0.2617142,0.6711105,0.44281137,0.33072188,0.6398746
AWFA_p-e09,0.81761956,1.0,0.13413891,0.6158616,0.38076425,0.20421149,0.56333697
BIG_OWFA,0.2617142,0.13413891,1.0,0.31783813,0.19058983,0.25366852,0.31172886
SYL_mAWFA,0.6711105,0.6158616,0.31783813,1.0,0.6096778,0.35641313,0.9398556
VIS_IFG,0.44281137,0.38076425,0.19058983,0.6096778,1.0,0.58388597,0.51881504
VIS_VWFA,0.33072188,0.20421149,0.25366852,0.35641313,0.58388597,1.0,0.27302393
mAWFA_p-e09,0.6398746,0.56333697,0.31172886,0.9398556,0.51881504,0.27302393,1.0
