,AUD_AWFA,AWFA_p-e09,BIG_OWFA,SYL_mAWFA,VIS_IFG,VIS_VWFA
AUD_AWFA,1.0,0.6927284,0.15931489,0.32422927,0.3662671,0.19655922
AWFA_p-e09,0.6927284,1.0,0.16006954,0.2653361,0.3605158,0.21094748
BIG_OWFA,0.15931489,0.16006954,1.0,0.35219043,0.040125374,0.057495914
SYL_mAWFA,0.32422927,0.2653361,0.35219043,1.0,0.07893606,0.15868594
VIS_IFG,0.3662671,0.3605158,0.040125374,0.07893606,1.0,0.30801186
VIS_VWFA,0.19655922,0.21094748,0.057495914,0.15868594,0.30801186,1.0
