,AUD_AWFA,AWFA_p-e09,BIG_OWFA,SYL_mAWFA,VIS_IFG,VIS_VWFA
AUD_AWFA,1.0,0.88187855,0.6676853,0.7471364,0.51959395,0.6897142
AWFA_p-e09,0.88187855,1.0,0.51010066,0.6346972,0.4914793,0.571682
BIG_OWFA,0.6676853,0.51010066,1.0,0.72245926,0.44573903,0.70741856
SYL_mAWFA,0.7471364,0.6346972,0.72245926,1.0,0.536962,0.757612
VIS_IFG,0.51959395,0.4914793,0.44573903,0.536962,1.0,0.5261727
VIS_VWFA,0.6897142,0.571682,0.70741856,0.757612,0.5261727,1.0
