,AUD_AWFA,AWFA_p-e09,BIG_OWFA,SYL_mAWFA,VIS_IFG,VIS_VWFA,mAWFA_p-e09
AUD_AWFA,1.0,0.8819003,0.026278075,0.47848153,0.32858634,0.070416614,0.48433575
AWFA_p-e09,0.8819003,1.0,-0.007125178,0.415848,0.25130838,0.018073382,0.42582008
BIG_OWFA,0.026278075,-0.007125178,1.0,-0.23263486,0.20751561,0.46737197,-0.26170382
SYL_mAWFA,0.47848153,0.415848,-0.23263486,1.0,0.16327105,-0.019023085,0.95236003
VIS_IFG,0.32858634,0.25130838,0.20751561,0.16327105,1.0,0.6379046,0.099966235
VIS_VWFA,0.070416614,0.018073382,0.46737197,-0.019023085,0.6379046,1.0,-0.07531787
mAWFA_p-e09,0.48433575,0.42582008,-0.26170382,0.95236003,0.099966235,-0.07531787,1.0
