,AUD_AWFA,AWFA_p-e09,BIG_OWFA,SYL_mAWFA,VIS_IFG,VIS_VWFA
AUD_AWFA,1.0,0.83699,0.01569353,0.31351537,0.2487852,-0.109468706
AWFA_p-e09,0.83699,1.0,0.07907632,0.26210237,0.21343094,-0.09959559
BIG_OWFA,0.01569353,0.07907632,1.0,0.10077012,-0.013413029,0.2648688
SYL_mAWFA,0.31351537,0.26210237,0.10077012,1.0,0.21531484,0.10510881
VIS_IFG,0.2487852,0.21343094,-0.013413029,0.21531484,1.0,0.16972078
VIS_VWFA,-0.109468706,-0.09959559,0.2648688,0.10510881,0.16972078,1.0
