,AUD_AWFA,AWFA_p-e09,BIG_OWFA,SYL_mAWFA,VIS_IFG,VIS_VWFA,mAWFA_p-e09
AUD_AWFA,1.0,0.8041196,-0.08494343,0.24720848,0.28818223,0.16641761,0.1402634
AWFA_p-e09,0.8041196,1.0,-0.08721182,0.2359673,0.27726108,0.26153365,0.120521516
BIG_OWFA,-0.08494343,-0.08721182,1.0,0.07038001,-0.10178293,0.20346037,0.06792338
SYL_mAWFA,0.24720848,0.2359673,0.07038001,1.0,0.38237852,0.4282146,0.7121841
VIS_IFG,0.28818223,0.27726108,-0.10178293,0.38237852,1.0,0.4652878,0.20548044
VIS_VWFA,0.16641761,0.26153365,0.20346037,0.4282146,0.4652878,1.0,0.3830345
mAWFA_p-e09,0.1402634,0.120521516,0.06792338,0.7121841,0.20548044,0.3830345,1.0
