,AUD_AWFA,AWFA_p-e09,BIG_OWFA,SYL_mAWFA,VIS_IFG,VIS_VWFA,mAWFA_p-e09
AUD_AWFA,1.0,0.91578,0.23995301,0.75351524,0.6089297,0.6742682,0.73926544
AWFA_p-e09,0.91578,1.0,0.2641831,0.76514626,0.6100537,0.6772375,0.74288446
BIG_OWFA,0.23995301,0.2641831,1.0,0.22722408,0.2425219,0.44731364,0.24236012
SYL_mAWFA,0.75351524,0.76514626,0.22722408,1.0,0.6146213,0.7452203,0.9357272
VIS_IFG,0.6089297,0.6100537,0.2425219,0.6146213,1.0,0.58398956,0.61631507
VIS_VWFA,0.6742682,0.6772375,0.44731364,0.7452203,0.58398956,1.0,0.70787424
mAWFA_p-e09,0.73926544,0.74288446,0.24236012,0.9357272,0.61631507,0.70787424,1.0
