,AUD_AWFA,AWFA_p-e09,BIG_OWFA,SYL_mAWFA,VIS_IFG,VIS_VWFA,mAWFA_p-e09
AUD_AWFA,1.0,0.84929085,0.05822042,0.31494135,0.1843484,0.27992654,0.28761032
AWFA_p-e09,0.84929085,1.0,0.03917516,0.18109323,0.15817775,0.20518014,0.1461555
BIG_OWFA,0.05822042,0.03917516,1.0,0.13842767,0.02334251,0.30056044,0.06567833
SYL_mAWFA,0.31494135,0.18109323,0.13842767,1.0,0.13604471,0.3029575,0.7313162
VIS_IFG,0.1843484,0.15817775,0.02334251,0.13604471,1.0,0.44973242,0.12109851
VIS_VWFA,0.27992654,0.20518014,0.30056044,0.3029575,0.44973242,1.0,0.16780621
mAWFA_p-e09,0.28761032,0.1461555,0.06567833,0.7313162,0.12109851,0.16780621,1.0
