,AUD_AWFA,BIG_OWFA,SYL_mAWFA,VIS_IFG,VIS_VWFA
AUD_AWFA,1.0,0.07545495,0.68018055,0.347215,0.29544804
BIG_OWFA,0.07545495,1.0,0.04829822,0.11411879,0.5432506
SYL_mAWFA,0.68018055,0.04829822,1.0,0.51995355,0.35280958
VIS_IFG,0.347215,0.11411879,0.51995355,1.0,0.4380859
VIS_VWFA,0.29544804,0.5432506,0.35280958,0.4380859,1.0
