,AUD_AWFA,AWFA_p-e09,BIG_OWFA,SYL_mAWFA,VIS_IFG,VIS_VWFA,mAWFA_p-e09
AUD_AWFA,1.0,0.8188106,0.4668685,0.65309215,0.20765813,0.3081681,0.65681636
AWFA_p-e09,0.8188106,1.0,0.34680077,0.5488255,0.18026266,0.35407406,0.5371253
BIG_OWFA,0.4668685,0.34680077,1.0,0.5886897,0.29876262,0.29969418,0.54781526
SYL_mAWFA,0.65309215,0.5488255,0.5886897,1.0,0.22271897,0.43259573,0.8885448
VIS_IFG,0.20765813,0.18026266,0.29876262,0.22271897,1.0,0.52620363,0.1929229
VIS_VWFA,0.3081681,0.35407406,0.29969418,0.43259573,0.52620363,1.0,0.39560506
mAWFA_p-e09,0.65681636,0.5371253,0.54781526,0.8885448,0.1929229,0.39560506,1.0
