,cluster_1,cluster_2,cluster_3,cluster_4,cluster_5,cluster_6,cluster_7
cluster_1,1.0,0.6251534,0.3569709,0.6923992,0.42590877,0.3827887,0.7681683
cluster_2,0.6251534,1.0,0.16731174,0.65490365,0.2616341,0.28806797,0.59776956
cluster_3,0.3569709,0.16731174,1.0,0.2591672,0.55202085,0.3407616,0.24769278
cluster_4,0.6923992,0.65490365,0.2591672,1.0,0.3125168,0.27830216,0.6307539
cluster_5,0.42590877,0.2616341,0.55202085,0.3125168,1.0,0.2910681,0.3730469
cluster_6,0.3827887,0.28806797,0.3407616,0.27830216,0.2910681,1.0,0.36129302
cluster_7,0.7681683,0.59776956,0.24769278,0.6307539,0.3730469,0.36129302,1.0
