,AUD_AWFA,AWFA_p-e09,BIG_OWFA,SYL_mAWFA,VIS_IFG,VIS_VWFA,mAWFA_p-e09
AUD_AWFA,1.0,0.88835543,0.42021352,0.5012533,0.5025457,0.44161612,0.3284331
AWFA_p-e09,0.88835543,1.0,0.35858926,0.39565066,0.4789937,0.3386136,0.26194075
BIG_OWFA,0.42021352,0.35858926,1.0,0.37705475,0.33772805,0.5088821,0.26555684
SYL_mAWFA,0.5012533,0.39565066,0.37705475,1.0,0.30473047,0.39370576,0.885285
VIS_IFG,0.5025457,0.4789937,0.33772805,0.30473047,1.0,0.49260244,0.13320121
VIS_VWFA,0.44161612,0.3386136,0.5088821,0.39370576,0.49260244,1.0,0.28818908
mAWFA_p-e09,0.3284331,0.26194075,0.26555684,0.885285,0.13320121,0.28818908,1.0
