,AUD_AWFA,AWFA_p-e09,BIG_OWFA,SYL_mAWFA,VIS_IFG,VIS_VWFA,mAWFA_p-e09
AUD_AWFA,1.0,0.9081397,0.22681616,0.5020719,0.2519164,0.1459671,0.6014131
AWFA_p-e09,0.9081397,1.0,0.18575379,0.4133016,0.18374492,0.07338347,0.48817167
BIG_OWFA,0.22681616,0.18575379,1.0,0.44453335,0.42697912,0.40331292,0.2986345
SYL_mAWFA,0.5020719,0.4133016,0.44453335,1.0,0.44123828,0.45449236,0.8327401
VIS_IFG,0.2519164,0.18374492,0.42697912,0.44123828,1.0,0.7414667,0.32333466
VIS_VWFA,0.1459671,0.07338347,0.40331292,0.45449236,0.7414667,1.0,0.35831776
mAWFA_p-e09,0.6014131,0.48817167,0.2986345,0.8327401,0.32333466,0.35831776,1.0
