,AUD_AWFA,AWFA_p-e09,BIG_OWFA,SYL_mAWFA,VIS_IFG,VIS_VWFA,mAWFA_p-e09
AUD_AWFA,1.0,0.8794747,0.39437252,0.4101063,0.46370003,0.43527392,0.33083683
AWFA_p-e09,0.8794747,1.0,0.2774598,0.3631882,0.41012806,0.29629663,0.29611257
BIG_OWFA,0.39437252,0.2774598,1.0,-0.12491288,0.3240969,0.7207111,-0.13999818
SYL_mAWFA,0.4101063,0.3631882,-0.12491288,1.0,0.2941134,-0.01240062,0.9092509
VIS_IFG,0.46370003,0.41012806,0.3240969,0.2941134,1.0,0.53006226,0.30021286
VIS_VWFA,0.43527392,0.29629663,0.7207111,-0.01240062,0.53006226,1.0,-0.021065794
mAWFA_p-e09,0.33083683,0.29611257,-0.13999818,0.9092509,0.30021286,-0.021065794,1.0
