,cluster_1,cluster_2,cluster_3,cluster_4,cluster_5,cluster_6,cluster_7
cluster_1,1.0,0.82073617,0.5500424,0.326506,0.6269635,0.4480936,0.65000296
cluster_2,0.82073617,1.0,0.5468733,0.3931238,0.7041161,0.35523257,0.59424794
cluster_3,0.5500424,0.5468733,1.0,0.21206953,0.48029527,0.26446316,0.33998916
cluster_4,0.326506,0.3931238,0.21206953,1.0,0.261325,0.26986137,0.28684536
cluster_5,0.6269635,0.7041161,0.48029527,0.261325,1.0,0.24949008,0.55667335
cluster_6,0.4480936,0.35523257,0.26446316,0.26986137,0.24949008,1.0,0.4346422
cluster_7,0.65000296,0.59424794,0.33998916,0.28684536,0.55667335,0.4346422,1.0
