,cluster_1,cluster_2,cluster_3,cluster_4,cluster_5,cluster_6,cluster_7
cluster_1,1.0,0.25863054,0.5441398,0.5324442,0.17892933,0.054849166,0.5775481
cluster_2,0.25863054,1.0,0.38952202,0.48081872,0.29736698,0.16583245,0.34280622
cluster_3,0.5441398,0.38952202,1.0,0.36291772,0.23520018,0.17662351,0.39907742
cluster_4,0.5324442,0.48081872,0.36291772,1.0,0.28301308,0.19621798,0.37741965
cluster_5,0.17892933,0.29736698,0.23520018,0.28301308,1.0,0.44569024,0.3410049
cluster_6,0.054849166,0.16583245,0.17662351,0.19621798,0.44569024,1.0,0.23151708
cluster_7,0.5775481,0.34280622,0.39907742,0.37741965,0.3410049,0.23151708,1.0
