,AUD_AWFA,AWFA_p-e09,BIG_OWFA,SYL_mAWFA,VIS_IFG,VIS_VWFA,mAWFA_p-e09
AUD_AWFA,1.0,0.90560865,0.7241146,0.7833031,0.80465233,0.7250577,0.73772085
AWFA_p-e09,0.90560865,1.0,0.58492845,0.68027234,0.7105244,0.60586303,0.62752944
BIG_OWFA,0.7241146,0.58492845,1.0,0.73570716,0.72902787,0.77117723,0.6984462
SYL_mAWFA,0.7833031,0.68027234,0.73570716,1.0,0.7894665,0.7377529,0.9598848
VIS_IFG,0.80465233,0.7105244,0.72902787,0.7894665,1.0,0.74979836,0.7400829
VIS_VWFA,0.7250577,0.60586303,0.77117723,0.7377529,0.74979836,1.0,0.6978749
mAWFA_p-e09,0.73772085,0.62752944,0.6984462,0.9598848,0.7400829,0.6978749,1.0
