,AUD_AWFA,AWFA_p-e09,BIG_OWFA,SYL_mAWFA,VIS_IFG,VIS_VWFA
AUD_AWFA,1.0,0.95297164,0.38198468,0.7330077,0.5499636,0.51081467
AWFA_p-e09,0.95297164,1.0,0.4000238,0.7334074,0.58971024,0.5023362
BIG_OWFA,0.38198468,0.4000238,1.0,0.21705487,0.33730388,0.63874584
SYL_mAWFA,0.7330077,0.7334074,0.21705487,1.0,0.34405002,0.34796742
VIS_IFG,0.5499636,0.58971024,0.33730388,0.34405002,1.0,0.45601228
VIS_VWFA,0.51081467,0.5023362,0.63874584,0.34796742,0.45601228,1.0
