,AUD_AWFA,AWFA_p-e09,BIG_OWFA,SYL_mAWFA,VIS_IFG,VIS_VWFA
AUD_AWFA,1.0,0.81783056,0.2853196,0.4227024,0.2638592,0.1310125
AWFA_p-e09,0.81783056,1.0,0.2620865,0.38786614,0.25702372,0.12613952
BIG_OWFA,0.2853196,0.2620865,1.0,0.30201712,0.13729084,0.07984429
SYL_mAWFA,0.4227024,0.38786614,0.30201712,1.0,0.18839829,0.099474914
VIS_IFG,0.2638592,0.25702372,0.13729084,0.18839829,1.0,0.6943921
VIS_VWFA,0.1310125,0.12613952,0.07984429,0.099474914,0.6943921,1.0
