,AUD_AWFA,AWFA_p-e09,BIG_OWFA,SYL_mAWFA,VIS_IFG,VIS_VWFA,mAWFA_p-e09
AUD_AWFA,1.0,0.9126003,0.2744619,0.47638917,0.70769805,0.47165108,0.28763458
AWFA_p-e09,0.9126003,1.0,0.2087076,0.39685383,0.5951847,0.40167975,0.23963907
BIG_OWFA,0.2744619,0.2087076,1.0,-0.05228957,0.30226436,0.4025614,-0.19857234
SYL_mAWFA,0.47638917,0.39685383,-0.05228957,1.0,0.42588678,0.07292057,0.9282947
VIS_IFG,0.70769805,0.5951847,0.30226436,0.42588678,1.0,0.44093692,0.20768058
VIS_VWFA,0.47165108,0.40167975,0.4025614,0.07292057,0.44093692,1.0,-0.09917203
mAWFA_p-e09,0.28763458,0.23963907,-0.19857234,0.9282947,0.20768058,-0.09917203,1.0
