,AUD_AWFA,AWFA_p-e09,BIG_OWFA,SYL_mAWFA,VIS_IFG,VIS_VWFA,mAWFA_p-e09
AUD_AWFA,1.0,0.8230014,0.28323767,0.5531925,0.5733476,0.37028342,0.5277332
AWFA_p-e09,0.8230014,1.0,0.15483461,0.51598096,0.44752622,0.3178494,0.47641957
BIG_OWFA,0.28323767,0.15483461,1.0,0.5147774,0.31542385,0.36682487,0.48620406
SYL_mAWFA,0.5531925,0.51598096,0.5147774,1.0,0.37800428,0.39662337,0.84215134
VIS_IFG,0.5733476,0.44752622,0.31542385,0.37800428,1.0,0.31728837,0.3940849
VIS_VWFA,0.37028342,0.3178494,0.36682487,0.39662337,0.31728837,1.0,0.40187615
mAWFA_p-e09,0.5277332,0.47641957,0.48620406,0.84215134,0.3940849,0.40187615,1.0
