,AUD_AWFA,AWFA_p-e09,BIG_OWFA,SYL_mAWFA,VIS_IFG,VIS_VWFA
AUD_AWFA,1.0,0.8452361,0.42656866,0.6866507,0.627792,0.62882143
AWFA_p-e09,0.8452361,1.0,0.4462487,0.8175532,0.6353153,0.6162374
BIG_OWFA,0.42656866,0.4462487,1.0,0.5267469,0.49834946,0.6685394
SYL_mAWFA,0.6866507,0.8175532,0.5267469,1.0,0.6002818,0.65566
VIS_IFG,0.627792,0.6353153,0.49834946,0.6002818,1.0,0.69314617
VIS_VWFA,0.62882143,0.6162374,0.6685394,0.65566,0.69314617,1.0
