,AUD_AWFA,AWFA_p-e09,BIG_OWFA,SYL_mAWFA,VIS_IFG,VIS_VWFA,mAWFA_p-e09
AUD_AWFA,1.0,0.7952112,0.24113466,0.6147442,0.22822006,0.38019678,0.5207684
AWFA_p-e09,0.7952112,1.0,0.14108767,0.519324,0.1046116,0.40390536,0.4305537
BIG_OWFA,0.24113466,0.14108767,1.0,0.35621005,0.2421808,0.07781841,0.19300345
SYL_mAWFA,0.6147442,0.519324,0.35621005,1.0,0.18231641,0.42830998,0.7630187
VIS_IFG,0.22822006,0.1046116,0.2421808,0.18231641,1.0,0.33339167,0.082841516
VIS_VWFA,0.38019678,0.40390536,0.07781841,0.42830998,0.33339167,1.0,0.33820423
mAWFA_p-e09,0.5207684,0.4305537,0.19300345,0.7630187,0.082841516,0.33820423,1.0
