,AUD_AWFA,BIG_OWFA,SYL_mAWFA,VIS_IFG,VIS_VWFA
AUD_AWFA,1.0,0.09331905,0.51310146,0.44699183,0.225692
BIG_OWFA,0.09331905,1.0,-0.08941134,0.2809169,0.5164242
SYL_mAWFA,0.51310146,-0.08941134,1.0,0.5246292,0.13238467
VIS_IFG,0.44699183,0.2809169,0.5246292,1.0,0.461338
VIS_VWFA,0.225692,0.5164242,0.13238467,0.461338,1.0
