,AUD_AWFA,AWFA_p-e09,BIG_OWFA,SYL_mAWFA,VIS_IFG,VIS_VWFA
AUD_AWFA,1.0,0.95163125,0.30358005,0.68175834,0.6431531,0.4895561
AWFA_p-e09,0.95163125,1.0,0.27814102,0.6931407,0.62186366,0.47799683
BIG_OWFA,0.30358005,0.27814102,1.0,0.33518934,0.33237344,0.44449696
SYL_mAWFA,0.68175834,0.6931407,0.33518934,1.0,0.5687679,0.6987224
VIS_IFG,0.6431531,0.62186366,0.33237344,0.5687679,1.0,0.5460325
VIS_VWFA,0.4895561,0.47799683,0.44449696,0.6987224,0.5460325,1.0
