,AUD_AWFA,AWFA_p-e09,BIG_OWFA,SYL_mAWFA,VIS_IFG,VIS_VWFA,mAWFA_p-e09
AUD_AWFA,1.0,0.8913787,0.19509394,0.6861356,0.5800485,0.30619153,0.6736905
AWFA_p-e09,0.8913787,1.0,0.122784756,0.6073785,0.4817861,0.25788608,0.5891585
BIG_OWFA,0.19509394,0.122784756,1.0,0.028099427,0.23395842,0.6610242,-0.027238647
SYL_mAWFA,0.6861356,0.6073785,0.028099427,1.0,0.691663,0.1965432,0.9424354
VIS_IFG,0.5800485,0.4817861,0.23395842,0.691663,1.0,0.36093193,0.5853143
VIS_VWFA,0.30619153,0.25788608,0.6610242,0.1965432,0.36093193,1.0,0.08831284
mAWFA_p-e09,0.6736905,0.5891585,-0.027238647,0.9424354,0.5853143,0.08831284,1.0
