,AUD_AWFA,AWFA_p-e09,BIG_OWFA,SYL_mAWFA,VIS_IFG,VIS_VWFA,mAWFA_p-e09
AUD_AWFA,1.0,0.82834345,0.20528622,0.7300177,0.5778404,0.31011698,0.7384055
AWFA_p-e09,0.82834345,1.0,0.017763386,0.59386104,0.47576046,0.2061133,0.60082966
BIG_OWFA,0.20528622,0.017763386,1.0,0.37497765,0.35995802,0.5191919,0.32674435
SYL_mAWFA,0.7300177,0.59386104,0.37497765,1.0,0.6837903,0.4146421,0.8963281
VIS_IFG,0.5778404,0.47576046,0.35995802,0.6837903,1.0,0.37633055,0.5990024
VIS_VWFA,0.31011698,0.2061133,0.5191919,0.4146421,0.37633055,1.0,0.3849496
mAWFA_p-e09,0.7384055,0.60082966,0.32674435,0.8963281,0.5990024,0.3849496,1.0
