,AUD_AWFA,AWFA_p-e09,BIG_OWFA,SYL_mAWFA,VIS_IFG,VIS_VWFA
AUD_AWFA,1.0,0.9121115,0.07778339,0.45336357,0.63683003,0.38099164
AWFA_p-e09,0.9121115,1.0,0.05054746,0.43723783,0.6320959,0.40329298
BIG_OWFA,0.07778339,0.05054746,1.0,-0.24277355,0.078959174,0.40138647
SYL_mAWFA,0.45336357,0.43723783,-0.24277355,1.0,0.3033282,0.019853255
VIS_IFG,0.63683003,0.6320959,0.078959174,0.3033282,1.0,0.50095737
VIS_VWFA,0.38099164,0.40329298,0.40138647,0.019853255,0.50095737,1.0
