,AUD_AWFA,AWFA_p-e09,BIG_OWFA,SYL_mAWFA,VIS_IFG,VIS_VWFA,mAWFA_p-e09
AUD_AWFA,1.0,0.90582955,0.26254466,0.48206884,0.23368718,0.2969996,0.4780669
AWFA_p-e09,0.90582955,1.0,0.2370411,0.5288056,0.32823884,0.3121381,0.5059447
BIG_OWFA,0.26254466,0.2370411,1.0,0.24544354,0.30490714,0.46117243,0.18109837
SYL_mAWFA,0.48206884,0.5288056,0.24544354,1.0,0.5306862,0.29484296,0.9403341
VIS_IFG,0.23368718,0.32823884,0.30490714,0.5306862,1.0,0.5652024,0.4005401
VIS_VWFA,0.2969996,0.3121381,0.46117243,0.29484296,0.5652024,1.0,0.16744517
mAWFA_p-e09,0.4780669,0.5059447,0.18109837,0.9403341,0.4005401,0.16744517,1.0
