,AUD_AWFA,AWFA_p-e09,BIG_OWFA,SYL_mAWFA,VIS_IFG,VIS_VWFA
AUD_AWFA,1.0,0.88040864,0.15394816,0.42658612,0.5729445,0.29426232
AWFA_p-e09,0.88040864,1.0,0.120469294,0.32198268,0.4667754,0.2717632
BIG_OWFA,0.15394816,0.120469294,1.0,0.109405726,0.074418806,0.20333977
SYL_mAWFA,0.42658612,0.32198268,0.109405726,1.0,0.44155744,0.32886472
VIS_IFG,0.5729445,0.4667754,0.074418806,0.44155744,1.0,0.3360327
VIS_VWFA,0.29426232,0.2717632,0.20333977,0.32886472,0.3360327,1.0
