,AUD_AWFA,AWFA_p-e09,BIG_OWFA,SYL_mAWFA,VIS_IFG,VIS_VWFA
AUD_AWFA,1.0,0.9043089,0.26210395,0.48125958,0.23329489,0.29650104
AWFA_p-e09,0.9043089,1.0,0.23664318,0.5279179,0.32768783,0.31161413
BIG_OWFA,0.26210395,0.23664318,1.0,0.2450315,0.3043953,0.46039826
SYL_mAWFA,0.48125958,0.5279179,0.2450315,1.0,0.52979535,0.294348
VIS_IFG,0.23329489,0.32768783,0.3043953,0.52979535,1.0,0.5642536
VIS_VWFA,0.29650104,0.31161413,0.46039826,0.294348,0.5642536,1.0
