,AUD_AWFA,AWFA_p-e09,BIG_OWFA,SYL_mAWFA,VIS_IFG,VIS_VWFA,mAWFA_p-e09
AUD_AWFA,1.0,0.9047756,0.43295482,0.73552996,0.5617393,0.60715336,0.6632173
AWFA_p-e09,0.9047756,1.0,0.4111433,0.67141795,0.51901925,0.56939137,0.5927814
BIG_OWFA,0.43295482,0.4111433,1.0,0.5547126,0.18964675,0.58741844,0.441873
SYL_mAWFA,0.73552996,0.67141795,0.5547126,1.0,0.61083454,0.712856,0.9175568
VIS_IFG,0.5617393,0.51901925,0.18964675,0.61083454,1.0,0.5852207,0.57659835
VIS_VWFA,0.60715336,0.56939137,0.58741844,0.712856,0.5852207,1.0,0.63890713
mAWFA_p-e09,0.6632173,0.5927814,0.441873,0.9175568,0.57659835,0.63890713,1.0
