,AUD_AWFA,AWFA_p-e09,BIG_OWFA,SYL_mAWFA,VIS_IFG,VIS_VWFA,mAWFA_p-e09
AUD_AWFA,1.0,0.8037613,0.02574376,0.44544816,0.2895342,0.07153289,0.37893587
AWFA_p-e09,0.8037613,1.0,-0.013339122,0.39526844,0.26935238,0.033521947,0.36806476
BIG_OWFA,0.02574376,-0.013339122,1.0,0.29231268,-0.039996836,0.06742136,-0.021214869
SYL_mAWFA,0.44544816,0.39526844,0.29231268,1.0,0.14138003,0.24804501,0.59951484
VIS_IFG,0.2895342,0.26935238,-0.039996836,0.14138003,1.0,0.21638465,0.11605829
VIS_VWFA,0.07153289,0.033521947,0.06742136,0.24804501,0.21638465,1.0,0.15842408
mAWFA_p-e09,0.37893587,0.36806476,-0.021214869,0.59951484,0.11605829,0.15842408,1.0
