,AUD_AWFA,BIG_OWFA,SYL_mAWFA,VIS_IFG,VIS_VWFA
AUD_AWFA,1.0,0.18052526,0.43006513,0.26284197,0.3939604
BIG_OWFA,0.18052526,1.0,0.25106734,0.2642748,0.2890214
SYL_mAWFA,0.43006513,0.25106734,1.0,0.45067513,0.34631434
VIS_IFG,0.26284197,0.2642748,0.45067513,1.0,0.3109509
VIS_VWFA,0.3939604,0.2890214,0.34631434,0.3109509,1.0
