,AUD_AWFA,AWFA_p-e09,BIG_OWFA,SYL_mAWFA,VIS_IFG,VIS_VWFA,mAWFA_p-e09
AUD_AWFA,1.0,0.8783341,0.3218508,0.7422978,0.7799752,0.7067683,0.795784
AWFA_p-e09,0.8783341,1.0,0.32805866,0.63293713,0.68896794,0.7589314,0.70309883
BIG_OWFA,0.3218508,0.32805866,1.0,0.34021506,0.34300047,0.5455181,0.322461
SYL_mAWFA,0.7422978,0.63293713,0.34021506,1.0,0.67400223,0.6632633,0.8625708
VIS_IFG,0.7799752,0.68896794,0.34300047,0.67400223,1.0,0.710733,0.68131185
VIS_VWFA,0.7067683,0.7589314,0.5455181,0.6632633,0.710733,1.0,0.68035495
mAWFA_p-e09,0.795784,0.70309883,0.322461,0.8625708,0.68131185,0.68035495,1.0
