,AUD_AWFA,AWFA_p-e09,BIG_OWFA,SYL_mAWFA,VIS_IFG,VIS_VWFA
AUD_AWFA,1.0,0.7400678,0.384613,0.49429047,0.41005686,0.39459217
AWFA_p-e09,0.7400678,1.0,0.24457882,0.32387477,0.1252212,0.19893976
BIG_OWFA,0.384613,0.24457882,1.0,0.5007894,0.20757826,0.5214765
SYL_mAWFA,0.49429047,0.32387477,0.5007894,1.0,0.4405034,0.53810996
VIS_IFG,0.41005686,0.1252212,0.20757826,0.4405034,1.0,0.17866781
VIS_VWFA,0.39459217,0.19893976,0.5214765,0.53810996,0.17866781,1.0
