,AUD_AWFA,AWFA_p-e09,BIG_OWFA,SYL_mAWFA,VIS_IFG,VIS_VWFA
AUD_AWFA,1.0,0.87987095,0.3096203,0.5991085,0.332631,0.507304
AWFA_p-e09,0.87987095,1.0,0.30260423,0.5827759,0.33089346,0.5389965
BIG_OWFA,0.3096203,0.30260423,1.0,0.4943603,0.45264193,0.58928347
SYL_mAWFA,0.5991085,0.5827759,0.4943603,1.0,0.61332387,0.7231471
VIS_IFG,0.332631,0.33089346,0.45264193,0.61332387,1.0,0.58251077
VIS_VWFA,0.507304,0.5389965,0.58928347,0.7231471,0.58251077,1.0
