,cluster_1,cluster_2,cluster_3,cluster_4,cluster_5,cluster_6,cluster_7
cluster_1,1.0,0.5247069,0.5292174,0.6018562,0.5520154,0.60826606,0.7963129
cluster_2,0.5247069,1.0,0.29764313,0.47346076,0.37249726,0.49543616,0.5464649
cluster_3,0.5292174,0.29764313,1.0,0.3001892,0.42741662,0.29388452,0.3986011
cluster_4,0.6018562,0.47346076,0.3001892,1.0,0.35002482,0.51903266,0.44057804
cluster_5,0.5520154,0.37249726,0.42741662,0.35002482,1.0,0.38884148,0.4965689
cluster_6,0.60826606,0.49543616,0.29388452,0.51903266,0.38884148,1.0,0.59415144
cluster_7,0.7963129,0.5464649,0.3986011,0.44057804,0.4965689,0.59415144,1.0
