,AUD_AWFA,AWFA_p-e09,BIG_OWFA,SYL_mAWFA,VIS_IFG,VIS_VWFA,mAWFA_p-e09
AUD_AWFA,1.0,0.6970299,0.07344675,0.24904644,0.20400223,0.08826868,0.11328656
AWFA_p-e09,0.6970299,1.0,0.043558158,0.20168492,0.23408048,0.09362174,0.11873396
BIG_OWFA,0.07344675,0.043558158,1.0,0.36308262,0.15755469,0.18138184,0.2795531
SYL_mAWFA,0.24904644,0.20168492,0.36308262,1.0,0.26885194,0.31199467,0.77511305
VIS_IFG,0.20400223,0.23408048,0.15755469,0.26885194,1.0,0.28879318,0.22496946
VIS_VWFA,0.08826868,0.09362174,0.18138184,0.31199467,0.28879318,1.0,0.24283437
mAWFA_p-e09,0.11328656,0.11873396,0.2795531,0.77511305,0.22496946,0.24283437,1.0
