,AUD_AWFA,AWFA_p-e09,BIG_OWFA,SYL_mAWFA,VIS_IFG,VIS_VWFA,mAWFA_p-e09
AUD_AWFA,1.0,0.74887675,0.25737,0.31165448,0.26215824,0.038241208,0.27978036
AWFA_p-e09,0.74887675,1.0,0.18386376,0.46229726,0.37028578,0.13678741,0.4037685
BIG_OWFA,0.25737,0.18386376,1.0,0.08615104,0.08609642,0.111679345,0.07920984
SYL_mAWFA,0.31165448,0.46229726,0.08615104,1.0,0.2618897,0.14391065,0.81421065
VIS_IFG,0.26215824,0.37028578,0.08609642,0.2618897,1.0,0.3688037,0.18219942
VIS_VWFA,0.038241208,0.13678741,0.111679345,0.14391065,0.3688037,1.0,0.109061025
mAWFA_p-e09,0.27978036,0.4037685,0.07920984,0.81421065,0.18219942,0.109061025,1.0
