,AUD_AWFA,BIG_OWFA,SYL_mAWFA,VIS_IFG,VIS_VWFA
AUD_AWFA,1.0,0.12654987,0.30291417,0.30183083,0.25125
BIG_OWFA,0.12654987,1.0,0.055471864,0.17851768,0.36801454
SYL_mAWFA,0.30291417,0.055471864,1.0,0.40818948,0.055545323
VIS_IFG,0.30183083,0.17851768,0.40818948,1.0,0.35851413
VIS_VWFA,0.25125,0.36801454,0.055545323,0.35851413,1.0
