,AUD_AWFA,AWFA_p-e09,BIG_OWFA,SYL_mAWFA,VIS_IFG,VIS_VWFA
AUD_AWFA,1.0,0.854062,0.40847322,0.43886977,0.39366803,0.40908474
AWFA_p-e09,0.854062,1.0,0.22917582,0.30880937,0.36469707,0.3661632
BIG_OWFA,0.40847322,0.22917582,1.0,0.5683599,0.081082985,0.46560648
SYL_mAWFA,0.43886977,0.30880937,0.5683599,1.0,0.2133102,0.5576249
VIS_IFG,0.39366803,0.36469707,0.081082985,0.2133102,1.0,0.36535084
VIS_VWFA,0.40908474,0.3661632,0.46560648,0.5576249,0.36535084,1.0
