,AUD_AWFA,AWFA_p-e09,BIG_OWFA,SYL_mAWFA,VIS_IFG,VIS_VWFA
AUD_AWFA,1.0,0.839194,0.40732178,0.5767036,0.18569419,0.32925537
AWFA_p-e09,0.839194,1.0,0.19254224,0.4578841,0.29680258,0.40081838
BIG_OWFA,0.40732178,0.19254224,1.0,0.5454954,0.11607364,0.18968315
SYL_mAWFA,0.5767036,0.4578841,0.5454954,1.0,0.30008593,0.52832884
VIS_IFG,0.18569419,0.29680258,0.11607364,0.30008593,1.0,0.5357236
VIS_VWFA,0.32925537,0.40081838,0.18968315,0.52832884,0.5357236,1.0
