,AUD_AWFA,AWFA_p-e09,BIG_OWFA,SYL_mAWFA,VIS_IFG,VIS_VWFA,mAWFA_p-e09
AUD_AWFA,1.0,0.9067683,0.110386096,0.74544984,0.43484235,0.62645787,0.61234504
AWFA_p-e09,0.9067683,1.0,0.16565685,0.6988661,0.45427254,0.61908346,0.5537322
BIG_OWFA,0.110386096,0.16565685,1.0,0.054992493,0.37164074,0.50369275,-0.067006595
SYL_mAWFA,0.74544984,0.6988661,0.054992493,1.0,0.35997787,0.65886706,0.9088902
VIS_IFG,0.43484235,0.45427254,0.37164074,0.35997787,1.0,0.6293514,0.2188785
VIS_VWFA,0.62645787,0.61908346,0.50369275,0.65886706,0.6293514,1.0,0.5059819
mAWFA_p-e09,0.61234504,0.5537322,-0.067006595,0.9088902,0.2188785,0.5059819,1.0
