,AUD_AWFA,AWFA_p-e09,BIG_OWFA,SYL_mAWFA,VIS_IFG,VIS_VWFA
AUD_AWFA,1.0,0.77556056,0.15738174,0.35911742,-0.007724977,0.1698376
AWFA_p-e09,0.77556056,1.0,0.21676321,0.35456505,-0.08873845,0.15621695
BIG_OWFA,0.15738174,0.21676321,1.0,0.24582571,0.1044778,0.22482994
SYL_mAWFA,0.35911742,0.35456505,0.24582571,1.0,0.09830647,0.23365624
VIS_IFG,-0.007724977,-0.08873845,0.1044778,0.09830647,1.0,0.43224055
VIS_VWFA,0.1698376,0.15621695,0.22482994,0.23365624,0.43224055,1.0
