,AUD_AWFA,AWFA_p-e09,BIG_OWFA,SYL_mAWFA,VIS_IFG,VIS_VWFA
AUD_AWFA,1.0,0.9089752,0.20087655,0.48751035,0.6007123,0.3006238
AWFA_p-e09,0.9089752,1.0,0.19737124,0.4017112,0.46009988,0.1820129
BIG_OWFA,0.20087655,0.19737124,1.0,0.42406163,0.30396065,0.54547805
SYL_mAWFA,0.48751035,0.4017112,0.42406163,1.0,0.56387377,0.49631438
VIS_IFG,0.6007123,0.46009988,0.30396065,0.56387377,1.0,0.61452603
VIS_VWFA,0.3006238,0.1820129,0.54547805,0.49631438,0.61452603,1.0
