,AUD_AWFA,AWFA_p-e09,BIG_OWFA,SYL_mAWFA,VIS_IFG,VIS_VWFA,mAWFA_p-e09
AUD_AWFA,1.0,0.8761473,0.28545186,0.30127704,0.40207678,0.38955715,0.34917212
AWFA_p-e09,0.8761473,1.0,0.24568553,0.27609417,0.44570416,0.36446905,0.32370856
BIG_OWFA,0.28545186,0.24568553,1.0,0.45845523,0.333305,0.5011501,0.31685296
SYL_mAWFA,0.30127704,0.27609417,0.45845523,1.0,0.33658907,0.6282119,0.7891982
VIS_IFG,0.40207678,0.44570416,0.333305,0.33658907,1.0,0.3338742,0.13417284
VIS_VWFA,0.38955715,0.36446905,0.5011501,0.6282119,0.3338742,1.0,0.50771797
mAWFA_p-e09,0.34917212,0.32370856,0.31685296,0.7891982,0.13417284,0.50771797,1.0
