,AUD_AWFA,BIG_OWFA,SYL_mAWFA,VIS_IFG,VIS_VWFA
AUD_AWFA,1.0,0.23287185,0.48379964,0.57091254,0.45751944
BIG_OWFA,0.23287185,1.0,0.1478221,0.224637,0.511495
SYL_mAWFA,0.48379964,0.1478221,1.0,0.40224847,0.35823172
VIS_IFG,0.57091254,0.224637,0.40224847,1.0,0.5038912
VIS_VWFA,0.45751944,0.511495,0.35823172,0.5038912,1.0
