,AUD_AWFA,AWFA_p-e09,BIG_OWFA,SYL_mAWFA,VIS_IFG,VIS_VWFA
AUD_AWFA,1.0,0.8207315,0.12848419,0.3075442,0.30644432,0.25509036
AWFA_p-e09,0.8207315,1.0,0.1394964,0.26526642,0.3542973,0.3371333
BIG_OWFA,0.12848419,0.1394964,1.0,0.05631975,0.18124633,0.37363967
SYL_mAWFA,0.3075442,0.26526642,0.05631975,1.0,0.41442865,0.056394335
VIS_IFG,0.30644432,0.3542973,0.18124633,0.41442865,1.0,0.36399403
VIS_VWFA,0.25509036,0.3371333,0.37363967,0.056394335,0.36399403,1.0
