,AUD_AWFA,AWFA_p-e09,BIG_OWFA,SYL_mAWFA,VIS_IFG,VIS_VWFA
AUD_AWFA,1.0,0.93794364,0.5827495,0.7998996,0.5239846,0.52789897
AWFA_p-e09,0.93794364,1.0,0.5585747,0.7553123,0.47874793,0.50950295
BIG_OWFA,0.5827495,0.5585747,1.0,0.5543042,0.42859903,0.52284515
SYL_mAWFA,0.7998996,0.7553123,0.5543042,1.0,0.5585886,0.58232164
VIS_IFG,0.5239846,0.47874793,0.42859903,0.5585886,1.0,0.35260734
VIS_VWFA,0.52789897,0.50950295,0.52284515,0.58232164,0.35260734,1.0
