,AUD_AWFA,AWFA_p-e09,BIG_OWFA,SYL_mAWFA,VIS_IFG,VIS_VWFA
AUD_AWFA,1.0,0.9059154,0.24653716,0.6758211,0.37271044,0.23252986
AWFA_p-e09,0.9059154,1.0,0.1874379,0.66574186,0.27746576,0.15267424
BIG_OWFA,0.24653716,0.1874379,1.0,0.30685884,0.28943935,0.32788917
SYL_mAWFA,0.6758211,0.66574186,0.30685884,1.0,0.465648,0.39260265
VIS_IFG,0.37271044,0.27746576,0.28943935,0.465648,1.0,0.7220473
VIS_VWFA,0.23252986,0.15267424,0.32788917,0.39260265,0.7220473,1.0
