,cluster_1,cluster_2,cluster_3,cluster_4,cluster_5,cluster_6,cluster_7
cluster_1,1.0,0.3276204,0.33121726,0.34986594,0.41696337,0.26136222,0.2378027
cluster_2,0.3276204,1.0,0.6811109,0.50199646,0.36459747,0.18254986,0.37181038
cluster_3,0.33121726,0.6811109,1.0,0.44910336,0.44535103,0.10431883,0.3275449
cluster_4,0.34986594,0.50199646,0.44910336,1.0,0.35939103,0.21242201,0.33909693
cluster_5,0.41696337,0.36459747,0.44535103,0.35939103,1.0,0.046408277,0.2075947
cluster_6,0.26136222,0.18254986,0.10431883,0.21242201,0.046408277,1.0,0.029807169
cluster_7,0.2378027,0.37181038,0.3275449,0.33909693,0.2075947,0.029807169,1.0
