,AUD_AWFA,AWFA_p-e09,BIG_OWFA,SYL_mAWFA,VIS_IFG,VIS_VWFA
AUD_AWFA,1.0,0.88096845,0.3059687,0.57477665,0.30314177,0.14793016
AWFA_p-e09,0.88096845,1.0,0.215048,0.4959811,0.2500226,0.053532634
BIG_OWFA,0.3059687,0.215048,1.0,0.49960312,0.24735348,0.37216336
SYL_mAWFA,0.57477665,0.4959811,0.49960312,1.0,0.36197856,0.48225978
VIS_IFG,0.30314177,0.2500226,0.24735348,0.36197856,1.0,0.39708903
VIS_VWFA,0.14793016,0.053532634,0.37216336,0.48225978,0.39708903,1.0
