,AUD_AWFA,AWFA_p-e09,BIG_OWFA,SYL_mAWFA,VIS_IFG,VIS_VWFA,mAWFA_p-e09
AUD_AWFA,1.0,0.8788393,0.0018705815,0.262343,0.51258147,-0.11052529,0.25007778
AWFA_p-e09,0.8788393,1.0,-0.077636756,0.26377547,0.48539352,-0.10461102,0.23227188
BIG_OWFA,0.0018705815,-0.077636756,1.0,0.075869806,-0.031303626,-0.26705527,0.12125
SYL_mAWFA,0.262343,0.26377547,0.075869806,1.0,0.43895015,-0.08485468,0.8957303
VIS_IFG,0.51258147,0.48539352,-0.031303626,0.43895015,1.0,0.16575067,0.40754154
VIS_VWFA,-0.11052529,-0.10461102,-0.26705527,-0.08485468,0.16575067,1.0,-0.041845568
mAWFA_p-e09,0.25007778,0.23227188,0.12125,0.8957303,0.40754154,-0.041845568,1.0
