,AUD_AWFA,AWFA_p-e09,BIG_OWFA,SYL_mAWFA,VIS_IFG,VIS_VWFA
AUD_AWFA,1.0,0.91956234,0.26105157,0.2440694,0.5480132,0.34722638
AWFA_p-e09,0.91956234,1.0,0.23619463,0.25537404,0.5614766,0.36101067
BIG_OWFA,0.26105157,0.23619463,1.0,-0.30592403,0.42787147,0.519638
SYL_mAWFA,0.2440694,0.25537404,-0.30592403,1.0,0.073069364,-0.27968788
VIS_IFG,0.5480132,0.5614766,0.42787147,0.073069364,1.0,0.53559977
VIS_VWFA,0.34722638,0.36101067,0.519638,-0.27968788,0.53559977,1.0
