,AUD_AWFA,BIG_OWFA,SYL_mAWFA,VIS_IFG,VIS_VWFA
AUD_AWFA,1.0,-0.018660255,0.70855325,0.45824534,0.41148847
BIG_OWFA,-0.018660255,1.0,-0.0054472038,0.35113242,0.34038216
SYL_mAWFA,0.70855325,-0.0054472038,1.0,0.4802513,0.4838043
VIS_IFG,0.45824534,0.35113242,0.4802513,1.0,0.52016526
VIS_VWFA,0.41148847,0.34038216,0.4838043,0.52016526,1.0
