,cluster_1,cluster_2,cluster_3,cluster_4,cluster_5,cluster_6,cluster_7
cluster_1,1.0,0.61662287,0.42193338,0.70912814,0.6217998,0.474143,0.7539392
cluster_2,0.61662287,1.0,0.27853724,0.47767156,0.4330332,0.24048813,0.4785928
cluster_3,0.42193338,0.27853724,1.0,0.3484205,0.37280816,0.112967744,0.29753432
cluster_4,0.70912814,0.47767156,0.3484205,1.0,0.63706934,0.28341258,0.62018573
cluster_5,0.6217998,0.4330332,0.37280816,0.63706934,1.0,0.29286215,0.5928194
cluster_6,0.474143,0.24048813,0.112967744,0.28341258,0.29286215,1.0,0.36631528
cluster_7,0.7539392,0.4785928,0.29753432,0.62018573,0.5928194,0.36631528,1.0
