,AUD_AWFA,AWFA_p-e09,BIG_OWFA,SYL_mAWFA,VIS_IFG,VIS_VWFA,mAWFA_p-e09
AUD_AWFA,1.0,0.7269309,0.45569676,0.6057822,0.32589805,0.40088886,0.54358536
AWFA_p-e09,0.7269309,1.0,0.3896269,0.41883314,0.3837917,0.32554725,0.3754785
BIG_OWFA,0.45569676,0.3896269,1.0,0.6257782,0.32696548,0.52036357,0.60825986
SYL_mAWFA,0.6057822,0.41883314,0.6257782,1.0,0.25890163,0.48671418,0.90921396
VIS_IFG,0.32589805,0.3837917,0.32696548,0.25890163,1.0,0.5968512,0.24096322
VIS_VWFA,0.40088886,0.32554725,0.52036357,0.48671418,0.5968512,1.0,0.43956786
mAWFA_p-e09,0.54358536,0.3754785,0.60825986,0.90921396,0.24096322,0.43956786,1.0
