,AUD_AWFA,AWFA_p-e09,BIG_OWFA,SYL_mAWFA,VIS_IFG,VIS_VWFA
AUD_AWFA,1.0,0.8852416,0.21413797,0.4122775,0.336388,0.21182966
AWFA_p-e09,0.8852416,1.0,0.2260312,0.343119,0.29372805,0.13801058
BIG_OWFA,0.21413797,0.2260312,1.0,-0.09099468,0.3697378,0.55879414
SYL_mAWFA,0.4122775,0.343119,-0.09099468,1.0,0.25559318,0.17337193
VIS_IFG,0.336388,0.29372805,0.3697378,0.25559318,1.0,0.54136616
VIS_VWFA,0.21182966,0.13801058,0.55879414,0.17337193,0.54136616,1.0
