,AUD_AWFA,AWFA_p-e09,BIG_OWFA,SYL_mAWFA,VIS_IFG,VIS_VWFA
AUD_AWFA,1.0,0.83850145,0.3551048,0.5445707,0.4875572,0.42969257
AWFA_p-e09,0.83850145,1.0,0.1752272,0.37586203,0.31309545,0.27026993
BIG_OWFA,0.3551048,0.1752272,1.0,0.5739368,0.42348456,0.66583943
SYL_mAWFA,0.5445707,0.37586203,0.5739368,1.0,0.54644376,0.5729672
VIS_IFG,0.4875572,0.31309545,0.42348456,0.54644376,1.0,0.52461445
VIS_VWFA,0.42969257,0.27026993,0.66583943,0.5729672,0.52461445,1.0
