,AUD_AWFA,AWFA_p-e09,BIG_OWFA,SYL_mAWFA,VIS_IFG,VIS_VWFA
AUD_AWFA,1.0,0.83434445,0.26554224,0.48932013,0.482492,0.1256267
AWFA_p-e09,0.83434445,1.0,0.1832585,0.31419533,0.34118968,-0.03292994
BIG_OWFA,0.26554224,0.1832585,1.0,0.3185451,0.24964762,0.2328382
SYL_mAWFA,0.48932013,0.31419533,0.3185451,1.0,0.45522752,0.33629018
VIS_IFG,0.482492,0.34118968,0.24964762,0.45522752,1.0,0.32575443
VIS_VWFA,0.1256267,-0.03292994,0.2328382,0.33629018,0.32575443,1.0
