,AUD_AWFA,BIG_OWFA,SYL_mAWFA,VIS_IFG,VIS_VWFA
AUD_AWFA,1.0,0.25930327,0.59537244,0.54339206,0.45724386
BIG_OWFA,0.25930327,1.0,0.08531475,0.34211686,0.4996625
SYL_mAWFA,0.59537244,0.08531475,1.0,0.34942394,0.4190733
VIS_IFG,0.54339206,0.34211686,0.34942394,1.0,0.58774734
VIS_VWFA,0.45724386,0.4996625,0.4190733,0.58774734,1.0
