,AUD_AWFA,AWFA_p-e09,BIG_OWFA,SYL_mAWFA,VIS_IFG,VIS_VWFA,mAWFA_p-e09
AUD_AWFA,1.0,0.93128014,0.2526436,0.56758386,0.66506,0.36361182,0.45599556
AWFA_p-e09,0.93128014,1.0,0.21572104,0.50549453,0.6575536,0.3684367,0.37701434
BIG_OWFA,0.2526436,0.21572104,1.0,-0.020232344,0.24002573,0.35242558,-0.015382091
SYL_mAWFA,0.56758386,0.50549453,-0.020232344,1.0,0.34719506,0.0010994768,0.9323683
VIS_IFG,0.66506,0.6575536,0.24002573,0.34719506,1.0,0.58145726,0.24664311
VIS_VWFA,0.36361182,0.3684367,0.35242558,0.0010994768,0.58145726,1.0,-0.09009166
mAWFA_p-e09,0.45599556,0.37701434,-0.015382091,0.9323683,0.24664311,-0.09009166,1.0
