,AUD_AWFA,AWFA_p-e09,BIG_OWFA,SYL_mAWFA,VIS_IFG,VIS_VWFA
AUD_AWFA,1.0,0.94537145,0.39736325,0.6904095,0.31581235,0.593805
AWFA_p-e09,0.94537145,1.0,0.35667175,0.6752137,0.25441006,0.54670095
BIG_OWFA,0.39736325,0.35667175,1.0,0.27946448,0.40913123,0.47902012
SYL_mAWFA,0.6904095,0.6752137,0.27946448,1.0,0.2119801,0.6747258
VIS_IFG,0.31581235,0.25441006,0.40913123,0.2119801,1.0,0.43578917
VIS_VWFA,0.593805,0.54670095,0.47902012,0.6747258,0.43578917,1.0
