,AUD_AWFA,AWFA_p-e09,BIG_OWFA,SYL_mAWFA,VIS_IFG,VIS_VWFA
AUD_AWFA,1.0,0.87433183,0.28955737,0.5099316,0.5689188,0.23168804
AWFA_p-e09,0.87433183,1.0,0.21531041,0.4485556,0.4478908,0.21414353
BIG_OWFA,0.28955737,0.21531041,1.0,0.45247775,0.28518775,0.36181962
SYL_mAWFA,0.5099316,0.4485556,0.45247775,1.0,0.53567,0.3181117
VIS_IFG,0.5689188,0.4478908,0.28518775,0.53567,1.0,0.21189168
VIS_VWFA,0.23168804,0.21414353,0.36181962,0.3181117,0.21189168,1.0
