,AUD_AWFA,AWFA_p-e09,BIG_OWFA,SYL_mAWFA,VIS_IFG,VIS_VWFA,mAWFA_p-e09
AUD_AWFA,1.0,0.86698526,0.34366176,0.6190594,0.5770671,0.14668618,0.5398296
AWFA_p-e09,0.86698526,1.0,0.26919532,0.5787981,0.59355557,0.15264566,0.5120705
BIG_OWFA,0.34366176,0.26919532,1.0,0.3252619,0.29404932,0.27458164,0.3424833
SYL_mAWFA,0.6190594,0.5787981,0.3252619,1.0,0.57664037,0.20595458,0.857695
VIS_IFG,0.5770671,0.59355557,0.29404932,0.57664037,1.0,0.38250458,0.5009874
VIS_VWFA,0.14668618,0.15264566,0.27458164,0.20595458,0.38250458,1.0,0.21098766
mAWFA_p-e09,0.5398296,0.5120705,0.3424833,0.857695,0.5009874,0.21098766,1.0
