,cluster_1,cluster_2,cluster_3,cluster_4,cluster_5,cluster_6,cluster_7
cluster_1,1.0,0.49476448,0.63970584,0.45342854,0.4628518,0.157544,0.48992062
cluster_2,0.49476448,1.0,0.6318257,0.55930144,0.4919184,0.032800917,0.29435378
cluster_3,0.63970584,0.6318257,1.0,0.3700369,0.5742312,0.12435139,0.34157538
cluster_4,0.45342854,0.55930144,0.3700369,1.0,0.42708227,-0.11080733,0.39808786
cluster_5,0.4628518,0.4919184,0.5742312,0.42708227,1.0,0.13835205,0.27725637
cluster_6,0.157544,0.032800917,0.12435139,-0.11080733,0.13835205,1.0,0.09850329
cluster_7,0.48992062,0.29435378,0.34157538,0.39808786,0.27725637,0.09850329,1.0
