,AUD_AWFA,AWFA_p-e09,BIG_OWFA,SYL_mAWFA,VIS_IFG,VIS_VWFA
AUD_AWFA,1.0,0.7904716,0.3315429,0.4535608,0.6396717,0.1688291
AWFA_p-e09,0.7904716,1.0,0.31068355,0.40119517,0.5027801,0.051746927
BIG_OWFA,0.3315429,0.31068355,1.0,0.3762751,0.24840316,0.21830662
SYL_mAWFA,0.4535608,0.40119517,0.3762751,1.0,0.38838795,0.34524933
VIS_IFG,0.6396717,0.5027801,0.24840316,0.38838795,1.0,0.3996028
VIS_VWFA,0.1688291,0.051746927,0.21830662,0.34524933,0.3996028,1.0
