,AUD_AWFA,AWFA_p-e09,BIG_OWFA,SYL_mAWFA,VIS_IFG,VIS_VWFA,mAWFA_p-e09
AUD_AWFA,1.0,0.9020009,0.31195265,0.55707735,0.58550966,0.10928652,0.5453215
AWFA_p-e09,0.9020009,1.0,0.29346275,0.51998955,0.5209307,0.12995277,0.5172998
BIG_OWFA,0.31195265,0.29346275,1.0,0.21835081,0.26271132,0.12952387,0.18775605
SYL_mAWFA,0.55707735,0.51998955,0.21835081,1.0,0.45786908,-0.16478051,0.9561514
VIS_IFG,0.58550966,0.5209307,0.26271132,0.45786908,1.0,0.18046282,0.41705185
VIS_VWFA,0.10928652,0.12995277,0.12952387,-0.16478051,0.18046282,1.0,-0.15537848
mAWFA_p-e09,0.5453215,0.5172998,0.18775605,0.9561514,0.41705185,-0.15537848,1.0
