,AUD_AWFA,BIG_OWFA,SYL_mAWFA,VIS_IFG,VIS_VWFA
AUD_AWFA,1.0,0.22725129,0.8235775,0.35284814,0.5087945
BIG_OWFA,0.22725129,1.0,0.16344056,0.14821097,0.348483
SYL_mAWFA,0.8235775,0.16344056,1.0,0.30073923,0.6213206
VIS_IFG,0.35284814,0.14821097,0.30073923,1.0,0.3649287
VIS_VWFA,0.5087945,0.348483,0.6213206,0.3649287,1.0
