,AUD_AWFA,AWFA_p-e09,BIG_OWFA,SYL_mAWFA,VIS_IFG,VIS_VWFA
AUD_AWFA,1.0,0.9185871,0.18897991,0.7411245,0.7274001,0.48337856
AWFA_p-e09,0.9185871,1.0,0.12137685,0.65828204,0.67046994,0.42059073
BIG_OWFA,0.18897991,0.12137685,1.0,0.39283913,0.21043071,0.29501736
SYL_mAWFA,0.7411245,0.65828204,0.39283913,1.0,0.7390249,0.5479068
VIS_IFG,0.7274001,0.67046994,0.21043071,0.7390249,1.0,0.57997143
VIS_VWFA,0.48337856,0.42059073,0.29501736,0.5479068,0.57997143,1.0
