,AUD_AWFA,AWFA_p-e09,BIG_OWFA,SYL_mAWFA,VIS_IFG,VIS_VWFA,mAWFA_p-e09
AUD_AWFA,1.0,0.9017393,0.19914606,0.48506194,0.41013446,0.012395543,0.48133406
AWFA_p-e09,0.9017393,1.0,0.2043828,0.4991002,0.35624242,0.048653685,0.4745116
BIG_OWFA,0.19914606,0.2043828,1.0,0.41908467,0.17952444,0.46568254,0.40874067
SYL_mAWFA,0.48506194,0.4991002,0.41908467,1.0,0.53394777,0.45201647,0.8911382
VIS_IFG,0.41013446,0.35624242,0.17952444,0.53394777,1.0,0.3237258,0.5456605
VIS_VWFA,0.012395543,0.048653685,0.46568254,0.45201647,0.3237258,1.0,0.42599046
mAWFA_p-e09,0.48133406,0.4745116,0.40874067,0.8911382,0.5456605,0.42599046,1.0
