,AUD_AWFA,AWFA_p-e09,BIG_OWFA,SYL_mAWFA,VIS_IFG,VIS_VWFA
AUD_AWFA,1.0,0.8948653,0.13458055,0.6846663,0.53902864,0.6137181
AWFA_p-e09,0.8948653,1.0,0.15322869,0.63330764,0.5833601,0.6059632
BIG_OWFA,0.13458055,0.15322869,1.0,0.28171313,0.07105211,0.36732203
SYL_mAWFA,0.6846663,0.63330764,0.28171313,1.0,0.51254445,0.6484923
VIS_IFG,0.53902864,0.5833601,0.07105211,0.51254445,1.0,0.61211413
VIS_VWFA,0.6137181,0.6059632,0.36732203,0.6484923,0.61211413,1.0
