,AUD_AWFA,BIG_OWFA,SYL_mAWFA,VIS_IFG,VIS_VWFA
AUD_AWFA,1.0,0.30379707,0.6881558,0.42358035,0.53637296
BIG_OWFA,0.30379707,1.0,0.34095982,0.30466554,0.5278133
SYL_mAWFA,0.6881558,0.34095982,1.0,0.55339754,0.6598907
VIS_IFG,0.42358035,0.30466554,0.55339754,1.0,0.7158305
VIS_VWFA,0.53637296,0.5278133,0.6598907,0.7158305,1.0
