,AUD_AWFA,AWFA_p-e09,BIG_OWFA,SYL_mAWFA,VIS_IFG,VIS_VWFA
AUD_AWFA,1.0,0.8907425,0.15405267,0.58804256,0.5650367,0.2921087
AWFA_p-e09,0.8907425,1.0,0.17116971,0.5728914,0.5710076,0.27729255
BIG_OWFA,0.15405267,0.17116971,1.0,0.21168265,0.10148178,0.5155657
SYL_mAWFA,0.58804256,0.5728914,0.21168265,1.0,0.628165,0.5320377
VIS_IFG,0.5650367,0.5710076,0.10148178,0.628165,1.0,0.27698812
VIS_VWFA,0.2921087,0.27729255,0.5155657,0.5320377,0.27698812,1.0
