,AUD_AWFA,AWFA_p-e09,BIG_OWFA,SYL_mAWFA,VIS_IFG,VIS_VWFA,mAWFA_p-e09
AUD_AWFA,1.0,0.93489134,0.38391095,0.7692165,0.6998516,0.50988525,0.7589682
AWFA_p-e09,0.93489134,1.0,0.4302306,0.7406689,0.7103151,0.5403958,0.7173817
BIG_OWFA,0.38391095,0.4302306,1.0,0.4041041,0.37561437,0.5399216,0.3115449
SYL_mAWFA,0.7692165,0.7406689,0.4041041,1.0,0.71269786,0.6163841,0.9289031
VIS_IFG,0.6998516,0.7103151,0.37561437,0.71269786,1.0,0.5967506,0.67036265
VIS_VWFA,0.50988525,0.5403958,0.5399216,0.6163841,0.5967506,1.0,0.5283367
mAWFA_p-e09,0.7589682,0.7173817,0.3115449,0.9289031,0.67036265,0.5283367,1.0
