,AUD_AWFA,BIG_OWFA,SYL_mAWFA,VIS_IFG,VIS_VWFA
AUD_AWFA,1.0,0.11624117,0.634271,0.48152673,0.45013365
BIG_OWFA,0.11624117,1.0,-0.0119146975,0.13076773,0.24456619
SYL_mAWFA,0.634271,-0.0119146975,1.0,0.39015758,0.4832407
VIS_IFG,0.48152673,0.13076773,0.39015758,1.0,0.3978785
VIS_VWFA,0.45013365,0.24456619,0.4832407,0.3978785,1.0
