,AUD_AWFA,BIG_OWFA,SYL_mAWFA,VIS_IFG,VIS_VWFA
AUD_AWFA,1.0,0.104376756,0.65281904,0.6072083,0.46515882
BIG_OWFA,0.104376756,1.0,-0.04936106,-0.04522534,0.36358002
SYL_mAWFA,0.65281904,-0.04936106,1.0,0.6575727,0.43578693
VIS_IFG,0.6072083,-0.04522534,0.6575727,1.0,0.46740872
VIS_VWFA,0.46515882,0.36358002,0.43578693,0.46740872,1.0
