,cluster_1,cluster_2,cluster_3,cluster_4,cluster_5,cluster_6,cluster_7
cluster_1,1.0,0.34028888,0.3241389,0.36120412,0.22001317,0.2654464,0.41759422
cluster_2,0.34028888,1.0,0.5827232,0.30817658,0.16404875,0.1400929,0.37184805
cluster_3,0.3241389,0.5827232,1.0,0.23404509,0.19681272,0.11432211,0.38049078
cluster_4,0.36120412,0.30817658,0.23404509,1.0,0.06963062,0.18370579,0.26269916
cluster_5,0.22001317,0.16404875,0.19681272,0.06963062,1.0,-0.110016294,0.20976613
cluster_6,0.2654464,0.1400929,0.11432211,0.18370579,-0.110016294,1.0,0.2335923
cluster_7,0.41759422,0.37184805,0.38049078,0.26269916,0.20976613,0.2335923,1.0
