,AUD_AWFA,BIG_OWFA,SYL_mAWFA,VIS_IFG,VIS_VWFA
AUD_AWFA,1.0,0.20225212,0.7281364,0.5159638,0.3707107
BIG_OWFA,0.20225212,1.0,0.09868939,0.39368963,0.4979048
SYL_mAWFA,0.7281364,0.09868939,1.0,0.5078811,0.35502183
VIS_IFG,0.5159638,0.39368963,0.5078811,1.0,0.36120978
VIS_VWFA,0.3707107,0.4979048,0.35502183,0.36120978,1.0
