,AUD_AWFA,AWFA_p-e09,BIG_OWFA,SYL_mAWFA,VIS_IFG,VIS_VWFA,mAWFA_p-e09
AUD_AWFA,1.0,0.9100355,0.30544403,0.68363804,0.6715046,0.49692693,0.7291403
AWFA_p-e09,0.9100355,1.0,0.20163561,0.7211243,0.63587034,0.4533231,0.7556952
BIG_OWFA,0.30544403,0.20163561,1.0,-0.014782519,0.2638044,0.57416624,0.009057681
SYL_mAWFA,0.68363804,0.7211243,-0.014782519,1.0,0.44125158,0.24635227,0.9547074
VIS_IFG,0.6715046,0.63587034,0.2638044,0.44125158,1.0,0.6393266,0.43197483
VIS_VWFA,0.49692693,0.4533231,0.57416624,0.24635227,0.6393266,1.0,0.25120622
mAWFA_p-e09,0.7291403,0.7556952,0.009057681,0.9547074,0.43197483,0.25120622,1.0
