,cluster_1,cluster_2,cluster_3,cluster_4,cluster_5,cluster_6,cluster_7
cluster_1,1.0,0.80107886,0.7170815,0.61423016,0.3959592,0.5444213,0.61686754
cluster_2,0.80107886,1.0,0.7242374,0.5705478,0.37276024,0.36734527,0.47432718
cluster_3,0.7170815,0.7242374,1.0,0.43321714,0.45156676,0.49254197,0.41489938
cluster_4,0.61423016,0.5705478,0.43321714,1.0,0.21373393,0.3818921,0.3220172
cluster_5,0.3959592,0.37276024,0.45156676,0.21373393,1.0,0.13760647,0.27683136
cluster_6,0.5444213,0.36734527,0.49254197,0.3818921,0.13760647,1.0,0.36036074
cluster_7,0.61686754,0.47432718,0.41489938,0.3220172,0.27683136,0.36036074,1.0
