,AUD_AWFA,AWFA_p-e09,BIG_OWFA,SYL_mAWFA,VIS_IFG,VIS_VWFA,mAWFA_p-e09
AUD_AWFA,1.0,0.93781734,0.6639237,0.73454165,0.55470216,0.68185997,0.6903896
AWFA_p-e09,0.93781734,1.0,0.62279093,0.7442488,0.5117423,0.64420205,0.6942478
BIG_OWFA,0.6639237,0.62279093,1.0,0.6752694,0.5744022,0.74840397,0.5952967
SYL_mAWFA,0.73454165,0.7442488,0.6752694,1.0,0.6186685,0.7045177,0.9270668
VIS_IFG,0.55470216,0.5117423,0.5744022,0.6186685,1.0,0.689526,0.5564519
VIS_VWFA,0.68185997,0.64420205,0.74840397,0.7045177,0.689526,1.0,0.63920313
mAWFA_p-e09,0.6903896,0.6942478,0.5952967,0.9270668,0.5564519,0.63920313,1.0
