,AUD_AWFA,AWFA_p-e09,BIG_OWFA,SYL_mAWFA,VIS_IFG,VIS_VWFA
AUD_AWFA,1.0,0.7371347,0.45264333,0.64148426,0.5756989,0.3766279
AWFA_p-e09,0.7371347,1.0,0.19943237,0.5880586,0.44685692,0.2188155
BIG_OWFA,0.45264333,0.19943237,1.0,0.41960648,0.2631581,0.5683878
SYL_mAWFA,0.64148426,0.5880586,0.41960648,1.0,0.3860912,0.5444593
VIS_IFG,0.5756989,0.44685692,0.2631581,0.3860912,1.0,0.21115305
VIS_VWFA,0.3766279,0.2188155,0.5683878,0.5444593,0.21115305,1.0
