,AUD_AWFA,BIG_OWFA,SYL_mAWFA,VIS_IFG,VIS_VWFA
AUD_AWFA,1.0,0.124719754,0.58206916,0.6050217,0.402858
BIG_OWFA,0.124719754,1.0,0.18044397,0.26758167,0.40601516
SYL_mAWFA,0.58206916,0.18044397,1.0,0.4946966,0.5451895
VIS_IFG,0.6050217,0.26758167,0.4946966,1.0,0.5441102
VIS_VWFA,0.402858,0.40601516,0.5451895,0.5441102,1.0
