,cluster_1,cluster_2,cluster_3,cluster_4,cluster_5,cluster_6,cluster_7
cluster_1,1.0,0.59277856,0.65985626,0.5833902,-0.058695104,0.19044091,0.37295452
cluster_2,0.59277856,1.0,0.6687062,0.5877605,-0.055480216,0.036786627,0.22936471
cluster_3,0.65985626,0.6687062,1.0,0.5670998,-0.117241666,0.16805883,0.19581327
cluster_4,0.5833902,0.5877605,0.5670998,1.0,-0.12528768,0.0082836235,0.23351729
cluster_5,-0.058695104,-0.055480216,-0.117241666,-0.12528768,1.0,0.2716616,0.20773304
cluster_6,0.19044091,0.036786627,0.16805883,0.0082836235,0.2716616,1.0,0.32477897
cluster_7,0.37295452,0.22936471,0.19581327,0.23351729,0.20773304,0.32477897,1.0
