,AUD_AWFA,AWFA_p-e09,BIG_OWFA,SYL_mAWFA,VIS_IFG,VIS_VWFA
AUD_AWFA,1.0,0.86322904,0.072942115,0.45742103,0.05395044,0.09549415
AWFA_p-e09,0.86322904,1.0,-0.008006849,0.50571406,0.18673874,0.024714684
BIG_OWFA,0.072942115,-0.008006849,1.0,-0.26434103,0.072156385,0.51533955
SYL_mAWFA,0.45742103,0.50571406,-0.26434103,1.0,0.031416036,-0.22946668
VIS_IFG,0.05395044,0.18673874,0.072156385,0.031416036,1.0,0.33982533
VIS_VWFA,0.09549415,0.024714684,0.51533955,-0.22946668,0.33982533,1.0
