,AUD_AWFA,AWFA_p-e09,BIG_OWFA,SYL_mAWFA,VIS_IFG,VIS_VWFA,mAWFA_p-e09
AUD_AWFA,1.0,0.909204,0.20092712,0.48763308,0.6008635,0.30069947,0.5024286
AWFA_p-e09,0.909204,1.0,0.19742094,0.40181231,0.46021572,0.18205872,0.3794521
BIG_OWFA,0.20092712,0.19742094,1.0,0.42416838,0.30403715,0.5456154,0.36343157
SYL_mAWFA,0.48763308,0.40181231,0.42416838,1.0,0.5640157,0.49643934,0.8697907
VIS_IFG,0.6008635,0.46021572,0.30403715,0.5640157,1.0,0.61468077,0.5799309
VIS_VWFA,0.30069947,0.18205872,0.5456154,0.49643934,0.61468077,1.0,0.49543083
mAWFA_p-e09,0.5024286,0.3794521,0.36343157,0.8697907,0.5799309,0.49543083,1.0
