,AUD_AWFA,AWFA_p-e09,BIG_OWFA,SYL_mAWFA,VIS_IFG,VIS_VWFA
AUD_AWFA,1.0,0.8234961,0.22284523,0.63176525,0.46534795,0.2942594
AWFA_p-e09,0.8234961,1.0,0.13327743,0.49391726,0.43364722,0.20953825
BIG_OWFA,0.22284523,0.13327743,1.0,0.3959573,0.0841989,0.3818026
SYL_mAWFA,0.63176525,0.49391726,0.3959573,1.0,0.56731266,0.38261482
VIS_IFG,0.46534795,0.43364722,0.0841989,0.56731266,1.0,0.38704053
VIS_VWFA,0.2942594,0.20953825,0.3818026,0.38261482,0.38704053,1.0
