,cluster_1,cluster_2,cluster_3,cluster_4,cluster_5,cluster_6,cluster_7
cluster_1,1.0,0.5925726,0.46327853,0.49347594,0.511285,0.097508214,0.44283125
cluster_2,0.5925726,1.0,0.47767326,0.51907253,0.46128702,0.202794,0.37629527
cluster_3,0.46327853,0.47767326,1.0,0.29867822,0.31589797,0.21897851,0.060870197
cluster_4,0.49347594,0.51907253,0.29867822,1.0,0.33032236,0.41077247,0.54465383
cluster_5,0.511285,0.46128702,0.31589797,0.33032236,1.0,0.24724391,0.24726209
cluster_6,0.097508214,0.202794,0.21897851,0.41077247,0.24724391,1.0,0.11282666
cluster_7,0.44283125,0.37629527,0.060870197,0.54465383,0.24726209,0.11282666,1.0
