,cluster_1,cluster_2,cluster_3,cluster_4,cluster_5,cluster_6,cluster_7
cluster_1,1.0,0.64750415,0.57469285,0.43662128,0.30780315,0.26962242,0.5382646
cluster_2,0.64750415,1.0,0.57829064,0.41266465,0.1300393,0.22327349,0.3814708
cluster_3,0.57469285,0.57829064,1.0,0.26230934,0.24092339,0.16531816,0.3055344
cluster_4,0.43662128,0.41266465,0.26230934,1.0,0.11927196,0.19379249,0.34803507
cluster_5,0.30780315,0.1300393,0.24092339,0.11927196,1.0,0.4282715,0.42633873
cluster_6,0.26962242,0.22327349,0.16531816,0.19379249,0.4282715,1.0,0.32794443
cluster_7,0.5382646,0.3814708,0.3055344,0.34803507,0.42633873,0.32794443,1.0
