,AUD_AWFA,BIG_OWFA,SYL_mAWFA,VIS_IFG,VIS_VWFA
AUD_AWFA,1.0,0.33136728,0.5906552,0.7057753,0.4751386
BIG_OWFA,0.33136728,1.0,0.06400781,0.4620958,0.64794993
SYL_mAWFA,0.5906552,0.06400781,1.0,0.36407533,0.1328062
VIS_IFG,0.7057753,0.4620958,0.36407533,1.0,0.622057
VIS_VWFA,0.4751386,0.64794993,0.1328062,0.622057,1.0
