,cluster_1,cluster_2,cluster_3,cluster_4,cluster_5,cluster_6,cluster_7
cluster_1,1.0,0.43091014,0.542549,0.55900365,0.46897537,0.39889008,0.6710436
cluster_2,0.43091014,1.0,0.2450607,0.38146776,0.34849417,0.15941752,0.34254768
cluster_3,0.542549,0.2450607,1.0,0.46437797,0.4368119,0.38340813,0.38493738
cluster_4,0.55900365,0.38146776,0.46437797,1.0,0.34726664,0.413429,0.3916828
cluster_5,0.46897537,0.34849417,0.4368119,0.34726664,1.0,0.26973113,0.46283972
cluster_6,0.39889008,0.15941752,0.38340813,0.413429,0.26973113,1.0,0.3283986
cluster_7,0.6710436,0.34254768,0.38493738,0.3916828,0.46283972,0.3283986,1.0
