,cluster_1,cluster_2,cluster_3,cluster_4,cluster_5,cluster_6,cluster_7
cluster_1,1.0,0.428005,0.505542,0.33312082,-0.06619065,0.16614455,0.4523016
cluster_2,0.428005,1.0,0.50364673,0.28721738,-0.07764831,0.06910132,0.35130417
cluster_3,0.505542,0.50364673,1.0,0.035168365,-0.15175878,0.3520843,0.32227024
cluster_4,0.33312082,0.28721738,0.035168365,1.0,0.049882703,-0.09250514,0.1522161
cluster_5,-0.06619065,-0.07764831,-0.15175878,0.049882703,1.0,-0.5370471,0.118210055
cluster_6,0.16614455,0.06910132,0.3520843,-0.09250514,-0.5370471,1.0,0.04622388
cluster_7,0.4523016,0.35130417,0.32227024,0.1522161,0.118210055,0.04622388,1.0
