,AUD_AWFA,AWFA_p-e09,BIG_OWFA,SYL_mAWFA,VIS_IFG,VIS_VWFA,mAWFA_p-e09
AUD_AWFA,1.0,0.93929714,0.5835904,0.8010538,0.52474076,0.5286607,0.7997982
AWFA_p-e09,0.93929714,1.0,0.5593807,0.75640225,0.47943878,0.5102382,0.7409257
BIG_OWFA,0.5835904,0.5593807,1.0,0.5551041,0.4292175,0.5235996,0.5372932
SYL_mAWFA,0.8010538,0.75640225,0.5551041,1.0,0.5593947,0.58316195,0.9497982
VIS_IFG,0.52474076,0.47943878,0.4292175,0.5593947,1.0,0.35311615,0.5675882
VIS_VWFA,0.5286607,0.5102382,0.5235996,0.58316195,0.35311615,1.0,0.54033977
mAWFA_p-e09,0.7997982,0.7409257,0.5372932,0.9497982,0.5675882,0.54033977,1.0
