,AUD_AWFA,AWFA_p-e09,BIG_OWFA,SYL_mAWFA,VIS_IFG,VIS_VWFA,mAWFA_p-e09
AUD_AWFA,1.0,0.8770499,0.083441205,0.27166548,0.37076625,0.00969284,0.24984397
AWFA_p-e09,0.8770499,1.0,0.035140734,0.19413258,0.3407418,-0.04743506,0.18689175
BIG_OWFA,0.083441205,0.035140734,1.0,-0.02073071,0.27049893,0.38966542,-0.08042876
SYL_mAWFA,0.27166548,0.19413258,-0.02073071,1.0,0.24721676,0.04879471,0.91223353
VIS_IFG,0.37076625,0.3407418,0.27049893,0.24721676,1.0,0.26741043,0.16871886
VIS_VWFA,0.00969284,-0.04743506,0.38966542,0.04879471,0.26741043,1.0,-0.0416957
mAWFA_p-e09,0.24984397,0.18689175,-0.08042876,0.91223353,0.16871886,-0.0416957,1.0
