,AUD_AWFA,AWFA_p-e09,BIG_OWFA,SYL_mAWFA,VIS_IFG,VIS_VWFA
AUD_AWFA,1.0,0.92095625,0.11671579,0.6368607,0.48349282,0.45197156
AWFA_p-e09,0.92095625,1.0,0.0668464,0.5590803,0.52312505,0.39816815
BIG_OWFA,0.11671579,0.0668464,1.0,-0.011963346,0.13130166,0.24556476
SYL_mAWFA,0.6368607,0.5590803,-0.011963346,1.0,0.3917506,0.4852138
VIS_IFG,0.48349282,0.52312505,0.13130166,0.3917506,1.0,0.39950302
VIS_VWFA,0.45197156,0.39816815,0.24556476,0.4852138,0.39950302,1.0
