,AUD_AWFA,AWFA_p-e09,BIG_OWFA,SYL_mAWFA,VIS_IFG,VIS_VWFA
AUD_AWFA,1.0,0.8954726,0.21677789,0.5096915,0.4948509,0.4630056
AWFA_p-e09,0.8954726,1.0,0.22065867,0.5642556,0.5261208,0.3952477
BIG_OWFA,0.21677789,0.22065867,1.0,0.010557216,0.360404,0.38507172
SYL_mAWFA,0.5096915,0.5642556,0.010557216,1.0,0.18876477,0.015543144
VIS_IFG,0.4948509,0.5261208,0.360404,0.18876477,1.0,0.4828042
VIS_VWFA,0.4630056,0.3952477,0.38507172,0.015543144,0.4828042,1.0
