,AUD_AWFA,AWFA_p-e09,BIG_OWFA,SYL_mAWFA,VIS_IFG,VIS_VWFA
AUD_AWFA,1.0,0.8673649,0.20027779,0.20457786,0.34155294,0.22571303
AWFA_p-e09,0.8673649,1.0,0.1931609,0.21572919,0.42233738,0.29497787
BIG_OWFA,0.20027779,0.1931609,1.0,0.25742283,0.31285468,0.36187035
SYL_mAWFA,0.20457786,0.21572919,0.25742283,1.0,0.1097405,0.20339918
VIS_IFG,0.34155294,0.42233738,0.31285468,0.1097405,1.0,0.6858614
VIS_VWFA,0.22571303,0.29497787,0.36187035,0.20339918,0.6858614,1.0
