,AUD_AWFA,AWFA_p-e09,BIG_OWFA,SYL_mAWFA,VIS_IFG,VIS_VWFA
AUD_AWFA,1.0,0.9152161,-0.011051142,0.61085147,0.2587202,0.24145964
AWFA_p-e09,0.9152161,1.0,-0.015061738,0.6305423,0.33138493,0.27764863
BIG_OWFA,-0.011051142,-0.015061738,1.0,-0.3256259,0.36923546,0.56430143
SYL_mAWFA,0.61085147,0.6305423,-0.3256259,1.0,0.14148092,-0.108379245
VIS_IFG,0.2587202,0.33138493,0.36923546,0.14148092,1.0,0.70584357
VIS_VWFA,0.24145964,0.27764863,0.56430143,-0.108379245,0.70584357,1.0
