,AUD_AWFA,AWFA_p-e09,BIG_OWFA,SYL_mAWFA,VIS_IFG,VIS_VWFA,mAWFA_p-e09
AUD_AWFA,1.0,0.89848715,0.13962351,0.5312636,0.3436722,0.20270847,0.6459912
AWFA_p-e09,0.89848715,1.0,0.10461535,0.5244834,0.35071102,0.18100566,0.57927155
BIG_OWFA,0.13962351,0.10461535,1.0,0.082344964,-0.06970017,0.36335012,0.12663502
SYL_mAWFA,0.5312636,0.5244834,0.082344964,1.0,0.54352456,0.3091894,0.8102157
VIS_IFG,0.3436722,0.35071102,-0.06970017,0.54352456,1.0,0.22341585,0.38124025
VIS_VWFA,0.20270847,0.18100566,0.36335012,0.3091894,0.22341585,1.0,0.29674813
mAWFA_p-e09,0.6459912,0.57927155,0.12663502,0.8102157,0.38124025,0.29674813,1.0
