,AUD_AWFA,AWFA_p-e09,BIG_OWFA,SYL_mAWFA,VIS_IFG,VIS_VWFA,mAWFA_p-e09
AUD_AWFA,1.0,0.92742425,0.043811776,0.5956658,0.34840116,0.12739302,0.58221996
AWFA_p-e09,0.92742425,1.0,0.087746754,0.50342965,0.35650694,0.16761383,0.48639205
BIG_OWFA,0.043811776,0.087746754,1.0,-0.2464766,0.3253205,0.59511006,-0.30152047
SYL_mAWFA,0.5956658,0.50342965,-0.2464766,1.0,0.15646155,-0.201917,0.95416117
VIS_IFG,0.34840116,0.35650694,0.3253205,0.15646155,1.0,0.49515122,0.07046208
VIS_VWFA,0.12739302,0.16761383,0.59511006,-0.201917,0.49515122,1.0,-0.2575423
mAWFA_p-e09,0.58221996,0.48639205,-0.30152047,0.95416117,0.07046208,-0.2575423,1.0
