,AUD_AWFA,AWFA_p-e09,BIG_OWFA,SYL_mAWFA,VIS_IFG,VIS_VWFA
AUD_AWFA,1.0,0.8968898,0.1411302,0.3987076,0.2862685,0.40199384
AWFA_p-e09,0.8968898,1.0,0.04617217,0.3672115,0.15701348,0.28547966
BIG_OWFA,0.1411302,0.04617217,1.0,-0.12079661,0.14877321,0.41824514
SYL_mAWFA,0.3987076,0.3672115,-0.12079661,1.0,0.24055304,0.1286769
VIS_IFG,0.2862685,0.15701348,0.14877321,0.24055304,1.0,0.40338093
VIS_VWFA,0.40199384,0.28547966,0.41824514,0.1286769,0.40338093,1.0
