,cluster_1,cluster_2,cluster_3,cluster_4,cluster_5,cluster_6,cluster_7
cluster_1,1.0,0.7866513,0.68958616,0.49724817,0.31822166,0.5800866,0.5629993
cluster_2,0.7866513,1.0,0.77420837,0.44714034,0.22339657,0.4068922,0.43269914
cluster_3,0.68958616,0.77420837,1.0,0.49472928,0.31333253,0.4564008,0.35405886
cluster_4,0.49724817,0.44714034,0.49472928,1.0,0.21313883,0.39433858,0.37025982
cluster_5,0.31822166,0.22339657,0.31333253,0.21313883,1.0,0.46374342,0.14953302
cluster_6,0.5800866,0.4068922,0.4564008,0.39433858,0.46374342,1.0,0.28303155
cluster_7,0.5629993,0.43269914,0.35405886,0.37025982,0.14953302,0.28303155,1.0
