,AUD_AWFA,BIG_OWFA,SYL_mAWFA,VIS_IFG,VIS_VWFA
AUD_AWFA,1.0,0.101567335,0.45890087,0.17085508,0.22066067
BIG_OWFA,0.101567335,1.0,-0.14261517,0.23929198,0.59755445
SYL_mAWFA,0.45890087,-0.14261517,1.0,0.18549442,0.06355414
VIS_IFG,0.17085508,0.23929198,0.18549442,1.0,0.6318698
VIS_VWFA,0.22066067,0.59755445,0.06355414,0.6318698,1.0
