,AUD_AWFA,AWFA_p-e09,BIG_OWFA,SYL_mAWFA,VIS_IFG,VIS_VWFA
AUD_AWFA,1.0,0.9190999,0.32767868,0.6426449,0.45228028,0.56790006
AWFA_p-e09,0.9190999,1.0,0.29673165,0.59059334,0.4309241,0.5622467
BIG_OWFA,0.32767868,0.29673165,1.0,0.25360408,0.3382557,0.5192867
SYL_mAWFA,0.6426449,0.59059334,0.25360408,1.0,0.29830334,0.4790213
VIS_IFG,0.45228028,0.4309241,0.3382557,0.29830334,1.0,0.56861895
VIS_VWFA,0.56790006,0.5622467,0.5192867,0.4790213,0.56861895,1.0
