,AUD_AWFA,AWFA_p-e09,BIG_OWFA,SYL_mAWFA,VIS_IFG,VIS_VWFA,mAWFA_p-e09
AUD_AWFA,1.0,0.9105346,0.08306958,0.6517926,0.40584022,0.37150046,0.6581817
AWFA_p-e09,0.9105346,1.0,0.11857401,0.59605175,0.4049007,0.4062647,0.5865673
BIG_OWFA,0.08306958,0.11857401,1.0,0.13085759,0.18941502,0.47579616,0.10663996
SYL_mAWFA,0.6517926,0.59605175,0.13085759,1.0,0.4362613,0.47970214,0.9585224
VIS_IFG,0.40584022,0.4049007,0.18941502,0.4362613,1.0,0.42604917,0.39698634
VIS_VWFA,0.37150046,0.4062647,0.47579616,0.47970214,0.42604917,1.0,0.4661476
mAWFA_p-e09,0.6581817,0.5865673,0.10663996,0.9585224,0.39698634,0.4661476,1.0
