,AUD_AWFA,AWFA_p-e09,BIG_OWFA,SYL_mAWFA,VIS_IFG,VIS_VWFA,mAWFA_p-e09
AUD_AWFA,1.0,0.851556,0.190555,0.3924592,0.3774426,0.09577712,0.346015
AWFA_p-e09,0.851556,1.0,0.12875664,0.36401626,0.2649512,0.11442628,0.27927923
BIG_OWFA,0.190555,0.12875664,1.0,0.43553814,0.2644172,0.4784507,0.33938032
SYL_mAWFA,0.3924592,0.36401626,0.43553814,1.0,0.37504572,0.4410019,0.8133804
VIS_IFG,0.3774426,0.2649512,0.2644172,0.37504572,1.0,0.42223603,0.3469591
VIS_VWFA,0.09577712,0.11442628,0.4784507,0.4410019,0.42223603,1.0,0.37504172
mAWFA_p-e09,0.346015,0.27927923,0.33938032,0.8133804,0.3469591,0.37504172,1.0
