,cluster_1,cluster_2,cluster_3,cluster_4,cluster_5,cluster_6,cluster_7
cluster_1,1.0,0.48349887,0.65562993,0.6602099,0.22831662,0.592647,0.6857361
cluster_2,0.48349887,1.0,0.5469637,0.46060908,0.24496278,0.3494151,0.41757458
cluster_3,0.65562993,0.5469637,1.0,0.41703838,0.075546436,0.42238975,0.50709134
cluster_4,0.6602099,0.46060908,0.41703838,1.0,0.036105037,0.4971343,0.51812583
cluster_5,0.22831662,0.24496278,0.075546436,0.036105037,1.0,-0.13706963,0.2677955
cluster_6,0.592647,0.3494151,0.42238975,0.4971343,-0.13706963,1.0,0.5317493
cluster_7,0.6857361,0.41757458,0.50709134,0.51812583,0.2677955,0.5317493,1.0
