,AUD_AWFA,BIG_OWFA,SYL_mAWFA,VIS_IFG,VIS_VWFA
AUD_AWFA,1.0,0.47656006,0.6353763,0.6318048,0.5747722
BIG_OWFA,0.47656006,1.0,0.37755105,0.5434058,0.70472157
SYL_mAWFA,0.6353763,0.37755105,1.0,0.6099182,0.35074872
VIS_IFG,0.6318048,0.5434058,0.6099182,1.0,0.6794443
VIS_VWFA,0.5747722,0.70472157,0.35074872,0.6794443,1.0
