,AUD_AWFA,AWFA_p-e09,BIG_OWFA,SYL_mAWFA,VIS_IFG,VIS_VWFA,mAWFA_p-e09
AUD_AWFA,1.0,0.8444988,0.38060358,0.6335004,0.25459504,0.38575095,0.5955407
AWFA_p-e09,0.8444988,1.0,0.33212873,0.6304185,0.27016518,0.37609062,0.60544133
BIG_OWFA,0.38060358,0.33212873,1.0,0.58547395,0.21956332,0.70824015,0.44957796
SYL_mAWFA,0.6335004,0.6304185,0.58547395,1.0,0.2552753,0.60875195,0.8678117
VIS_IFG,0.25459504,0.27016518,0.21956332,0.2552753,1.0,0.26737723,0.19193527
VIS_VWFA,0.38575095,0.37609062,0.70824015,0.60875195,0.26737723,1.0,0.4487616
mAWFA_p-e09,0.5955407,0.60544133,0.44957796,0.8678117,0.19193527,0.4487616,1.0
