,AUD_AWFA,AWFA_p-e09,BIG_OWFA,SYL_mAWFA,VIS_IFG,VIS_VWFA
AUD_AWFA,1.0,0.8761454,0.45471054,0.806694,0.6069413,0.54315346
AWFA_p-e09,0.8761454,1.0,0.38687584,0.7136072,0.5251382,0.5315172
BIG_OWFA,0.45471054,0.38687584,1.0,0.5754574,0.23688424,0.50271237
SYL_mAWFA,0.806694,0.7136072,0.5754574,1.0,0.5737907,0.5404598
VIS_IFG,0.6069413,0.5251382,0.23688424,0.5737907,1.0,0.4768147
VIS_VWFA,0.54315346,0.5315172,0.50271237,0.5404598,0.4768147,1.0
