,AUD_AWFA,AWFA_p-e09,BIG_OWFA,SYL_mAWFA,VIS_IFG,VIS_VWFA,mAWFA_p-e09
AUD_AWFA,1.0,0.9052963,0.43509176,0.73080254,0.5866887,0.40942934,0.6683304
AWFA_p-e09,0.9052963,1.0,0.42848456,0.7327265,0.6455987,0.4052225,0.6661402
BIG_OWFA,0.43509176,0.42848456,1.0,0.47848254,0.24467747,0.3591483,0.42060497
SYL_mAWFA,0.73080254,0.7327265,0.47848254,1.0,0.6208904,0.50106776,0.87928045
VIS_IFG,0.5866887,0.6455987,0.24467747,0.6208904,1.0,0.46095827,0.5163478
VIS_VWFA,0.40942934,0.4052225,0.3591483,0.50106776,0.46095827,1.0,0.44468933
mAWFA_p-e09,0.6683304,0.6661402,0.42060497,0.87928045,0.5163478,0.44468933,1.0
