,AUD_AWFA,AWFA_p-e09,BIG_OWFA,SYL_mAWFA,VIS_IFG,VIS_VWFA
AUD_AWFA,1.0,0.8462105,0.26198468,0.44521943,0.43170512,0.36598665
AWFA_p-e09,0.8462105,1.0,0.29867092,0.45213264,0.5386008,0.47870225
BIG_OWFA,0.26198468,0.29867092,1.0,0.20797078,0.37232724,0.39362574
SYL_mAWFA,0.44521943,0.45213264,0.20797078,1.0,0.24977112,0.38988647
VIS_IFG,0.43170512,0.5386008,0.37232724,0.24977112,1.0,0.44110015
VIS_VWFA,0.36598665,0.47870225,0.39362574,0.38988647,0.44110015,1.0
