,AUD_AWFA,AWFA_p-e09,BIG_OWFA,SYL_mAWFA,VIS_IFG,VIS_VWFA
AUD_AWFA,1.0,0.8893314,0.360404,0.5994533,0.38351762,0.2442017
AWFA_p-e09,0.8893314,1.0,0.32969478,0.5876053,0.38456523,0.23011215
BIG_OWFA,0.360404,0.32969478,1.0,0.3887213,0.37762433,0.38920912
SYL_mAWFA,0.5994533,0.5876053,0.3887213,1.0,0.45702574,0.28057474
VIS_IFG,0.38351762,0.38456523,0.37762433,0.45702574,1.0,0.42267287
VIS_VWFA,0.2442017,0.23011215,0.38920912,0.28057474,0.42267287,1.0
