,AUD_AWFA,AWFA_p-e09,BIG_OWFA,SYL_mAWFA,VIS_IFG,VIS_VWFA
AUD_AWFA,1.0,0.89787126,0.18129411,0.4558665,0.39807734,0.2539768
AWFA_p-e09,0.89787126,1.0,0.14243172,0.37282205,0.39897892,0.24456102
BIG_OWFA,0.18129411,0.14243172,1.0,0.0123148905,0.3459872,0.30101293
SYL_mAWFA,0.4558665,0.37282205,0.0123148905,1.0,0.3369041,0.23750252
VIS_IFG,0.39807734,0.39897892,0.3459872,0.3369041,1.0,0.6350613
VIS_VWFA,0.2539768,0.24456102,0.30101293,0.23750252,0.6350613,1.0
