,AUD_AWFA,AWFA_p-e09,BIG_OWFA,SYL_mAWFA,VIS_IFG,VIS_VWFA
AUD_AWFA,1.0,0.9594963,0.31110203,0.8441318,0.58534926,0.731166
AWFA_p-e09,0.9594963,1.0,0.32385722,0.8279185,0.5654452,0.7172818
BIG_OWFA,0.31110203,0.32385722,1.0,0.32872117,0.3105436,0.37940705
SYL_mAWFA,0.8441318,0.8279185,0.32872117,1.0,0.5071338,0.7145533
VIS_IFG,0.58534926,0.5654452,0.3105436,0.5071338,1.0,0.6858822
VIS_VWFA,0.731166,0.7172818,0.37940705,0.7145533,0.6858822,1.0
