,cluster_1,cluster_2,cluster_3,cluster_4,cluster_5,cluster_6,cluster_7
cluster_1,1.0,0.4428945,0.24264513,0.5380449,0.5716506,0.15414551,0.30811092
cluster_2,0.4428945,1.0,0.30056745,0.52721965,0.29635283,0.13570581,0.20422345
cluster_3,0.24264513,0.30056745,1.0,0.28763005,0.2664671,-0.054561716,0.026086943
cluster_4,0.5380449,0.52721965,0.28763005,1.0,0.38565016,0.13167015,0.2741256
cluster_5,0.5716506,0.29635283,0.2664671,0.38565016,1.0,0.12991108,0.18358944
cluster_6,0.15414551,0.13570581,-0.054561716,0.13167015,0.12991108,1.0,0.12329481
cluster_7,0.30811092,0.20422345,0.026086943,0.2741256,0.18358944,0.12329481,1.0
