,AUD_AWFA,AWFA_p-e09,BIG_OWFA,SYL_mAWFA,VIS_IFG,VIS_VWFA
AUD_AWFA,1.0,0.9203361,0.366406,0.7005651,0.6542639,0.47563094
AWFA_p-e09,0.9203361,1.0,0.3135464,0.6428954,0.6512898,0.48666197
BIG_OWFA,0.366406,0.3135464,1.0,0.48901433,0.34579098,0.49669212
SYL_mAWFA,0.7005651,0.6428954,0.48901433,1.0,0.5722203,0.56833005
VIS_IFG,0.6542639,0.6512898,0.34579098,0.5722203,1.0,0.65939075
VIS_VWFA,0.47563094,0.48666197,0.49669212,0.56833005,0.65939075,1.0
