,AUD_AWFA,BIG_OWFA,SYL_mAWFA,VIS_IFG,VIS_VWFA
AUD_AWFA,1.0,0.36360314,0.7485502,0.64041656,0.46158823
BIG_OWFA,0.36360314,1.0,0.3716545,0.43851572,0.6106184
SYL_mAWFA,0.7485502,0.3716545,1.0,0.54946554,0.5098348
VIS_IFG,0.64041656,0.43851572,0.54946554,1.0,0.6658806
VIS_VWFA,0.46158823,0.6106184,0.5098348,0.6658806,1.0
