,cluster_1,cluster_2,cluster_3,cluster_4,cluster_5,cluster_6,cluster_7
cluster_1,1.0,0.49446347,0.44975945,0.54660773,0.52025074,0.33284095,0.6273732
cluster_2,0.49446347,1.0,0.34773517,0.38054568,0.36893782,0.06478176,0.34472805
cluster_3,0.44975945,0.34773517,1.0,0.43864164,0.41975674,0.04587118,0.49742207
cluster_4,0.54660773,0.38054568,0.43864164,1.0,0.2815546,0.17053363,0.52125
cluster_5,0.52025074,0.36893782,0.41975674,0.2815546,1.0,0.27972874,0.23328444
cluster_6,0.33284095,0.06478176,0.04587118,0.17053363,0.27972874,1.0,0.23187166
cluster_7,0.6273732,0.34472805,0.49742207,0.52125,0.23328444,0.23187166,1.0
