,AUD_AWFA,AWFA_p-e09,BIG_OWFA,SYL_mAWFA,VIS_IFG,VIS_VWFA
AUD_AWFA,1.0,0.82648814,0.26306048,0.65155447,0.23515481,0.21735951
AWFA_p-e09,0.82648814,1.0,0.108132854,0.6040084,0.17209648,0.15962727
BIG_OWFA,0.26306048,0.108132854,1.0,0.22902651,0.26715758,0.31644955
SYL_mAWFA,0.65155447,0.6040084,0.22902651,1.0,0.2250367,0.2932605
VIS_IFG,0.23515481,0.17209648,0.26715758,0.2250367,1.0,0.6715131
VIS_VWFA,0.21735951,0.15962727,0.31644955,0.2932605,0.6715131,1.0
