,AUD_AWFA,AWFA_p-e09,BIG_OWFA,SYL_mAWFA,VIS_IFG,VIS_VWFA
AUD_AWFA,1.0,0.81812996,-0.06248889,0.3683191,0.08092008,-0.17809291
AWFA_p-e09,0.81812996,1.0,-0.07602899,0.3670411,0.11994417,-0.109765805
BIG_OWFA,-0.06248889,-0.07602899,1.0,0.113543645,-0.13129663,-0.0015062576
SYL_mAWFA,0.3683191,0.3670411,0.113543645,1.0,0.22554888,0.033285774
VIS_IFG,0.08092008,0.11994417,-0.13129663,0.22554888,1.0,0.5059749
VIS_VWFA,-0.17809291,-0.109765805,-0.0015062576,0.033285774,0.5059749,1.0
