,AUD_AWFA,AWFA_p-e09,BIG_OWFA,SYL_mAWFA,VIS_IFG,VIS_VWFA,mAWFA_p-e09
AUD_AWFA,1.0,0.8874761,0.21912067,0.6128428,0.5280515,0.3309149,0.54700464
AWFA_p-e09,0.8874761,1.0,0.1780843,0.6304288,0.4815453,0.3031043,0.5721795
BIG_OWFA,0.21912067,0.1780843,1.0,0.22662479,0.2644539,0.4725253,0.14511013
SYL_mAWFA,0.6128428,0.6304288,0.22662479,1.0,0.50507295,0.35335493,0.89029056
VIS_IFG,0.5280515,0.4815453,0.2644539,0.50507295,1.0,0.44634503,0.468042
VIS_VWFA,0.3309149,0.3031043,0.4725253,0.35335493,0.44634503,1.0,0.2533388
mAWFA_p-e09,0.54700464,0.5721795,0.14511013,0.89029056,0.468042,0.2533388,1.0
