,AUD_AWFA,AWFA_p-e09,BIG_OWFA,SYL_mAWFA,VIS_IFG,VIS_VWFA,mAWFA_p-e09
AUD_AWFA,1.0,0.8501926,0.46312338,0.67622983,0.5716227,0.5066603,0.5221888
AWFA_p-e09,0.8501926,1.0,0.3987769,0.5758549,0.5757464,0.50912154,0.455878
BIG_OWFA,0.46312338,0.3987769,1.0,0.39309675,0.42357752,0.5663452,0.2534168
SYL_mAWFA,0.67622983,0.5758549,0.39309675,1.0,0.6112643,0.56322455,0.8698697
VIS_IFG,0.5716227,0.5757464,0.42357752,0.6112643,1.0,0.66230935,0.4616816
VIS_VWFA,0.5066603,0.50912154,0.5663452,0.56322455,0.66230935,1.0,0.39646354
mAWFA_p-e09,0.5221888,0.455878,0.2534168,0.8698697,0.4616816,0.39646354,1.0
