,AUD_AWFA,AWFA_p-e09,BIG_OWFA,SYL_mAWFA,VIS_IFG,VIS_VWFA,mAWFA_p-e09
AUD_AWFA,1.0,0.87537926,0.35924813,0.6932781,0.55367565,0.4689247,0.46071568
AWFA_p-e09,0.87537926,1.0,0.328622,0.5404349,0.46625584,0.3822957,0.34449
BIG_OWFA,0.35924813,0.328622,1.0,0.42287296,0.38247463,0.4661769,0.21288851
SYL_mAWFA,0.6932781,0.5404349,0.42287296,1.0,0.6158369,0.5523265,0.81797415
VIS_IFG,0.55367565,0.46625584,0.38247463,0.6158369,1.0,0.6632556,0.38703397
VIS_VWFA,0.4689247,0.3822957,0.4661769,0.5523265,0.6632556,1.0,0.32161725
mAWFA_p-e09,0.46071568,0.34449,0.21288851,0.81797415,0.38703397,0.32161725,1.0
