,AUD_AWFA,AWFA_p-e09,BIG_OWFA,SYL_mAWFA,VIS_IFG,VIS_VWFA
AUD_AWFA,1.0,0.7430364,0.16437458,0.42989597,0.5161503,0.15055598
AWFA_p-e09,0.7430364,1.0,0.06280475,0.32582507,0.36050004,0.076239474
BIG_OWFA,0.16437458,0.06280475,1.0,0.22391923,0.22473593,0.19025658
SYL_mAWFA,0.42989597,0.32582507,0.22391923,1.0,0.4790927,0.21182935
VIS_IFG,0.5161503,0.36050004,0.22473593,0.4790927,1.0,0.32518318
VIS_VWFA,0.15055598,0.076239474,0.19025658,0.21182935,0.32518318,1.0
