,AUD_AWFA,AWFA_p-e09,BIG_OWFA,SYL_mAWFA,VIS_IFG,VIS_VWFA
AUD_AWFA,1.0,0.83554053,0.040753968,0.2361714,0.18998197,0.02298128
AWFA_p-e09,0.83554053,1.0,-0.013865324,0.17574738,0.14054792,-0.021812188
BIG_OWFA,0.040753968,-0.013865324,1.0,0.2580425,0.07344732,0.12553938
SYL_mAWFA,0.2361714,0.17574738,0.2580425,1.0,0.31878895,0.09991947
VIS_IFG,0.18998197,0.14054792,0.07344732,0.31878895,1.0,0.19858125
VIS_VWFA,0.02298128,-0.021812188,0.12553938,0.09991947,0.19858125,1.0
