,AUD_AWFA,BIG_OWFA,SYL_mAWFA,VIS_IFG,VIS_VWFA
AUD_AWFA,1.0,0.38122925,0.78257996,0.7080733,0.46415165
BIG_OWFA,0.38122925,1.0,0.37753382,0.3257361,0.6360437
SYL_mAWFA,0.78257996,0.37753382,1.0,0.64470226,0.5617552
VIS_IFG,0.7080733,0.3257361,0.64470226,1.0,0.54214466
VIS_VWFA,0.46415165,0.6360437,0.5617552,0.54214466,1.0
