,AUD_AWFA,AWFA_p-e09,BIG_OWFA,SYL_mAWFA,VIS_IFG,VIS_VWFA,mAWFA_p-e09
AUD_AWFA,1.0,0.90098727,0.36902782,0.43330404,0.5012276,0.44819394,0.47853333
AWFA_p-e09,0.90098727,1.0,0.3175384,0.38109374,0.3657836,0.4360786,0.38525653
BIG_OWFA,0.36902782,0.3175384,1.0,0.017376507,0.29420027,0.4662594,0.053973682
SYL_mAWFA,0.43330404,0.38109374,0.017376507,1.0,0.19919471,0.16730267,0.9281269
VIS_IFG,0.5012276,0.3657836,0.29420027,0.19919471,1.0,0.5678712,0.26029596
VIS_VWFA,0.44819394,0.4360786,0.4662594,0.16730267,0.5678712,1.0,0.20174183
mAWFA_p-e09,0.47853333,0.38525653,0.053973682,0.9281269,0.26029596,0.20174183,1.0
