,AUD_AWFA,AWFA_p-e09,BIG_OWFA,SYL_mAWFA,VIS_IFG,VIS_VWFA,mAWFA_p-e09
AUD_AWFA,1.0,0.8190735,0.28575322,0.4233448,0.2642602,0.13121161,0.16130583
AWFA_p-e09,0.8190735,1.0,0.2624848,0.3884556,0.25741434,0.12633123,0.123424925
BIG_OWFA,0.28575322,0.2624848,1.0,0.3024761,0.13749948,0.07996563,0.26715043
SYL_mAWFA,0.4233448,0.3884556,0.3024761,1.0,0.1886846,0.09962609,0.76697594
VIS_IFG,0.2642602,0.25741434,0.13749948,0.1886846,1.0,0.6954474,0.022861362
VIS_VWFA,0.13121161,0.12633123,0.07996563,0.09962609,0.6954474,1.0,0.07156341
mAWFA_p-e09,0.16130583,0.123424925,0.26715043,0.76697594,0.022861362,0.07156341,1.0
