,AUD_AWFA,AWFA_p-e09,BIG_OWFA,SYL_mAWFA,VIS_IFG,VIS_VWFA,mAWFA_p-e09
AUD_AWFA,1.0,0.84567815,0.42679176,0.68700975,0.62812036,0.6291503,0.65670496
AWFA_p-e09,0.84567815,1.0,0.4464821,0.81798077,0.63564754,0.6165596,0.79719085
BIG_OWFA,0.42679176,0.4464821,1.0,0.52702236,0.49861008,0.66888905,0.47686246
SYL_mAWFA,0.68700975,0.81798077,0.52702236,1.0,0.6005957,0.6560028,0.96874774
VIS_IFG,0.62812036,0.63564754,0.49861008,0.6005957,1.0,0.6935086,0.5469758
VIS_VWFA,0.6291503,0.6165596,0.66888905,0.6560028,0.6935086,1.0,0.60271883
mAWFA_p-e09,0.65670496,0.79719085,0.47686246,0.96874774,0.5469758,0.60271883,1.0
