,AUD_AWFA,AWFA_p-e09,BIG_OWFA,SYL_mAWFA,VIS_IFG,VIS_VWFA
AUD_AWFA,1.0,0.74382085,0.20397945,0.4864512,0.30133304,0.20948482
AWFA_p-e09,0.74382085,1.0,0.16683494,0.4518773,0.37399933,0.19021565
BIG_OWFA,0.20397945,0.16683494,1.0,0.31768578,0.107722946,0.24312893
SYL_mAWFA,0.4864512,0.4518773,0.31768578,1.0,0.13278788,0.2934505
VIS_IFG,0.30133304,0.37399933,0.107722946,0.13278788,1.0,0.36604524
VIS_VWFA,0.20948482,0.19021565,0.24312893,0.2934505,0.36604524,1.0
