,AUD_AWFA,AWFA_p-e09,BIG_OWFA,SYL_mAWFA,VIS_IFG,VIS_VWFA,mAWFA_p-e09
AUD_AWFA,1.0,0.8637132,0.15319388,0.70355874,0.56364506,0.4173475,0.6123824
AWFA_p-e09,0.8637132,1.0,0.08572013,0.60741425,0.5349912,0.35002086,0.5203548
BIG_OWFA,0.15319388,0.08572013,1.0,0.4015753,0.17651048,0.64485645,0.2689349
SYL_mAWFA,0.70355874,0.60741425,0.4015753,1.0,0.570848,0.57124895,0.8891126
VIS_IFG,0.56364506,0.5349912,0.17651048,0.570848,1.0,0.5385619,0.5003352
VIS_VWFA,0.4173475,0.35002086,0.64485645,0.57124895,0.5385619,1.0,0.48362616
mAWFA_p-e09,0.6123824,0.5203548,0.2689349,0.8891126,0.5003352,0.48362616,1.0
