,AUD_AWFA,AWFA_p-e09,BIG_OWFA,SYL_mAWFA,VIS_IFG,VIS_VWFA
AUD_AWFA,1.0,0.907355,0.30951115,0.4419454,0.6322398,0.41013467
AWFA_p-e09,0.907355,1.0,0.30202356,0.4497825,0.6011571,0.36135656
BIG_OWFA,0.30951115,0.30202356,1.0,-0.056661263,0.13316071,0.5463027
SYL_mAWFA,0.4419454,0.4497825,-0.056661263,1.0,0.38044465,0.104252525
VIS_IFG,0.6322398,0.6011571,0.13316071,0.38044465,1.0,0.5064997
VIS_VWFA,0.41013467,0.36135656,0.5463027,0.104252525,0.5064997,1.0
