,AUD_AWFA,AWFA_p-e09,BIG_OWFA,SYL_mAWFA,VIS_IFG,VIS_VWFA
AUD_AWFA,1.0,0.93455726,0.38377377,0.7689416,0.6996015,0.50970304
AWFA_p-e09,0.93455726,1.0,0.43007684,0.7404042,0.7100613,0.5402027
BIG_OWFA,0.38377377,0.43007684,1.0,0.40395972,0.37548015,0.53972864
SYL_mAWFA,0.7689416,0.7404042,0.40395972,1.0,0.7124432,0.61616385
VIS_IFG,0.6996015,0.7100613,0.37548015,0.7124432,1.0,0.59653735
VIS_VWFA,0.50970304,0.5402027,0.53972864,0.61616385,0.59653735,1.0
