,cluster_1,cluster_2,cluster_3,cluster_4,cluster_5,cluster_6,cluster_7
cluster_1,1.0,0.44216794,0.711025,0.58032185,0.5007136,0.29369903,0.5966383
cluster_2,0.44216794,1.0,0.53990304,0.4306026,0.4937846,0.137219,0.43026367
cluster_3,0.711025,0.53990304,1.0,0.45025197,0.564611,0.24403705,0.5024116
cluster_4,0.58032185,0.4306026,0.45025197,1.0,0.32051626,0.32596132,0.47988296
cluster_5,0.5007136,0.4937846,0.564611,0.32051626,1.0,0.067026846,0.3716082
cluster_6,0.29369903,0.137219,0.24403705,0.32596132,0.067026846,1.0,0.31401855
cluster_7,0.5966383,0.43026367,0.5024116,0.47988296,0.3716082,0.31401855,1.0
