,AUD_AWFA,AWFA_p-e09,BIG_OWFA,SYL_mAWFA,VIS_IFG,VIS_VWFA
AUD_AWFA,1.0,0.89558804,0.50846803,0.72647876,0.59286535,0.60721755
AWFA_p-e09,0.89558804,1.0,0.483149,0.6690244,0.5792982,0.60229194
BIG_OWFA,0.50846803,0.483149,1.0,0.6119723,0.5269329,0.75371635
SYL_mAWFA,0.72647876,0.6690244,0.6119723,1.0,0.6670532,0.63722897
VIS_IFG,0.59286535,0.5792982,0.5269329,0.6670532,1.0,0.6138028
VIS_VWFA,0.60721755,0.60229194,0.75371635,0.63722897,0.6138028,1.0
