,AUD_AWFA,AWFA_p-e09,BIG_OWFA,SYL_mAWFA,VIS_IFG,VIS_VWFA,mAWFA_p-e09
AUD_AWFA,1.0,0.7430276,0.20376192,0.48593247,0.3010117,0.20926142,0.20383912
AWFA_p-e09,0.7430276,1.0,0.16665703,0.4513954,0.37360048,0.1900128,0.20312949
BIG_OWFA,0.20376192,0.16665703,1.0,0.31734702,0.10760807,0.24286966,0.10707229
SYL_mAWFA,0.48593247,0.4513954,0.31734702,1.0,0.13264628,0.29313755,0.7021599
VIS_IFG,0.3010117,0.37360048,0.10760807,0.13264628,1.0,0.3656549,-0.0056461967
VIS_VWFA,0.20926142,0.1900128,0.24286966,0.29313755,0.3656549,1.0,0.13683547
mAWFA_p-e09,0.20383912,0.20312949,0.10707229,0.7021599,-0.0056461967,0.13683547,1.0
