,AUD_AWFA,AWFA_p-e09,BIG_OWFA,SYL_mAWFA,VIS_IFG,VIS_VWFA
AUD_AWFA,1.0,0.9161282,0.061449267,0.78972626,0.6734275,0.5452008
AWFA_p-e09,0.9161282,1.0,0.030154303,0.7519698,0.62681156,0.565447
BIG_OWFA,0.061449267,0.030154303,1.0,-0.003086804,0.13395856,0.2636559
SYL_mAWFA,0.78972626,0.7519698,-0.003086804,1.0,0.6572399,0.6282511
VIS_IFG,0.6734275,0.62681156,0.13395856,0.6572399,1.0,0.58862
VIS_VWFA,0.5452008,0.565447,0.2636559,0.6282511,0.58862,1.0
