,AUD_AWFA,AWFA_p-e09,BIG_OWFA,SYL_mAWFA,VIS_IFG,VIS_VWFA,mAWFA_p-e09
AUD_AWFA,1.0,0.90418345,0.32422933,0.55877274,0.25554058,0.4014052,0.57133377
AWFA_p-e09,0.90418345,1.0,0.28200522,0.52532935,0.18597221,0.361576,0.5347526
BIG_OWFA,0.32422933,0.28200522,1.0,0.0033580097,0.3184537,0.62788475,0.03799895
SYL_mAWFA,0.55877274,0.52532935,0.0033580097,1.0,0.5051803,0.29648995,0.9472204
VIS_IFG,0.25554058,0.18597221,0.3184537,0.5051803,1.0,0.6039064,0.513235
VIS_VWFA,0.4014052,0.361576,0.62788475,0.29648995,0.6039064,1.0,0.3237683
mAWFA_p-e09,0.57133377,0.5347526,0.03799895,0.9472204,0.513235,0.3237683,1.0
