,AUD_AWFA,AWFA_p-e09,BIG_OWFA,SYL_mAWFA,VIS_IFG,VIS_VWFA
AUD_AWFA,1.0,0.88308793,0.3035397,0.5572184,0.63110787,0.51485795
AWFA_p-e09,0.88308793,1.0,0.3522836,0.50920904,0.580994,0.49624035
BIG_OWFA,0.3035397,0.3522836,1.0,0.288339,0.35085404,0.5121681
SYL_mAWFA,0.5572184,0.50920904,0.288339,1.0,0.37684268,0.5230464
VIS_IFG,0.63110787,0.580994,0.35085404,0.37684268,1.0,0.5876614
VIS_VWFA,0.51485795,0.49624035,0.5121681,0.5230464,0.5876614,1.0
