,AUD_AWFA,BIG_OWFA,SYL_mAWFA,VIS_IFG,VIS_VWFA
AUD_AWFA,1.0,0.32879132,0.66974336,0.5546464,0.2519672
BIG_OWFA,0.32879132,1.0,0.39463183,0.24912153,0.49941406
SYL_mAWFA,0.66974336,0.39463183,1.0,0.53209347,0.3825321
VIS_IFG,0.5546464,0.24912153,0.53209347,1.0,0.451712
VIS_VWFA,0.2519672,0.49941406,0.3825321,0.451712,1.0
