,AUD_AWFA,AWFA_p-e09,BIG_OWFA,SYL_mAWFA,VIS_IFG,VIS_VWFA
AUD_AWFA,1.0,0.9245372,0.12859878,0.5596588,0.54833263,0.30280632
AWFA_p-e09,0.9245372,1.0,0.16473259,0.4732551,0.46204028,0.26629043
BIG_OWFA,0.12859878,0.16473259,1.0,0.29560298,0.17898796,0.42721936
SYL_mAWFA,0.5596588,0.4732551,0.29560298,1.0,0.63460153,0.6401654
VIS_IFG,0.54833263,0.46204028,0.17898796,0.63460153,1.0,0.50692916
VIS_VWFA,0.30280632,0.26629043,0.42721936,0.6401654,0.50692916,1.0
