,AUD_AWFA,AWFA_p-e09,BIG_OWFA,SYL_mAWFA,VIS_IFG,VIS_VWFA,mAWFA_p-e09
AUD_AWFA,1.0,0.8597931,0.5568682,0.7701052,0.71159244,0.47603667,0.65717244
AWFA_p-e09,0.8597931,1.0,0.4370116,0.69411796,0.6599279,0.45024258,0.5884604
BIG_OWFA,0.5568682,0.4370116,1.0,0.42335907,0.5354631,0.5701392,0.3190791
SYL_mAWFA,0.7701052,0.69411796,0.42335907,1.0,0.6640555,0.44497335,0.90999025
VIS_IFG,0.71159244,0.6599279,0.5354631,0.6640555,1.0,0.60704285,0.50847894
VIS_VWFA,0.47603667,0.45024258,0.5701392,0.44497335,0.60704285,1.0,0.3265654
mAWFA_p-e09,0.65717244,0.5884604,0.3190791,0.90999025,0.50847894,0.3265654,1.0
