,cluster_1,cluster_2,cluster_3,cluster_4,cluster_5,cluster_6,cluster_7
cluster_1,1.0,0.5726058,0.39134896,0.5686293,0.22717336,0.35451612,0.5760631
cluster_2,0.5726058,1.0,0.25569817,0.3221491,0.24669194,0.25351533,0.34858736
cluster_3,0.39134896,0.25569817,1.0,0.27308065,0.28749058,0.4883142,0.32223776
cluster_4,0.5686293,0.3221491,0.27308065,1.0,0.1820323,0.39500746,0.4543823
cluster_5,0.22717336,0.24669194,0.28749058,0.1820323,1.0,0.27892056,0.14090055
cluster_6,0.35451612,0.25351533,0.4883142,0.39500746,0.27892056,1.0,0.37790394
cluster_7,0.5760631,0.34858736,0.32223776,0.4543823,0.14090055,0.37790394,1.0
