,AUD_AWFA,AWFA_p-e09,BIG_OWFA,SYL_mAWFA,VIS_IFG,VIS_VWFA,mAWFA_p-e09
AUD_AWFA,1.0,0.8222164,0.25227624,0.565494,0.3129537,0.20358521,0.43526772
AWFA_p-e09,0.8222164,1.0,0.15356302,0.5062332,0.2540203,0.09871432,0.37184387
BIG_OWFA,0.25227624,0.15356302,1.0,0.33979687,0.2930473,0.40878648,0.21002814
SYL_mAWFA,0.565494,0.5062332,0.33979687,1.0,0.3228115,0.2731312,0.7399607
VIS_IFG,0.3129537,0.2540203,0.2930473,0.3228115,1.0,0.38197467,0.17571646
VIS_VWFA,0.20358521,0.09871432,0.40878648,0.2731312,0.38197467,1.0,0.29366922
mAWFA_p-e09,0.43526772,0.37184387,0.21002814,0.7399607,0.17571646,0.29366922,1.0
