,AUD_AWFA,AWFA_p-e09,BIG_OWFA,SYL_mAWFA,VIS_IFG,VIS_VWFA
AUD_AWFA,1.0,0.86316055,0.15309584,0.70310855,0.5632844,0.41708043
AWFA_p-e09,0.86316055,1.0,0.08566528,0.60702556,0.5346489,0.3497969
BIG_OWFA,0.15309584,0.08566528,1.0,0.40131834,0.17639755,0.6444438
SYL_mAWFA,0.70310855,0.60702556,0.40131834,1.0,0.57048273,0.5708834
VIS_IFG,0.5632844,0.5346489,0.17639755,0.57048273,1.0,0.53821725
VIS_VWFA,0.41708043,0.3497969,0.6444438,0.5708834,0.53821725,1.0
