,AUD_AWFA,AWFA_p-e09,BIG_OWFA,SYL_mAWFA,VIS_IFG,VIS_VWFA,mAWFA_p-e09
AUD_AWFA,1.0,0.908239,0.050455593,0.60227364,0.57923794,0.37005523,0.5983683
AWFA_p-e09,0.908239,1.0,0.072576486,0.5709674,0.47207963,0.29602617,0.5575541
BIG_OWFA,0.050455593,0.072576486,1.0,0.29469007,0.17706358,0.43540132,0.2432835
SYL_mAWFA,0.60227364,0.5709674,0.29469007,1.0,0.64135224,0.579862,0.93821424
VIS_IFG,0.57923794,0.47207963,0.17706358,0.64135224,1.0,0.58451694,0.5829506
VIS_VWFA,0.37005523,0.29602617,0.43540132,0.579862,0.58451694,1.0,0.5182406
mAWFA_p-e09,0.5983683,0.5575541,0.2432835,0.93821424,0.5829506,0.5182406,1.0
