,AUD_AWFA,BIG_OWFA,SYL_mAWFA,VIS_IFG,VIS_VWFA
AUD_AWFA,1.0,0.2659319,0.8188769,0.60336435,0.43810356
BIG_OWFA,0.2659319,1.0,0.42860284,0.3598669,0.69011027
SYL_mAWFA,0.8188769,0.42860284,1.0,0.72055596,0.5951365
VIS_IFG,0.60336435,0.3598669,0.72055596,1.0,0.58779466
VIS_VWFA,0.43810356,0.69011027,0.5951365,0.58779466,1.0
