,AUD_AWFA,AWFA_p-e09,BIG_OWFA,SYL_mAWFA,VIS_IFG,VIS_VWFA,mAWFA_p-e09
AUD_AWFA,1.0,0.82702136,0.2237992,0.63446975,0.46734002,0.29551908,0.5832934
AWFA_p-e09,0.82702136,1.0,0.13384798,0.49603164,0.4355036,0.21043526,0.4098181
BIG_OWFA,0.2237992,0.13384798,1.0,0.39765233,0.08455935,0.38343704,0.36580232
SYL_mAWFA,0.63446975,0.49603164,0.39765233,1.0,0.56974125,0.38425276,0.85389876
VIS_IFG,0.46734002,0.4355036,0.08455935,0.56974125,1.0,0.3886974,0.37332484
VIS_VWFA,0.29551908,0.21043526,0.38343704,0.38425276,0.3886974,1.0,0.2675837
mAWFA_p-e09,0.5832934,0.4098181,0.36580232,0.85389876,0.37332484,0.2675837,1.0
