,AUD_AWFA,AWFA_p-e09,BIG_OWFA,SYL_mAWFA,VIS_IFG,VIS_VWFA,mAWFA_p-e09
AUD_AWFA,1.0,0.873093,0.21989995,0.43196136,0.30648196,0.16981742,0.33415526
AWFA_p-e09,0.873093,1.0,0.20715295,0.42663464,0.31830958,0.15825973,0.34481454
BIG_OWFA,0.21989995,0.20715295,1.0,0.09927684,0.26083952,0.43565392,0.03430971
SYL_mAWFA,0.43196136,0.42663464,0.09927684,1.0,0.22107962,-0.042154144,0.94111925
VIS_IFG,0.30648196,0.31830958,0.26083952,0.22107962,1.0,0.48492497,0.13554022
VIS_VWFA,0.16981742,0.15825973,0.43565392,-0.042154144,0.48492497,1.0,-0.114357874
mAWFA_p-e09,0.33415526,0.34481454,0.03430971,0.94111925,0.13554022,-0.114357874,1.0
