,AUD_AWFA,AWFA_p-e09,BIG_OWFA,SYL_mAWFA,VIS_IFG,VIS_VWFA
AUD_AWFA,1.0,0.88581556,0.052379075,0.49249434,0.40286243,0.097827844
AWFA_p-e09,0.88581556,1.0,0.021177674,0.5636848,0.3940498,0.13177489
BIG_OWFA,0.052379075,0.021177674,1.0,-0.38924858,0.060682863,0.48684165
SYL_mAWFA,0.49249434,0.5636848,-0.38924858,1.0,-0.03976177,-0.35171917
VIS_IFG,0.40286243,0.3940498,0.060682863,-0.03976177,1.0,0.45383582
VIS_VWFA,0.097827844,0.13177489,0.48684165,-0.35171917,0.45383582,1.0
