,AUD_AWFA,AWFA_p-e09,BIG_OWFA,SYL_mAWFA,VIS_IFG,VIS_VWFA,mAWFA_p-e09
AUD_AWFA,1.0,0.7968967,0.20107016,0.44589463,0.5919169,0.39012197,0.4050008
AWFA_p-e09,0.7968967,1.0,0.20145503,0.47858453,0.54981613,0.3251727,0.44094065
BIG_OWFA,0.20107016,0.20145503,1.0,0.2581037,0.26121873,0.26686174,0.25951645
SYL_mAWFA,0.44589463,0.47858453,0.2581037,1.0,0.40358078,0.3716877,0.8271752
VIS_IFG,0.5919169,0.54981613,0.26121873,0.40358078,1.0,0.36386636,0.37433878
VIS_VWFA,0.39012197,0.3251727,0.26686174,0.3716877,0.36386636,1.0,0.32889086
mAWFA_p-e09,0.4050008,0.44094065,0.25951645,0.8271752,0.37433878,0.32889086,1.0
