,cluster_1,cluster_2,cluster_3,cluster_4,cluster_5,cluster_6,cluster_7
cluster_1,1.0,0.63322884,0.51449496,0.4975358,0.19936304,0.42412332,0.6206775
cluster_2,0.63322884,1.0,0.6190634,0.34737888,0.12551665,0.3082539,0.57789487
cluster_3,0.51449496,0.6190634,1.0,0.31041643,0.08389171,0.2878061,0.54422206
cluster_4,0.4975358,0.34737888,0.31041643,1.0,0.021244815,0.21525325,0.4603515
cluster_5,0.19936304,0.12551665,0.08389171,0.021244815,1.0,0.19091563,0.212407
cluster_6,0.42412332,0.3082539,0.2878061,0.21525325,0.19091563,1.0,0.32948935
cluster_7,0.6206775,0.57789487,0.54422206,0.4603515,0.212407,0.32948935,1.0
