,AUD_AWFA,AWFA_p-e09,BIG_OWFA,SYL_mAWFA,VIS_IFG,VIS_VWFA
AUD_AWFA,1.0,0.9214527,0.48394778,0.6658484,0.7163286,0.5775666
AWFA_p-e09,0.9214527,1.0,0.47064662,0.5989917,0.6878483,0.5038831
BIG_OWFA,0.48394778,0.47064662,1.0,0.4243686,0.549811,0.5560962
SYL_mAWFA,0.6658484,0.5989917,0.4243686,1.0,0.69812983,0.598538
VIS_IFG,0.7163286,0.6878483,0.549811,0.69812983,1.0,0.6761228
VIS_VWFA,0.5775666,0.5038831,0.5560962,0.598538,0.6761228,1.0
