,AUD_AWFA,BIG_OWFA,SYL_mAWFA,VIS_IFG,VIS_VWFA
AUD_AWFA,1.0,0.328131,0.38399452,0.6217737,0.59590846
BIG_OWFA,0.328131,1.0,0.1135714,0.2340427,0.39238816
SYL_mAWFA,0.38399452,0.1135714,1.0,0.1537275,-0.04541081
VIS_IFG,0.6217737,0.2340427,0.1537275,1.0,0.708861
VIS_VWFA,0.59590846,0.39238816,-0.04541081,0.708861,1.0
