,AUD_AWFA,BIG_OWFA,SYL_mAWFA,VIS_IFG,VIS_VWFA
AUD_AWFA,1.0,0.19690597,0.653527,0.38678622,0.19880527
BIG_OWFA,0.19690597,1.0,0.11972021,0.41199166,0.50356126
SYL_mAWFA,0.653527,0.11972021,1.0,0.31875074,0.14622867
VIS_IFG,0.38678622,0.41199166,0.31875074,1.0,0.33975375
VIS_VWFA,0.19880527,0.50356126,0.14622867,0.33975375,1.0
