,AUD_AWFA,AWFA_p-e09,BIG_OWFA,SYL_mAWFA,VIS_IFG,VIS_VWFA,mAWFA_p-e09
AUD_AWFA,0.0,0.049442372666484435,-0.10937484110405865,-0.09077376828102057,0.05119154637465623,0.006177912341378267,-0.054389744658085215
AWFA_p-e09,0.049442372666484435,0.0,-0.06553974026949841,-0.03476628190899217,0.07360999413857972,0.013436680462771633,-0.0026235691766990366
BIG_OWFA,-0.10937484110405865,-0.06553974026949841,0.0,-0.47633967088671025,0.03519704714538344,0.12263306909660004,-0.4432024383120913
SYL_mAWFA,-0.09077376828102057,-0.03476628190899217,-0.47633967088671025,0.0,-0.12584670158408717,-0.3554110779134856,0.0797036117932104
VIS_IFG,0.05119154637465623,0.07360999413857972,0.03519704714538344,-0.12584670158408717,0.0,0.051784455492768555,-0.10303841832790372
VIS_VWFA,0.006177912341378267,0.013436680462771633,0.12263306909660004,-0.3554110779134856,0.051784455492768555,0.0,-0.3336729207376217
mAWFA_p-e09,-0.054389744658085215,-0.0026235691766990366,-0.4432024383120913,0.0797036117932104,-0.10303841832790372,-0.3336729207376217,0.0
