,cluster_1,cluster_2,cluster_3,cluster_4,cluster_5,cluster_6,cluster_7
cluster_1,1.0,0.458328,0.4888219,0.5037072,0.35837996,0.13322838,0.6028437
cluster_2,0.458328,1.0,0.49391308,0.40688726,0.42197266,0.06563421,0.26283488
cluster_3,0.4888219,0.49391308,1.0,0.2738883,0.5840939,-0.20676436,0.4558682
cluster_4,0.5037072,0.40688726,0.2738883,1.0,0.24417695,0.05740626,0.4210802
cluster_5,0.35837996,0.42197266,0.5840939,0.24417695,1.0,-0.23560238,0.25748387
cluster_6,0.13322838,0.06563421,-0.20676436,0.05740626,-0.23560238,1.0,-0.033663057
cluster_7,0.6028437,0.26283488,0.4558682,0.4210802,0.25748387,-0.033663057,1.0
