,cluster_1,cluster_2,cluster_3,cluster_4,cluster_5,cluster_6,cluster_7
cluster_1,1.0,0.7187434,0.6660491,0.7013451,0.5805989,0.4776194,0.80223346
cluster_2,0.7187434,1.0,0.5554299,0.73179436,0.45722073,0.28540498,0.69329077
cluster_3,0.6660491,0.5554299,1.0,0.46219918,0.5858576,0.29728994,0.50696224
cluster_4,0.7013451,0.73179436,0.46219918,1.0,0.37197694,0.42131633,0.6104321
cluster_5,0.5805989,0.45722073,0.5858576,0.37197694,1.0,0.10025276,0.47178063
cluster_6,0.4776194,0.28540498,0.29728994,0.42131633,0.10025276,1.0,0.45430943
cluster_7,0.80223346,0.69329077,0.50696224,0.6104321,0.47178063,0.45430943,1.0
