,AUD_AWFA,AWFA_p-e09,BIG_OWFA,SYL_mAWFA,VIS_IFG,VIS_VWFA,mAWFA_p-e09
AUD_AWFA,1.0,0.9205157,0.3641025,0.6149547,0.44260857,0.44706655,0.5795268
AWFA_p-e09,0.9205157,1.0,0.32949066,0.5154488,0.3579334,0.36532384,0.4797286
BIG_OWFA,0.3641025,0.32949066,1.0,0.44410738,0.3811521,0.64055175,0.37909046
SYL_mAWFA,0.6149547,0.5154488,0.44410738,1.0,0.5162689,0.6560099,0.8838851
VIS_IFG,0.44260857,0.3579334,0.3811521,0.5162689,1.0,0.49333584,0.35585952
VIS_VWFA,0.44706655,0.36532384,0.64055175,0.6560099,0.49333584,1.0,0.5431154
mAWFA_p-e09,0.5795268,0.4797286,0.37909046,0.8838851,0.35585952,0.5431154,1.0
