,AUD_AWFA,AWFA_p-e09,BIG_OWFA,SYL_mAWFA,VIS_IFG,VIS_VWFA
AUD_AWFA,1.0,0.83956915,0.37070847,0.42975032,0.5569803,0.2223452
AWFA_p-e09,0.83956915,1.0,0.31219113,0.39136687,0.563459,0.24103883
BIG_OWFA,0.37070847,0.31219113,1.0,0.40071467,0.29513675,0.36624625
SYL_mAWFA,0.42975032,0.39136687,0.40071467,1.0,0.24957874,0.23761737
VIS_IFG,0.5569803,0.563459,0.29513675,0.24957874,1.0,0.32864317
VIS_VWFA,0.2223452,0.24103883,0.36624625,0.23761737,0.32864317,1.0
