,AUD_AWFA,AWFA_p-e09,BIG_OWFA,SYL_mAWFA,VIS_IFG,VIS_VWFA,mAWFA_p-e09
AUD_AWFA,1.0,0.8164451,0.0792817,0.46928596,0.3305548,0.06968663,0.3709514
AWFA_p-e09,0.8164451,1.0,0.06767905,0.40507367,0.2768826,0.09100622,0.284212
BIG_OWFA,0.0792817,0.06767905,1.0,0.10735445,0.012924495,0.21461366,0.20750318
SYL_mAWFA,0.46928596,0.40507367,0.10735445,1.0,0.31895235,0.13180205,0.70356053
VIS_IFG,0.3305548,0.2768826,0.012924495,0.31895235,1.0,0.31656194,0.24755208
VIS_VWFA,0.06968663,0.09100622,0.21461366,0.13180205,0.31656194,1.0,-0.0755734
mAWFA_p-e09,0.3709514,0.284212,0.20750318,0.70356053,0.24755208,-0.0755734,1.0
