,AUD_AWFA,BIG_OWFA,SYL_mAWFA,VIS_IFG,VIS_VWFA
AUD_AWFA,1.0,0.058959126,0.5824518,0.33639875,0.4990275
BIG_OWFA,0.058959126,1.0,-0.13244633,0.16524848,0.17419572
SYL_mAWFA,0.5824518,-0.13244633,1.0,0.27268368,0.3226465
VIS_IFG,0.33639875,0.16524848,0.27268368,1.0,0.38581032
VIS_VWFA,0.4990275,0.17419572,0.3226465,0.38581032,1.0
