,AUD_AWFA,BIG_OWFA,SYL_mAWFA,VIS_IFG,VIS_VWFA
AUD_AWFA,1.0,0.26089162,0.47903356,0.2322158,0.2951296
BIG_OWFA,0.26089162,1.0,0.24389814,0.30298734,0.45826873
SYL_mAWFA,0.47903356,0.24389814,1.0,0.5273448,0.29298654
VIS_IFG,0.2322158,0.30298734,0.5273448,1.0,0.5616438
VIS_VWFA,0.2951296,0.45826873,0.29298654,0.5616438,1.0
