,AUD_AWFA,AWFA_p-e09,BIG_OWFA,SYL_mAWFA,VIS_IFG,VIS_VWFA,mAWFA_p-e09
AUD_AWFA,1.0,0.90270716,0.31774014,0.37567937,0.65252084,-0.048392326,0.3953238
AWFA_p-e09,0.90270716,1.0,0.3535697,0.35263267,0.70718694,0.031101104,0.36243552
BIG_OWFA,0.31774014,0.3535697,1.0,-0.09604303,0.36106005,0.380745,-0.10211385
SYL_mAWFA,0.37567937,0.35263267,-0.09604303,1.0,0.27318075,-0.09791858,0.9181399
VIS_IFG,0.65252084,0.70718694,0.36106005,0.27318075,1.0,0.23799324,0.27665198
VIS_VWFA,-0.048392326,0.031101104,0.380745,-0.09791858,0.23799324,1.0,-0.14905281
mAWFA_p-e09,0.3953238,0.36243552,-0.10211385,0.9181399,0.27665198,-0.14905281,1.0
