,AUD_AWFA,AWFA_p-e09,BIG_OWFA,SYL_mAWFA,VIS_IFG,VIS_VWFA,mAWFA_p-e09
AUD_AWFA,1.0,0.87806594,0.22125392,0.60741484,0.58522683,0.3000586,0.38500184
AWFA_p-e09,0.87806594,1.0,0.16685185,0.4575179,0.5819738,0.18762396,0.2750327
BIG_OWFA,0.22125392,0.16685185,1.0,0.2734209,0.198426,0.2504017,0.14991337
SYL_mAWFA,0.60741484,0.4575179,0.2734209,1.0,0.40621015,0.37268776,0.8327929
VIS_IFG,0.58522683,0.5819738,0.198426,0.40621015,1.0,0.4099497,0.16113575
VIS_VWFA,0.3000586,0.18762396,0.2504017,0.37268776,0.4099497,1.0,0.24109897
mAWFA_p-e09,0.38500184,0.2750327,0.14991337,0.8327929,0.16113575,0.24109897,1.0
