,AUD_AWFA,BIG_OWFA,SYL_mAWFA,VIS_IFG,VIS_VWFA
AUD_AWFA,1.0,0.30761516,0.54933155,0.57736856,0.10776696
BIG_OWFA,0.30761516,1.0,0.21531479,0.2590585,0.12772293
SYL_mAWFA,0.54933155,0.21531479,1.0,0.4515027,-0.16248935
VIS_IFG,0.57736856,0.2590585,0.4515027,1.0,0.17795362
VIS_VWFA,0.10776696,0.12772293,-0.16248935,0.17795362,1.0
