,AUD_AWFA,AWFA_p-e09,BIG_OWFA,SYL_mAWFA,VIS_IFG,VIS_VWFA
AUD_AWFA,1.0,0.8691317,0.42640737,0.55113137,0.4987932,0.4898376
AWFA_p-e09,0.8691317,1.0,0.35664496,0.44641235,0.47196496,0.40081406
BIG_OWFA,0.42640737,0.35664496,1.0,0.45677936,0.36168033,0.3665271
SYL_mAWFA,0.55113137,0.44641235,0.45677936,1.0,0.47460186,0.43961176
VIS_IFG,0.4987932,0.47196496,0.36168033,0.47460186,1.0,0.57361454
VIS_VWFA,0.4898376,0.40081406,0.3665271,0.43961176,0.57361454,1.0
