,AUD_AWFA,AWFA_p-e09,BIG_OWFA,SYL_mAWFA,VIS_IFG,VIS_VWFA
AUD_AWFA,1.0,0.9199393,0.3638745,0.61456954,0.44233137,0.44678655
AWFA_p-e09,0.9199393,1.0,0.3292843,0.51512605,0.35770926,0.36509505
BIG_OWFA,0.3638745,0.3292843,1.0,0.44382927,0.3809134,0.6401506
SYL_mAWFA,0.61456954,0.51512605,0.44382927,1.0,0.51594555,0.6555991
VIS_IFG,0.44233137,0.35770926,0.3809134,0.51594555,1.0,0.4930269
VIS_VWFA,0.44678655,0.36509505,0.6401506,0.6555991,0.4930269,1.0
