,AUD_AWFA,AWFA_p-e09,BIG_OWFA,SYL_mAWFA,VIS_IFG,VIS_VWFA
AUD_AWFA,1.0,0.91178614,0.38414523,0.5053947,0.6402551,0.61628383
AWFA_p-e09,0.91178614,1.0,0.33103585,0.44600087,0.6361023,0.5846712
BIG_OWFA,0.38414523,0.33103585,1.0,0.474142,0.32570422,0.6313043
SYL_mAWFA,0.5053947,0.44600087,0.474142,1.0,0.41836601,0.63057643
VIS_IFG,0.6402551,0.6361023,0.32570422,0.41836601,1.0,0.6227799
VIS_VWFA,0.61628383,0.5846712,0.6313043,0.63057643,0.6227799,1.0
