,cluster_1,cluster_2,cluster_3,cluster_4,cluster_5,cluster_6,cluster_7
cluster_1,1.0,0.3355647,0.72720146,0.66164875,-0.14787503,0.4267286,0.3376322
cluster_2,0.3355647,1.0,0.25027367,0.27729774,-0.012780908,0.006587303,0.4493601
cluster_3,0.72720146,0.25027367,1.0,0.48027223,-0.04968673,0.28457808,0.27612427
cluster_4,0.66164875,0.27729774,0.48027223,1.0,-0.099760786,0.36595842,0.23072055
cluster_5,-0.14787503,-0.012780908,-0.04968673,-0.099760786,1.0,0.26454866,0.0072448216
cluster_6,0.4267286,0.006587303,0.28457808,0.36595842,0.26454866,1.0,-0.12532224
cluster_7,0.3376322,0.4493601,0.27612427,0.23072055,0.0072448216,-0.12532224,1.0
