,AUD_AWFA,AWFA_p-e09,BIG_OWFA,SYL_mAWFA,VIS_IFG,VIS_VWFA,mAWFA_p-e09
AUD_AWFA,1.0,0.9140641,0.20782956,0.41855985,0.53849477,0.24267405,0.31340718
AWFA_p-e09,0.9140641,1.0,0.20461725,0.41806424,0.5452274,0.22434567,0.3272151
BIG_OWFA,0.20782956,0.20461725,1.0,-0.28469604,0.3241287,0.41356435,-0.32807243
SYL_mAWFA,0.41855985,0.41806424,-0.28469604,1.0,0.09674982,0.13603137,0.95330006
VIS_IFG,0.53849477,0.5452274,0.3241287,0.09674982,1.0,0.13203573,-0.004581498
VIS_VWFA,0.24267405,0.22434567,0.41356435,0.13603137,0.13203573,1.0,0.11624709
mAWFA_p-e09,0.31340718,0.3272151,-0.32807243,0.95330006,-0.004581498,0.11624709,1.0
