,AUD_AWFA,AWFA_p-e09,BIG_OWFA,SYL_mAWFA,VIS_IFG,VIS_VWFA
AUD_AWFA,1.0,0.88339674,0.5517843,0.7589613,0.68638587,0.42370963
AWFA_p-e09,0.88339674,1.0,0.4905104,0.6752499,0.612447,0.37609687
BIG_OWFA,0.5517843,0.4905104,1.0,0.6617949,0.52098584,0.5102058
SYL_mAWFA,0.7589613,0.6752499,0.6617949,1.0,0.7638728,0.5979625
VIS_IFG,0.68638587,0.612447,0.52098584,0.7638728,1.0,0.47942626
VIS_VWFA,0.42370963,0.37609687,0.5102058,0.5979625,0.47942626,1.0
