,cluster_1,cluster_2,cluster_3,cluster_4,cluster_5,cluster_6,cluster_7
cluster_1,1.0,0.46403983,0.5461095,0.6061589,0.18488187,0.25905043,0.6317688
cluster_2,0.46403983,1.0,0.43791482,0.48009315,0.014647634,0.14790064,0.43811315
cluster_3,0.5461095,0.43791482,1.0,0.4054505,0.086560935,0.103778444,0.4717321
cluster_4,0.6061589,0.48009315,0.4054505,1.0,-0.07352969,0.10784968,0.5434431
cluster_5,0.18488187,0.014647634,0.086560935,-0.07352969,1.0,0.23831089,0.04038484
cluster_6,0.25905043,0.14790064,0.103778444,0.10784968,0.23831089,1.0,0.2611038
cluster_7,0.6317688,0.43811315,0.4717321,0.5434431,0.04038484,0.2611038,1.0
