,AUD_AWFA,AWFA_p-e09,BIG_OWFA,SYL_mAWFA,VIS_IFG,VIS_VWFA,mAWFA_p-e09
AUD_AWFA,1.0,0.8800934,0.3493451,0.62601715,0.5797273,0.44685924,0.63828886
AWFA_p-e09,0.8800934,1.0,0.3720503,0.5667631,0.58711016,0.42375648,0.61715263
BIG_OWFA,0.3493451,0.3720503,1.0,0.37616977,0.48337057,0.47221297,0.34146857
SYL_mAWFA,0.62601715,0.5667631,0.37616977,1.0,0.5240498,0.7462274,0.938558
VIS_IFG,0.5797273,0.58711016,0.48337057,0.5240498,1.0,0.4447951,0.5035547
VIS_VWFA,0.44685924,0.42375648,0.47221297,0.7462274,0.4447951,1.0,0.66669506
mAWFA_p-e09,0.63828886,0.61715263,0.34146857,0.938558,0.5035547,0.66669506,1.0
