,AUD_AWFA,AWFA_p-e09,BIG_OWFA,SYL_mAWFA,VIS_IFG,VIS_VWFA,mAWFA_p-e09
AUD_AWFA,1.0,0.9480787,0.58351725,0.7600264,0.55807877,0.62880147,0.64846087
AWFA_p-e09,0.9480787,1.0,0.5596507,0.7457788,0.51605284,0.5681695,0.6400444
BIG_OWFA,0.58351725,0.5596507,1.0,0.4955413,0.3414757,0.5714047,0.42473453
SYL_mAWFA,0.7600264,0.7457788,0.4955413,1.0,0.55729645,0.5806302,0.94538033
VIS_IFG,0.55807877,0.51605284,0.3414757,0.55729645,1.0,0.45846722,0.49555227
VIS_VWFA,0.62880147,0.5681695,0.5714047,0.5806302,0.45846722,1.0,0.48684505
mAWFA_p-e09,0.64846087,0.6400444,0.42473453,0.94538033,0.49555227,0.48684505,1.0
