,AUD_AWFA,BIG_OWFA,SYL_mAWFA,VIS_IFG,VIS_VWFA
AUD_AWFA,1.0,0.23943482,0.751888,0.60761464,0.67281204
BIG_OWFA,0.23943482,1.0,0.22673339,0.24199815,0.44634762
SYL_mAWFA,0.751888,0.22673339,1.0,0.61329395,0.743611
VIS_IFG,0.60761464,0.24199815,0.61329395,1.0,0.58272827
VIS_VWFA,0.67281204,0.44634762,0.743611,0.58272827,1.0
