,AUD_AWFA,AWFA_p-e09,BIG_OWFA,SYL_mAWFA,VIS_IFG,VIS_VWFA
AUD_AWFA,1.0,0.9089267,0.38304198,0.71939147,0.62145126,0.5376904
AWFA_p-e09,0.9089267,1.0,0.3667228,0.6837586,0.6153317,0.47626448
BIG_OWFA,0.38304198,0.3667228,1.0,0.42321518,0.35225368,0.56146973
SYL_mAWFA,0.71939147,0.6837586,0.42321518,1.0,0.64558554,0.68895674
VIS_IFG,0.62145126,0.6153317,0.35225368,0.64558554,1.0,0.6198231
VIS_VWFA,0.5376904,0.47626448,0.56146973,0.68895674,0.6198231,1.0
