,AUD_AWFA,AWFA_p-e09,BIG_OWFA,SYL_mAWFA,VIS_IFG,VIS_VWFA,mAWFA_p-e09
AUD_AWFA,1.0,0.88599133,0.15131074,0.52043724,0.38882017,0.23328897,0.36647952
AWFA_p-e09,0.88599133,1.0,0.21940088,0.5393196,0.34114397,0.2850084,0.35084003
BIG_OWFA,0.15131074,0.21940088,1.0,0.32606754,0.19979084,0.40618,0.16862227
SYL_mAWFA,0.52043724,0.5393196,0.32606754,1.0,0.41998285,0.3613747,0.73432255
VIS_IFG,0.38882017,0.34114397,0.19979084,0.41998285,1.0,0.36986765,0.32633516
VIS_VWFA,0.23328897,0.2850084,0.40618,0.3613747,0.36986765,1.0,0.23709425
mAWFA_p-e09,0.36647952,0.35084003,0.16862227,0.73432255,0.32633516,0.23709425,1.0
