,cluster_1,cluster_2,cluster_3,cluster_4,cluster_5,cluster_6,cluster_7
cluster_1,1.0,0.39169168,0.64478105,0.48004323,0.17919077,0.40233058,0.6316989
cluster_2,0.39169168,1.0,0.45063657,0.333832,0.12442946,0.25499475,0.468267
cluster_3,0.64478105,0.45063657,1.0,0.34378427,0.32010922,0.3289354,0.41699228
cluster_4,0.48004323,0.333832,0.34378427,1.0,0.017381115,0.32251075,0.30055082
cluster_5,0.17919077,0.12442946,0.32010922,0.017381115,1.0,0.05982263,0.18947493
cluster_6,0.40233058,0.25499475,0.3289354,0.32251075,0.05982263,1.0,0.27849945
cluster_7,0.6316989,0.468267,0.41699228,0.30055082,0.18947493,0.27849945,1.0
