,AUD_AWFA,AWFA_p-e09,BIG_OWFA,SYL_mAWFA,VIS_IFG,VIS_VWFA
AUD_AWFA,1.0,0.8704343,-0.01869076,0.61424685,0.5175511,0.25038475
AWFA_p-e09,0.8704343,1.0,-0.004455046,0.48490596,0.5450834,0.31918347
BIG_OWFA,-0.01869076,-0.004455046,1.0,-0.04097364,0.2372424,0.3333028
SYL_mAWFA,0.61424685,0.48490596,-0.04097364,1.0,0.3799462,-0.05286447
VIS_IFG,0.5175511,0.5450834,0.2372424,0.3799462,1.0,0.479689
VIS_VWFA,0.25038475,0.31918347,0.3333028,-0.05286447,0.479689,1.0
