,cluster_1,cluster_2,cluster_3,cluster_4,cluster_5,cluster_6,cluster_7
cluster_1,1.0,0.57221514,0.46784782,0.38298175,-0.08612896,0.2810667,0.46592444
cluster_2,0.57221514,1.0,0.21327536,0.30589226,0.01650812,-0.027035892,0.25481176
cluster_3,0.46784782,0.21327536,1.0,0.34475616,0.0036693716,0.2913628,0.13616067
cluster_4,0.38298175,0.30589226,0.34475616,1.0,-0.20275654,0.3410373,0.1266834
cluster_5,-0.08612896,0.01650812,0.0036693716,-0.20275654,1.0,-0.07885439,-0.10095549
cluster_6,0.2810667,-0.027035892,0.2913628,0.3410373,-0.07885439,1.0,0.1272756
cluster_7,0.46592444,0.25481176,0.13616067,0.1266834,-0.10095549,0.1272756,1.0
