,AUD_AWFA,BIG_OWFA,SYL_mAWFA,VIS_IFG,VIS_VWFA
AUD_AWFA,1.0,0.30415946,0.68076295,0.66868055,0.49483705
BIG_OWFA,0.30415946,1.0,-0.014720349,0.26269495,0.5717515
SYL_mAWFA,0.68076295,-0.014720349,1.0,0.43939582,0.2453162
VIS_IFG,0.66868055,0.26269495,0.43939582,1.0,0.6366378
VIS_VWFA,0.49483705,0.5717515,0.2453162,0.6366378,1.0
