,AUD_AWFA,AWFA_p-e09,BIG_OWFA,SYL_mAWFA,VIS_IFG,VIS_VWFA,mAWFA_p-e09
AUD_AWFA,1.0,0.8834815,0.39547104,0.6325364,0.55843717,0.2553106,0.36008725
AWFA_p-e09,0.8834815,1.0,0.37402496,0.600925,0.53373176,0.26148173,0.24460116
BIG_OWFA,0.39547104,0.37402496,1.0,0.34803838,0.3434323,0.33658263,0.23058471
SYL_mAWFA,0.6325364,0.600925,0.34803838,1.0,0.5658888,0.26176968,0.71879596
VIS_IFG,0.55843717,0.53373176,0.3434323,0.5658888,1.0,0.6155006,0.30968267
VIS_VWFA,0.2553106,0.26148173,0.33658263,0.26176968,0.6155006,1.0,0.17672518
mAWFA_p-e09,0.36008725,0.24460116,0.23058471,0.71879596,0.30968267,0.17672518,1.0
