,AUD_AWFA,AWFA_p-e09,BIG_OWFA,SYL_mAWFA,VIS_IFG,VIS_VWFA
AUD_AWFA,1.0,0.80084836,0.1347712,0.65419734,0.22377686,0.25581223
AWFA_p-e09,0.80084836,1.0,0.06645354,0.569464,0.20302598,0.26204008
BIG_OWFA,0.1347712,0.06645354,1.0,0.14896363,0.111759916,0.13676794
SYL_mAWFA,0.65419734,0.569464,0.14896363,1.0,0.29251376,0.37578535
VIS_IFG,0.22377686,0.20302598,0.111759916,0.29251376,1.0,0.45153546
VIS_VWFA,0.25581223,0.26204008,0.13676794,0.37578535,0.45153546,1.0
