,AUD_AWFA,AWFA_p-e09,BIG_OWFA,SYL_mAWFA,VIS_IFG,VIS_VWFA
AUD_AWFA,1.0,0.7410107,0.25466666,0.30838096,0.25940463,0.037839532
AWFA_p-e09,0.7410107,1.0,0.1819325,0.45744142,0.3663964,0.13535064
BIG_OWFA,0.25466666,0.1819325,1.0,0.08524613,0.08519209,0.110506296
SYL_mAWFA,0.30838096,0.45744142,0.08524613,1.0,0.25913885,0.14239904
VIS_IFG,0.25940463,0.3663964,0.08519209,0.25913885,1.0,0.3649299
VIS_VWFA,0.037839532,0.13535064,0.110506296,0.14239904,0.3649299,1.0
