,AUD_AWFA,AWFA_p-e09,BIG_OWFA,SYL_mAWFA,VIS_IFG,VIS_VWFA,mAWFA_p-e09
AUD_AWFA,1.0,0.9024828,0.5018494,0.67379886,0.62227434,0.45794305,0.55126303
AWFA_p-e09,0.9024828,1.0,0.36468935,0.60144794,0.48165548,0.34946203,0.46557745
BIG_OWFA,0.5018494,0.36468935,1.0,0.37220195,0.61045325,0.6774057,0.23698227
SYL_mAWFA,0.67379886,0.60144794,0.37220195,1.0,0.57026935,0.36619014,0.8586731
VIS_IFG,0.62227434,0.48165548,0.61045325,0.57026935,1.0,0.6547412,0.43690047
VIS_VWFA,0.45794305,0.34946203,0.6774057,0.36619014,0.6547412,1.0,0.26624003
mAWFA_p-e09,0.55126303,0.46557745,0.23698227,0.8586731,0.43690047,0.26624003,1.0
