,AUD_AWFA,AWFA_p-e09,BIG_OWFA,SYL_mAWFA,VIS_IFG,VIS_VWFA,mAWFA_p-e09
AUD_AWFA,1.0,0.9232965,0.18229571,0.38984278,0.57745063,0.22406048,0.3803759
AWFA_p-e09,0.9232965,1.0,0.14601193,0.37791625,0.5265195,0.19084498,0.38121894
BIG_OWFA,0.18229571,0.14601193,1.0,0.18938302,0.17647368,0.3478212,0.14871088
SYL_mAWFA,0.38984278,0.37791625,0.18938302,1.0,0.33472025,0.053461667,0.94381446
VIS_IFG,0.57745063,0.5265195,0.17647368,0.33472025,1.0,0.3824096,0.24477333
VIS_VWFA,0.22406048,0.19084498,0.3478212,0.053461667,0.3824096,1.0,0.027508756
mAWFA_p-e09,0.3803759,0.38121894,0.14871088,0.94381446,0.24477333,0.027508756,1.0
