,AUD_AWFA,AWFA_p-e09,BIG_OWFA,SYL_mAWFA,VIS_IFG,VIS_VWFA
AUD_AWFA,1.0,0.9027137,0.50197786,0.67397124,0.62243354,0.45806023
AWFA_p-e09,0.9027137,1.0,0.36478266,0.60160184,0.48177874,0.34955147
BIG_OWFA,0.50197786,0.36478266,1.0,0.37229717,0.6106094,0.67757905
SYL_mAWFA,0.67397124,0.60160184,0.37229717,1.0,0.57041526,0.36628383
VIS_IFG,0.62243354,0.48177874,0.6106094,0.57041526,1.0,0.6549087
VIS_VWFA,0.45806023,0.34955147,0.67757905,0.36628383,0.6549087,1.0
