,AUD_AWFA,AWFA_p-e09,BIG_OWFA,SYL_mAWFA,VIS_IFG,VIS_VWFA,mAWFA_p-e09
AUD_AWFA,1.0,0.8410509,0.07733916,0.63631773,0.2990435,-0.13230936,0.59241056
AWFA_p-e09,0.8410509,1.0,0.046939008,0.52191985,0.33893803,-0.024517305,0.5119224
BIG_OWFA,0.07733916,0.046939008,1.0,0.11310825,0.106118396,0.23599388,0.120924816
SYL_mAWFA,0.63631773,0.52191985,0.11310825,1.0,0.2698187,-0.10605501,0.8562739
VIS_IFG,0.2990435,0.33893803,0.106118396,0.2698187,1.0,0.18354768,0.25423485
VIS_VWFA,-0.13230936,-0.024517305,0.23599388,-0.10605501,0.18354768,1.0,-0.036219317
mAWFA_p-e09,0.59241056,0.5119224,0.120924816,0.8562739,0.25423485,-0.036219317,1.0
