,AUD_AWFA,BIG_OWFA,SYL_mAWFA,VIS_IFG,VIS_VWFA
AUD_AWFA,1.0,0.4281512,0.67482054,0.65540946,0.6762917
BIG_OWFA,0.4281512,1.0,0.44525176,0.4248491,0.46539155
SYL_mAWFA,0.67482054,0.44525176,1.0,0.5182611,0.6537339
VIS_IFG,0.65540946,0.4248491,0.5182611,1.0,0.6485726
VIS_VWFA,0.6762917,0.46539155,0.6537339,0.6485726,1.0
