,AUD_AWFA,AWFA_p-e09,BIG_OWFA,SYL_mAWFA,VIS_IFG,VIS_VWFA,mAWFA_p-e09
AUD_AWFA,1.0,0.9137651,0.24299635,0.3369645,0.49697274,0.3218885,0.34371448
AWFA_p-e09,0.9137651,1.0,0.21670702,0.30169374,0.4817805,0.27830783,0.3167934
BIG_OWFA,0.24299635,0.21670702,1.0,-0.059844334,0.34834757,0.35697058,-0.07783758
SYL_mAWFA,0.3369645,0.30169374,-0.059844334,1.0,0.07990507,0.21136574,0.92152256
VIS_IFG,0.49697274,0.4817805,0.34834757,0.07990507,1.0,0.27511728,0.08792478
VIS_VWFA,0.3218885,0.27830783,0.35697058,0.21136574,0.27511728,1.0,0.15681258
mAWFA_p-e09,0.34371448,0.3167934,-0.07783758,0.92152256,0.08792478,0.15681258,1.0
