,AUD_AWFA,AWFA_p-e09,BIG_OWFA,SYL_mAWFA,VIS_IFG,VIS_VWFA,mAWFA_p-e09
AUD_AWFA,1.0,0.8482529,0.041374017,0.23976463,0.19287245,0.023330929,0.24486142
AWFA_p-e09,0.8482529,1.0,-0.014076277,0.1784213,0.14268626,-0.02214405,0.15230647
BIG_OWFA,0.041374017,-0.014076277,1.0,0.2619685,0.07456477,0.1274494,0.26769784
SYL_mAWFA,0.23976463,0.1784213,0.2619685,1.0,0.3236391,0.10143969,0.76584196
VIS_IFG,0.19287245,0.14268626,0.07456477,0.3236391,1.0,0.20160256,0.27940574
VIS_VWFA,0.023330929,-0.02214405,0.1274494,0.10143969,0.20160256,1.0,0.13913791
mAWFA_p-e09,0.24486142,0.15230647,0.26769784,0.76584196,0.27940574,0.13913791,1.0
