,AUD_AWFA,AWFA_p-e09,BIG_OWFA,SYL_mAWFA,VIS_IFG,VIS_VWFA,mAWFA_p-e09
AUD_AWFA,1.0,0.90296113,0.4864818,0.6799251,0.5950059,0.52560216,0.6143562
AWFA_p-e09,0.90296113,1.0,0.36974508,0.57731384,0.49970216,0.4590565,0.5278457
BIG_OWFA,0.4864818,0.36974508,1.0,0.26072636,0.4886224,0.67403275,0.19238694
SYL_mAWFA,0.6799251,0.57731384,0.26072636,1.0,0.48444292,0.31071603,0.9622192
VIS_IFG,0.5950059,0.49970216,0.4886224,0.48444292,1.0,0.65702814,0.43266076
VIS_VWFA,0.52560216,0.4590565,0.67403275,0.31071603,0.65702814,1.0,0.25095794
mAWFA_p-e09,0.6143562,0.5278457,0.19238694,0.9622192,0.43266076,0.25095794,1.0
