,AUD_AWFA,AWFA_p-e09,BIG_OWFA,SYL_mAWFA,VIS_IFG,VIS_VWFA,mAWFA_p-e09
AUD_AWFA,1.0,0.8703033,0.2594904,0.716593,0.47778645,0.4606501,0.6265461
AWFA_p-e09,0.8703033,1.0,0.2585745,0.7304352,0.47871804,0.37790847,0.6729911
BIG_OWFA,0.2594904,0.2585745,1.0,0.30469826,0.3089466,0.6022179,0.20750305
SYL_mAWFA,0.716593,0.7304352,0.30469826,1.0,0.5640879,0.5018245,0.87317854
VIS_IFG,0.47778645,0.47871804,0.3089466,0.5640879,1.0,0.36589316,0.42397332
VIS_VWFA,0.4606501,0.37790847,0.6022179,0.5018245,0.36589316,1.0,0.4372227
mAWFA_p-e09,0.6265461,0.6729911,0.20750305,0.87317854,0.42397332,0.4372227,1.0
