,AUD_AWFA,AWFA_p-e09,BIG_OWFA,SYL_mAWFA,VIS_IFG,VIS_VWFA,mAWFA_p-e09
AUD_AWFA,1.0,0.9010364,0.17402826,0.5834091,0.58133614,0.34488422,0.48007825
AWFA_p-e09,0.9010364,1.0,0.17241158,0.5712657,0.4782531,0.28045404,0.46363574
BIG_OWFA,0.17402826,0.17241158,1.0,-0.0004883656,0.16578089,0.32244226,-0.07301114
SYL_mAWFA,0.5834091,0.5712657,-0.0004883656,1.0,0.2343102,0.15785077,0.94935256
VIS_IFG,0.58133614,0.4782531,0.16578089,0.2343102,1.0,0.35810062,0.1356769
VIS_VWFA,0.34488422,0.28045404,0.32244226,0.15785077,0.35810062,1.0,0.07870284
mAWFA_p-e09,0.48007825,0.46363574,-0.07301114,0.94935256,0.1356769,0.07870284,1.0
