,AUD_AWFA,AWFA_p-e09,BIG_OWFA,SYL_mAWFA,VIS_IFG,VIS_VWFA
AUD_AWFA,1.0,0.8728699,0.2843841,0.3001501,0.40057278,0.3881
AWFA_p-e09,0.8728699,1.0,0.24476653,0.2750614,0.44403696,0.36310574
BIG_OWFA,0.2843841,0.24476653,1.0,0.45674035,0.33205825,0.4992755
SYL_mAWFA,0.3001501,0.2750614,0.45674035,1.0,0.33533,0.62586206
VIS_IFG,0.40057278,0.44403696,0.33205825,0.33533,1.0,0.3326253
VIS_VWFA,0.3881,0.36310574,0.4992755,0.62586206,0.3326253,1.0
