,AUD_AWFA,BIG_OWFA,SYL_mAWFA,VIS_IFG,VIS_VWFA
AUD_AWFA,1.0,0.31435385,0.3716756,0.64556664,-0.04787659
BIG_OWFA,0.31435385,1.0,-0.09501946,0.3572121,0.37668723
SYL_mAWFA,0.3716756,-0.09501946,1.0,0.27026933,-0.09687502
VIS_IFG,0.64556664,0.3572121,0.27026933,1.0,0.23545685
VIS_VWFA,-0.04787659,0.37668723,-0.09687502,0.23545685,1.0
