,AUD_AWFA,AWFA_p-e09,BIG_OWFA,SYL_mAWFA,VIS_IFG,VIS_VWFA,mAWFA_p-e09
AUD_AWFA,1.0,0.90945643,0.3831637,0.50410336,0.6386191,0.61470914,0.33301467
AWFA_p-e09,0.90945643,1.0,0.33019,0.4448613,0.63447696,0.5831773,0.26617178
BIG_OWFA,0.3831637,0.33019,1.0,0.4729305,0.324872,0.6296913,0.37714234
SYL_mAWFA,0.50410336,0.4448613,0.4729305,1.0,0.41729704,0.62896526,0.9042329
VIS_IFG,0.6386191,0.63447696,0.324872,0.41729704,1.0,0.6211886,0.25470865
VIS_VWFA,0.61470914,0.5831773,0.6296913,0.62896526,0.6211886,1.0,0.46696326
mAWFA_p-e09,0.33301467,0.26617178,0.37714234,0.9042329,0.25470865,0.46696326,1.0
