,AUD_AWFA,AWFA_p-e09,BIG_OWFA,SYL_mAWFA,VIS_IFG,VIS_VWFA,mAWFA_p-e09
AUD_AWFA,1.0,0.89514,0.22770292,0.5385345,0.45469284,0.2248316,0.54110664
AWFA_p-e09,0.89514,1.0,0.14557272,0.46147433,0.4259349,0.28167272,0.45765817
BIG_OWFA,0.22770292,0.14557272,1.0,0.13791883,0.28733355,0.5123862,0.13525105
SYL_mAWFA,0.5385345,0.46147433,0.13791883,1.0,0.47937164,0.10294374,0.96259445
VIS_IFG,0.45469284,0.4259349,0.28733355,0.47937164,1.0,0.44138256,0.4576408
VIS_VWFA,0.2248316,0.28167272,0.5123862,0.10294374,0.44138256,1.0,0.07792116
mAWFA_p-e09,0.54110664,0.45765817,0.13525105,0.96259445,0.4576408,0.07792116,1.0
