,AUD_AWFA,AWFA_p-e09,BIG_OWFA,SYL_mAWFA,VIS_IFG,VIS_VWFA,mAWFA_p-e09
AUD_AWFA,1.0,0.9187894,0.2484731,0.39766487,0.2574905,0.40039003,0.23013577
AWFA_p-e09,0.9187894,1.0,0.20040342,0.30356455,0.23331277,0.36779115,0.13729133
BIG_OWFA,0.2484731,0.20040342,1.0,-0.055831738,0.38817778,0.57308984,-0.18719356
SYL_mAWFA,0.39766487,0.30356455,-0.055831738,1.0,0.08314191,0.1489205,0.8769884
VIS_IFG,0.2574905,0.23331277,0.38817778,0.08314191,1.0,0.56589687,-0.018165508
VIS_VWFA,0.40039003,0.36779115,0.57308984,0.1489205,0.56589687,1.0,0.04996227
mAWFA_p-e09,0.23013577,0.13729133,-0.18719356,0.8769884,-0.018165508,0.04996227,1.0
