,AUD_AWFA,AWFA_p-e09,BIG_OWFA,SYL_mAWFA,VIS_IFG,VIS_VWFA
AUD_AWFA,1.0,0.7244018,0.4541113,0.6036746,0.3247642,0.39949408
AWFA_p-e09,0.7244018,1.0,0.38827133,0.41737595,0.38245642,0.3244146
BIG_OWFA,0.4541113,0.38827133,1.0,0.623601,0.3258279,0.51855314
SYL_mAWFA,0.6036746,0.41737595,0.623601,1.0,0.25800085,0.48502085
VIS_IFG,0.3247642,0.38245642,0.3258279,0.25800085,1.0,0.59477466
VIS_VWFA,0.39949408,0.3244146,0.51855314,0.48502085,0.59477466,1.0
