,AUD_AWFA,AWFA_p-e09,BIG_OWFA,SYL_mAWFA,VIS_IFG,VIS_VWFA
AUD_AWFA,1.0,0.9093403,0.25849524,0.6906972,0.64773715,0.51922834
AWFA_p-e09,0.9093403,1.0,0.18654823,0.66161644,0.5939383,0.4578929
BIG_OWFA,0.25849524,0.18654823,1.0,0.09289115,0.27718422,0.46220368
SYL_mAWFA,0.6906972,0.66161644,0.09289115,1.0,0.59391487,0.42643893
VIS_IFG,0.64773715,0.5939383,0.27718422,0.59391487,1.0,0.5862947
VIS_VWFA,0.51922834,0.4578929,0.46220368,0.42643893,0.5862947,1.0
