,AUD_AWFA,AWFA_p-e09,BIG_OWFA,SYL_mAWFA,VIS_IFG,VIS_VWFA,mAWFA_p-e09
AUD_AWFA,1.0,0.856769,0.35307357,0.5074556,0.60126287,0.5133058,0.491396
AWFA_p-e09,0.856769,1.0,0.29007897,0.41553593,0.47392976,0.47401652,0.37357897
BIG_OWFA,0.35307357,0.29007897,1.0,0.45181197,0.23876013,0.5199746,0.42625389
SYL_mAWFA,0.5074556,0.41553593,0.45181197,1.0,0.37223932,0.46400583,0.85192764
VIS_IFG,0.60126287,0.47392976,0.23876013,0.37223932,1.0,0.5598377,0.3829505
VIS_VWFA,0.5133058,0.47401652,0.5199746,0.46400583,0.5598377,1.0,0.4423183
mAWFA_p-e09,0.491396,0.37357897,0.42625389,0.85192764,0.3829505,0.4423183,1.0
