,AUD_AWFA,AWFA_p-e09,BIG_OWFA,SYL_mAWFA,VIS_IFG,VIS_VWFA,mAWFA_p-e09
AUD_AWFA,1.0,0.82719254,-0.063181095,0.37239903,0.08181644,-0.18006569,0.34972313
AWFA_p-e09,0.82719254,1.0,-0.07687118,0.3711069,0.12127282,-0.1109817,0.27074337
BIG_OWFA,-0.063181095,-0.07687118,1.0,0.114801385,-0.13275105,-0.0015229427,0.109364964
SYL_mAWFA,0.37239903,0.3711069,0.114801385,1.0,0.22804733,0.033654485,0.8508413
VIS_IFG,0.08181644,0.12127282,-0.13275105,0.22804733,1.0,0.5115797,0.13652624
VIS_VWFA,-0.18006569,-0.1109817,-0.0015229427,0.033654485,0.5115797,1.0,-0.056707926
mAWFA_p-e09,0.34972313,0.27074337,0.109364964,0.8508413,0.13652624,-0.056707926,1.0
