,AUD_AWFA,AWFA_p-e09,BIG_OWFA,SYL_mAWFA,VIS_IFG,VIS_VWFA,mAWFA_p-e09
AUD_AWFA,1.0,0.88937986,0.16578814,0.6802313,0.545916,0.10555412,0.67594826
AWFA_p-e09,0.88937986,1.0,0.061509613,0.5526515,0.4974893,0.02265716,0.5552198
BIG_OWFA,0.16578814,0.061509613,1.0,0.29204544,-0.041696075,0.4967164,0.32680705
SYL_mAWFA,0.6802313,0.5526515,0.29204544,1.0,0.590743,0.21573144,0.9037215
VIS_IFG,0.545916,0.4974893,-0.041696075,0.590743,1.0,-0.0057189767,0.47406942
VIS_VWFA,0.10555412,0.02265716,0.4967164,0.21573144,-0.0057189767,1.0,0.26349354
mAWFA_p-e09,0.67594826,0.5552198,0.32680705,0.9037215,0.47406942,0.26349354,1.0
