,AUD_AWFA,BIG_OWFA,SYL_mAWFA,VIS_IFG,VIS_VWFA
AUD_AWFA,1.0,0.052002076,0.4889496,0.3999628,0.09712373
BIG_OWFA,0.052002076,1.0,-0.38644695,0.060246095,0.4833376
SYL_mAWFA,0.4889496,-0.38644695,1.0,-0.039475586,-0.34918767
VIS_IFG,0.3999628,0.060246095,-0.039475586,1.0,0.45056933
VIS_VWFA,0.09712373,0.4833376,-0.34918767,0.45056933,1.0
