,AUD_AWFA,AWFA_p-e09,BIG_OWFA,SYL_mAWFA,VIS_IFG,VIS_VWFA,mAWFA_p-e09
AUD_AWFA,1.0,0.8675954,0.22961308,0.3241745,0.5870552,0.33190134,0.37075126
AWFA_p-e09,0.8675954,1.0,0.27765313,0.31083444,0.5585741,0.35804793,0.3561677
BIG_OWFA,0.22961308,0.27765313,1.0,0.10609163,0.34365723,0.4863756,0.07411314
SYL_mAWFA,0.3241745,0.31083444,0.10609163,1.0,0.55350804,0.40034217,0.93159574
VIS_IFG,0.5870552,0.5585741,0.34365723,0.55350804,1.0,0.6175897,0.52427924
VIS_VWFA,0.33190134,0.35804793,0.4863756,0.40034217,0.6175897,1.0,0.36269844
mAWFA_p-e09,0.37075126,0.3561677,0.07411314,0.93159574,0.52427924,0.36269844,1.0
