,AUD_AWFA,AWFA_p-e09,BIG_OWFA,SYL_mAWFA,VIS_IFG,VIS_VWFA
AUD_AWFA,1.0,0.9052387,0.22609162,0.5004681,0.2511117,0.14550081
AWFA_p-e09,0.9052387,1.0,0.18516041,0.41198134,0.18315797,0.073149055
BIG_OWFA,0.22609162,0.18516041,1.0,0.44311333,0.42561516,0.40202457
SYL_mAWFA,0.5004681,0.41198134,0.44311333,1.0,0.43982878,0.4530405
VIS_IFG,0.2511117,0.18315797,0.42561516,0.43982878,1.0,0.73909813
VIS_VWFA,0.14550081,0.073149055,0.40202457,0.4530405,0.73909813,1.0
