,AUD_AWFA,BIG_OWFA,SYL_mAWFA,VIS_IFG,VIS_VWFA
AUD_AWFA,1.0,-0.011004486,0.6082726,0.25762793,0.24044026
BIG_OWFA,-0.011004486,1.0,-0.32425117,0.36767665,0.56191915
SYL_mAWFA,0.6082726,-0.32425117,1.0,0.14088364,-0.1079217
VIS_IFG,0.25762793,0.36767665,0.14088364,1.0,0.7028637
VIS_VWFA,0.24044026,0.56191915,-0.1079217,0.7028637,1.0
