,AUD_AWFA,AWFA_p-e09,BIG_OWFA,SYL_mAWFA,VIS_IFG,VIS_VWFA,mAWFA_p-e09
AUD_AWFA,1.0,0.51778316,0.30573267,0.5493508,0.039279245,0.043819085,0.48561916
AWFA_p-e09,0.51778316,1.0,0.11761712,0.25042865,0.043998655,0.08352386,0.16497436
BIG_OWFA,0.30573267,0.11761712,1.0,0.24470955,0.004606235,0.04723221,0.22099456
SYL_mAWFA,0.5493508,0.25042865,0.24470955,1.0,0.099525705,0.1515812,0.8316351
VIS_IFG,0.039279245,0.043998655,0.004606235,0.099525705,1.0,0.22690107,0.024416491
VIS_VWFA,0.043819085,0.08352386,0.04723221,0.1515812,0.22690107,1.0,0.07705248
mAWFA_p-e09,0.48561916,0.16497436,0.22099456,0.8316351,0.024416491,0.07705248,1.0
