,AUD_AWFA,AWFA_p-e09,BIG_OWFA,SYL_mAWFA,VIS_IFG,VIS_VWFA
AUD_AWFA,1.0,0.8587316,0.44297573,0.52695817,0.36412057,0.4190274
AWFA_p-e09,0.8587316,1.0,0.41429853,0.4113485,0.3692876,0.34412012
BIG_OWFA,0.44297573,0.41429853,1.0,0.49897552,0.46298683,0.67957014
SYL_mAWFA,0.52695817,0.4113485,0.49897552,1.0,0.5018025,0.45272246
VIS_IFG,0.36412057,0.3692876,0.46298683,0.5018025,1.0,0.298724
VIS_VWFA,0.4190274,0.34412012,0.67957014,0.45272246,0.298724,1.0
