,AUD_AWFA,AWFA_p-e09,BIG_OWFA,SYL_mAWFA,VIS_IFG,VIS_VWFA
AUD_AWFA,1.0,0.85867137,0.3886544,0.59350944,0.6364615,0.5935065
AWFA_p-e09,0.85867137,1.0,0.36369902,0.6055697,0.5489931,0.51469606
BIG_OWFA,0.3886544,0.36369902,1.0,0.43220317,0.41101357,0.5547344
SYL_mAWFA,0.59350944,0.6055697,0.43220317,1.0,0.49983346,0.5682603
VIS_IFG,0.6364615,0.5489931,0.41101357,0.49983346,1.0,0.66487736
VIS_VWFA,0.5935065,0.51469606,0.5547344,0.5682603,0.66487736,1.0
