,AUD_AWFA,AWFA_p-e09,BIG_OWFA,SYL_mAWFA,VIS_IFG,VIS_VWFA
AUD_AWFA,1.0,0.9216843,0.20298952,0.7307912,0.517845,0.3720623
AWFA_p-e09,0.9216843,1.0,0.13384849,0.7930232,0.4469132,0.3150391
BIG_OWFA,0.20298952,0.13384849,1.0,0.09904922,0.395125,0.4997202
SYL_mAWFA,0.7307912,0.7930232,0.09904922,1.0,0.5097328,0.35631627
VIS_IFG,0.517845,0.4469132,0.395125,0.5097328,1.0,0.36252677
VIS_VWFA,0.3720623,0.3150391,0.4997202,0.35631627,0.36252677,1.0
