,AUD_AWFA,AWFA_p-e09,BIG_OWFA,SYL_mAWFA,VIS_IFG,VIS_VWFA
AUD_AWFA,1.0,0.85475814,0.32825884,0.6592483,0.24058054,0.38508046
AWFA_p-e09,0.85475814,1.0,0.2941072,0.60243875,0.32920745,0.32080558
BIG_OWFA,0.32825884,0.2941072,1.0,0.45690992,0.31446305,0.4104212
SYL_mAWFA,0.6592483,0.60243875,0.45690992,1.0,0.39323536,0.5098698
VIS_IFG,0.24058054,0.32920745,0.31446305,0.39323536,1.0,0.13800232
VIS_VWFA,0.38508046,0.32080558,0.4104212,0.5098698,0.13800232,1.0
