,AUD_AWFA,AWFA_p-e09,BIG_OWFA,SYL_mAWFA,VIS_IFG,VIS_VWFA
AUD_AWFA,1.0,0.9244998,0.043673623,0.5937875,0.34730253,0.12699132
AWFA_p-e09,0.9244998,1.0,0.08747006,0.5018422,0.35538277,0.1670853
BIG_OWFA,0.043673623,0.08747006,1.0,-0.24569939,0.3242947,0.59323347
SYL_mAWFA,0.5937875,0.5018422,-0.24569939,1.0,0.15596819,-0.2012803
VIS_IFG,0.34730253,0.35538277,0.3242947,0.15596819,1.0,0.49358988
VIS_VWFA,0.12699132,0.1670853,0.59323347,-0.2012803,0.49358988,1.0
