,AUD_AWFA,AWFA_p-e09,BIG_OWFA,SYL_mAWFA,VIS_IFG,VIS_VWFA,mAWFA_p-e09
AUD_AWFA,1.0,0.92760104,0.38171023,0.25845504,0.4167254,0.5628261,0.065236814
AWFA_p-e09,0.92760104,1.0,0.36819744,0.25183028,0.32480758,0.57231253,0.06550466
BIG_OWFA,0.38171023,0.36819744,1.0,-0.07716943,0.39264202,0.70652246,-0.13688572
SYL_mAWFA,0.25845504,0.25183028,-0.07716943,1.0,0.077312924,-0.03236627,0.83376366
VIS_IFG,0.4167254,0.32480758,0.39264202,0.077312924,1.0,0.46588737,0.08093122
VIS_VWFA,0.5628261,0.57231253,0.70652246,-0.03236627,0.46588737,1.0,-0.079558104
mAWFA_p-e09,0.065236814,0.06550466,-0.13688572,0.83376366,0.08093122,-0.079558104,1.0
