,AUD_AWFA,AWFA_p-e09,BIG_OWFA,SYL_mAWFA,VIS_IFG,VIS_VWFA,mAWFA_p-e09
AUD_AWFA,1.0,0.8955698,0.13468651,0.68520534,0.5394531,0.6142013,0.56830215
AWFA_p-e09,0.8955698,1.0,0.15334933,0.6338062,0.5838193,0.60644025,0.516522
BIG_OWFA,0.13468651,0.15334933,1.0,0.28193492,0.07110806,0.36761123,0.22184387
SYL_mAWFA,0.68520534,0.6338062,0.28193492,1.0,0.51294804,0.64900285,0.90218645
VIS_IFG,0.5394531,0.5838193,0.07110806,0.51294804,1.0,0.6125961,0.39937103
VIS_VWFA,0.6142013,0.60644025,0.36761123,0.64900285,0.6125961,1.0,0.5327476
mAWFA_p-e09,0.56830215,0.516522,0.22184387,0.90218645,0.39937103,0.5327476,1.0
