,AUD_AWFA,AWFA_p-e09,BIG_OWFA,SYL_mAWFA,VIS_IFG,VIS_VWFA,mAWFA_p-e09
AUD_AWFA,1.0,0.8029622,0.18550012,0.51411796,0.13249175,0.36925402,0.54585004
AWFA_p-e09,0.8029622,1.0,0.2384839,0.49628597,0.30186078,0.36202803,0.5048803
BIG_OWFA,0.18550012,0.2384839,1.0,0.13519047,0.4651492,0.6068901,0.10739076
SYL_mAWFA,0.51411796,0.49628597,0.13519047,1.0,0.3743824,0.2979788,0.8928821
VIS_IFG,0.13249175,0.30186078,0.4651492,0.3743824,1.0,0.5557215,0.22469687
VIS_VWFA,0.36925402,0.36202803,0.6068901,0.2979788,0.5557215,1.0,0.2128706
mAWFA_p-e09,0.54585004,0.5048803,0.10739076,0.8928821,0.22469687,0.2128706,1.0
