,AUD_AWFA,AWFA_p-e09,BIG_OWFA,SYL_mAWFA,VIS_IFG,VIS_VWFA,mAWFA_p-e09
AUD_AWFA,1.0,0.8846188,0.5080238,0.70275116,0.6826318,0.6144464,0.63574684
AWFA_p-e09,0.8846188,1.0,0.37514082,0.6736857,0.579223,0.44660148,0.645909
BIG_OWFA,0.5080238,0.37514082,1.0,0.29415455,0.3919185,0.6115917,0.23568052
SYL_mAWFA,0.70275116,0.6736857,0.29415455,1.0,0.6379403,0.38571632,0.9612652
VIS_IFG,0.6826318,0.579223,0.3919185,0.6379403,1.0,0.64131755,0.56121707
VIS_VWFA,0.6144464,0.44660148,0.6115917,0.38571632,0.64131755,1.0,0.3051536
mAWFA_p-e09,0.63574684,0.645909,0.23568052,0.9612652,0.56121707,0.3051536,1.0
