,AUD_AWFA,AWFA_p-e09,BIG_OWFA,SYL_mAWFA,VIS_IFG,VIS_VWFA,mAWFA_p-e09
AUD_AWFA,1.0,0.8793372,0.15056022,0.45683253,0.575125,0.3182874,0.4366001
AWFA_p-e09,0.8793372,1.0,0.18256323,0.42520243,0.5286494,0.30986485,0.39920765
BIG_OWFA,0.15056022,0.18256323,1.0,0.22928564,0.034464292,0.25811937,0.1935966
SYL_mAWFA,0.45683253,0.42520243,0.22928564,1.0,0.36670822,0.4630468,0.8695358
VIS_IFG,0.575125,0.5286494,0.034464292,0.36670822,1.0,0.36548057,0.32337594
VIS_VWFA,0.3182874,0.30986485,0.25811937,0.4630468,0.36548057,1.0,0.32678992
mAWFA_p-e09,0.4366001,0.39920765,0.1935966,0.8695358,0.32337594,0.32678992,1.0
