,AUD_AWFA,AWFA_p-e09,BIG_OWFA,SYL_mAWFA,VIS_IFG,VIS_VWFA
AUD_AWFA,1.0,0.9339689,0.49087304,0.85117716,0.71109736,0.64579123
AWFA_p-e09,0.9339689,1.0,0.4898204,0.81705755,0.68012184,0.64475596
BIG_OWFA,0.49087304,0.4898204,1.0,0.500203,0.3542793,0.58817416
SYL_mAWFA,0.85117716,0.81705755,0.500203,1.0,0.639173,0.6948328
VIS_IFG,0.71109736,0.68012184,0.3542793,0.639173,1.0,0.5883204
VIS_VWFA,0.64579123,0.64475596,0.58817416,0.6948328,0.5883204,1.0
