,AUD_AWFA,BIG_OWFA,SYL_mAWFA,VIS_IFG,VIS_VWFA
AUD_AWFA,1.0,0.32291046,0.55649984,0.2545011,0.3997724
BIG_OWFA,0.32291046,1.0,0.0033443505,0.3171583,0.6253307
SYL_mAWFA,0.55649984,0.0033443505,1.0,0.50312537,0.2952839
VIS_IFG,0.2545011,0.3171583,0.50312537,1.0,0.60144985
VIS_VWFA,0.3997724,0.6253307,0.2952839,0.60144985,1.0
