,AUD_AWFA,AWFA_p-e09,BIG_OWFA,SYL_mAWFA,VIS_IFG,VIS_VWFA
AUD_AWFA,1.0,0.87905735,0.39418536,0.4099117,0.46347997,0.43506733
AWFA_p-e09,0.87905735,1.0,0.27732813,0.36301586,0.40993342,0.29615602
BIG_OWFA,0.39418536,0.27732813,1.0,-0.1248536,0.32394308,0.7203691
SYL_mAWFA,0.4099117,0.36301586,-0.1248536,1.0,0.29397383,-0.012394735
VIS_IFG,0.46347997,0.40993342,0.32394308,0.29397383,1.0,0.5298107
VIS_VWFA,0.43506733,0.29615602,0.7203691,-0.012394735,0.5298107,1.0
