,AUD_AWFA,AWFA_p-e09,BIG_OWFA,SYL_mAWFA,VIS_IFG,VIS_VWFA,mAWFA_p-e09
AUD_AWFA,1.0,0.76202506,0.13834661,0.48563063,0.43651935,0.24459381,0.36455217
AWFA_p-e09,0.76202506,1.0,0.06005557,0.49838242,0.35736775,0.15371242,0.3769083
BIG_OWFA,0.13834661,0.06005557,1.0,0.16343129,0.13560042,0.26646248,0.15155053
SYL_mAWFA,0.48563063,0.49838242,0.16343129,1.0,0.37555942,0.1890785,0.83574194
VIS_IFG,0.43651935,0.35736775,0.13560042,0.37555942,1.0,0.27580217,0.31807852
VIS_VWFA,0.24459381,0.15371242,0.26646248,0.1890785,0.27580217,1.0,0.15619628
mAWFA_p-e09,0.36455217,0.3769083,0.15155053,0.83574194,0.31807852,0.15619628,1.0
