,AUD_AWFA,AWFA_p-e09,BIG_OWFA,SYL_mAWFA,VIS_IFG,VIS_VWFA
AUD_AWFA,1.0,0.92321336,0.32992387,0.7914701,0.6682526,0.46310744
AWFA_p-e09,0.92321336,1.0,0.36745635,0.7863976,0.70531714,0.50737464
BIG_OWFA,0.32992387,0.36745635,1.0,0.51804066,0.48614514,0.6175801
SYL_mAWFA,0.7914701,0.7863976,0.51804066,1.0,0.7058527,0.6602485
VIS_IFG,0.6682526,0.70531714,0.48614514,0.7058527,1.0,0.67029417
VIS_VWFA,0.46310744,0.50737464,0.6175801,0.6602485,0.67029417,1.0
