,AUD_AWFA,AWFA_p-e09,BIG_OWFA,SYL_mAWFA,VIS_IFG,VIS_VWFA
AUD_AWFA,1.0,0.79549104,0.2820086,0.7473035,0.55006504,0.34380326
AWFA_p-e09,0.79549104,1.0,0.10859969,0.6269559,0.5172723,0.48160377
BIG_OWFA,0.2820086,0.10859969,1.0,0.40185243,0.300767,0.23612438
SYL_mAWFA,0.7473035,0.6269559,0.40185243,1.0,0.5470244,0.39790633
VIS_IFG,0.55006504,0.5172723,0.300767,0.5470244,1.0,0.55312204
VIS_VWFA,0.34380326,0.48160377,0.23612438,0.39790633,0.55312204,1.0
