,AUD_AWFA,AWFA_p-e09,BIG_OWFA,SYL_mAWFA,VIS_IFG,VIS_VWFA,mAWFA_p-e09
AUD_AWFA,1.0,0.86360496,0.31272352,0.4631214,0.5360456,0.3133912,0.42733333
AWFA_p-e09,0.86360496,1.0,0.29956478,0.4947352,0.50649685,0.30894598,0.46227887
BIG_OWFA,0.31272352,0.29956478,1.0,0.5301512,0.36354318,0.37564912,0.43640214
SYL_mAWFA,0.4631214,0.4947352,0.5301512,1.0,0.48490456,0.38199466,0.8477127
VIS_IFG,0.5360456,0.50649685,0.36354318,0.48490456,1.0,0.48564798,0.44019082
VIS_VWFA,0.3133912,0.30894598,0.37564912,0.38199466,0.48564798,1.0,0.3853768
mAWFA_p-e09,0.42733333,0.46227887,0.43640214,0.8477127,0.44019082,0.3853768,1.0
