,AUD_AWFA,AWFA_p-e09,BIG_OWFA,SYL_mAWFA,VIS_IFG,VIS_VWFA
AUD_AWFA,1.0,0.860413,0.104335226,0.35465324,0.5118446,0.026946446
AWFA_p-e09,0.860413,1.0,0.07583664,0.2686852,0.5035872,0.017561104
BIG_OWFA,0.104335226,0.07583664,1.0,0.32932845,0.12940733,0.35102314
SYL_mAWFA,0.35465324,0.2686852,0.32932845,1.0,0.35785156,0.21478046
VIS_IFG,0.5118446,0.5035872,0.12940733,0.35785156,1.0,0.3617932
VIS_VWFA,0.026946446,0.017561104,0.35102314,0.21478046,0.3617932,1.0
