,AUD_AWFA,AWFA_p-e09,BIG_OWFA,SYL_mAWFA,VIS_IFG,VIS_VWFA,mAWFA_p-e09
AUD_AWFA,1.0,0.84228307,0.17819607,0.48018566,0.4726573,0.19558708,0.35139075
AWFA_p-e09,0.84228307,1.0,0.05028224,0.49571308,0.3380274,0.09950736,0.38144475
BIG_OWFA,0.17819607,0.05028224,1.0,-0.17489833,0.26376846,0.5948247,-0.1355166
SYL_mAWFA,0.48018566,0.49571308,-0.17489833,1.0,0.1760828,-0.32579222,0.8044434
VIS_IFG,0.4726573,0.3380274,0.26376846,0.1760828,1.0,0.3574615,0.009520569
VIS_VWFA,0.19558708,0.09950736,0.5948247,-0.32579222,0.3574615,1.0,-0.195338
mAWFA_p-e09,0.35139075,0.38144475,-0.1355166,0.8044434,0.009520569,-0.195338,1.0
