,AUD_AWFA,AWFA_p-e09,BIG_OWFA,SYL_mAWFA,VIS_IFG,VIS_VWFA,mAWFA_p-e09
AUD_AWFA,1.0,0.85202324,0.34019923,0.44933408,0.4314595,0.10623916,0.41390082
AWFA_p-e09,0.85202324,1.0,0.24437158,0.39612815,0.4797896,0.17499326,0.31894845
BIG_OWFA,0.34019923,0.24437158,1.0,0.4251815,0.20182143,0.08339973,0.40471798
SYL_mAWFA,0.44933408,0.39612815,0.4251815,1.0,0.62965226,0.25420707,0.9118777
VIS_IFG,0.4314595,0.4797896,0.20182143,0.62965226,1.0,0.4334372,0.5288872
VIS_VWFA,0.10623916,0.17499326,0.08339973,0.25420707,0.4334372,1.0,0.18759534
mAWFA_p-e09,0.41390082,0.31894845,0.40471798,0.9118777,0.5288872,0.18759534,1.0
