,cluster_1,cluster_2,cluster_3,cluster_4,cluster_5,cluster_6,cluster_7
cluster_1,1.0,0.5745668,0.52953404,0.5521514,0.39929417,0.4912499,0.5361533
cluster_2,0.5745668,1.0,0.499104,0.54805905,0.48056078,0.32889882,0.59514207
cluster_3,0.52953404,0.499104,1.0,0.5474791,0.44628575,0.5732591,0.5735638
cluster_4,0.5521514,0.54805905,0.5474791,1.0,0.32730561,0.46911103,0.6059166
cluster_5,0.39929417,0.48056078,0.44628575,0.32730561,1.0,0.2884049,0.34962258
cluster_6,0.4912499,0.32889882,0.5732591,0.46911103,0.2884049,1.0,0.4717688
cluster_7,0.5361533,0.59514207,0.5735638,0.6059166,0.34962258,0.4717688,1.0
