,AUD_AWFA,AWFA_p-e09,BIG_OWFA,SYL_mAWFA,VIS_IFG,VIS_VWFA
AUD_AWFA,1.0,0.8838636,0.16475986,0.6760122,0.54253006,0.10489943
AWFA_p-e09,0.8838636,1.0,0.06112811,0.5492237,0.4944037,0.022516632
BIG_OWFA,0.16475986,0.06112811,1.0,0.29023406,-0.04143746,0.49363557
SYL_mAWFA,0.6760122,0.5492237,0.29023406,1.0,0.587079,0.21439339
VIS_IFG,0.54253006,0.4944037,-0.04143746,0.587079,1.0,-0.0056835054
VIS_VWFA,0.10489943,0.022516632,0.49363557,0.21439339,-0.0056835054,1.0
