,AUD_AWFA,BIG_OWFA,SYL_mAWFA,VIS_IFG,VIS_VWFA
AUD_AWFA,1.0,0.16027303,0.6572133,0.52604824,0.22657613
BIG_OWFA,0.16027303,1.0,0.12697507,0.30591014,0.5168101
SYL_mAWFA,0.6572133,0.12697507,1.0,0.62401795,0.14884269
VIS_IFG,0.52604824,0.30591014,0.62401795,1.0,0.3580264
VIS_VWFA,0.22657613,0.5168101,0.14884269,0.3580264,1.0
