,AUD_AWFA,AWFA_p-e09,BIG_OWFA,SYL_mAWFA,VIS_IFG,VIS_VWFA,mAWFA_p-e09
AUD_AWFA,1.0,0.8282452,0.3250734,0.4445772,0.43168676,0.42649248,0.2992809
AWFA_p-e09,0.8282452,1.0,0.2032731,0.32279712,0.26526475,0.37397522,0.21370567
BIG_OWFA,0.3250734,0.2032731,1.0,0.42875886,0.31867367,0.57288295,0.35526183
SYL_mAWFA,0.4445772,0.32279712,0.42875886,1.0,0.51624066,0.4722675,0.8847651
VIS_IFG,0.43168676,0.26526475,0.31867367,0.51624066,1.0,0.3098926,0.45913547
VIS_VWFA,0.42649248,0.37397522,0.57288295,0.4722675,0.3098926,1.0,0.42033643
mAWFA_p-e09,0.2992809,0.21370567,0.35526183,0.8847651,0.45913547,0.42033643,1.0
