,AUD_AWFA,AWFA_p-e09,BIG_OWFA,SYL_mAWFA,VIS_IFG,VIS_VWFA,mAWFA_p-e09
AUD_AWFA,1.0,0.861704,0.29419133,0.43958005,0.25189883,0.116654575,0.48798338
AWFA_p-e09,0.861704,1.0,0.28595465,0.35421202,0.24104053,0.082504556,0.3751173
BIG_OWFA,0.29419133,0.28595465,1.0,0.09247241,0.16102305,0.19891614,0.11127869
SYL_mAWFA,0.43958005,0.35421202,0.09247241,1.0,0.33158913,0.10305282,0.88114136
VIS_IFG,0.25189883,0.24104053,0.16102305,0.33158913,1.0,0.2229564,0.33159292
VIS_VWFA,0.116654575,0.082504556,0.19891614,0.10305282,0.2229564,1.0,0.15976325
mAWFA_p-e09,0.48798338,0.3751173,0.11127869,0.88114136,0.33159292,0.15976325,1.0
