,cluster_1,cluster_2,cluster_3,cluster_4,cluster_5,cluster_6,cluster_7
cluster_1,1.0,0.4570159,0.4883213,0.5720383,0.09390306,0.4773405,0.5058917
cluster_2,0.4570159,1.0,0.50124186,0.41556987,0.25805178,0.16860178,0.29826
cluster_3,0.4883213,0.50124186,1.0,0.41327277,0.27936143,0.43321615,0.33462697
cluster_4,0.5720383,0.41556987,0.41327277,1.0,0.16696313,0.24964345,0.40476352
cluster_5,0.09390306,0.25805178,0.27936143,0.16696313,1.0,0.107050136,0.15065925
cluster_6,0.4773405,0.16860178,0.43321615,0.24964345,0.107050136,1.0,0.4871094
cluster_7,0.5058917,0.29826,0.33462697,0.40476352,0.15065925,0.4871094,1.0
