,AUD_AWFA,AWFA_p-e09,BIG_OWFA,SYL_mAWFA,VIS_IFG,VIS_VWFA
AUD_AWFA,1.0,0.9496181,0.24821463,0.5787693,0.5873866,0.19278617
AWFA_p-e09,0.9496181,1.0,0.22776097,0.54183656,0.5038516,0.13235721
BIG_OWFA,0.24821463,0.22776097,1.0,-0.029968709,0.22841163,0.41115955
SYL_mAWFA,0.5787693,0.54183656,-0.029968709,1.0,0.4811239,0.16832967
VIS_IFG,0.5873866,0.5038516,0.22841163,0.4811239,1.0,0.50016046
VIS_VWFA,0.19278617,0.13235721,0.41115955,0.16832967,0.50016046,1.0
