,AUD_AWFA,AWFA_p-e09,BIG_OWFA,SYL_mAWFA,VIS_IFG,VIS_VWFA
AUD_AWFA,1.0,0.9441126,0.30374295,0.68803316,0.4235049,0.5362774
AWFA_p-e09,0.9441126,1.0,0.3334095,0.6530103,0.39093062,0.54324305
BIG_OWFA,0.30374295,0.3334095,1.0,0.34089908,0.30461127,0.52771926
SYL_mAWFA,0.68803316,0.6530103,0.34089908,1.0,0.55329895,0.6597732
VIS_IFG,0.4235049,0.39093062,0.30461127,0.55329895,1.0,0.715703
VIS_VWFA,0.5362774,0.54324305,0.52771926,0.6597732,0.715703,1.0
