,AUD_AWFA,AWFA_p-e09,BIG_OWFA,SYL_mAWFA,VIS_IFG,VIS_VWFA
AUD_AWFA,1.0,0.90407395,0.40287358,0.7509051,0.59996843,0.59379256
AWFA_p-e09,0.90407395,1.0,0.37397987,0.7122077,0.543388,0.5769341
BIG_OWFA,0.40287358,0.37397987,1.0,0.46210572,0.38789237,0.6617655
SYL_mAWFA,0.7509051,0.7122077,0.46210572,1.0,0.59901386,0.6343527
VIS_IFG,0.59996843,0.543388,0.38789237,0.59901386,1.0,0.56215984
VIS_VWFA,0.59379256,0.5769341,0.6617655,0.6343527,0.56215984,1.0
