,AUD_AWFA,AWFA_p-e09,BIG_OWFA,SYL_mAWFA,VIS_IFG,VIS_VWFA,mAWFA_p-e09
AUD_AWFA,1.0,0.87494487,0.2031179,0.40793788,0.5270647,0.4303447,0.4015118
AWFA_p-e09,0.87494487,1.0,0.20617749,0.38414666,0.4760704,0.3783048,0.3763514
BIG_OWFA,0.2031179,0.20617749,1.0,-0.25234222,0.31768647,0.5250911,-0.2997573
SYL_mAWFA,0.40793788,0.38414666,-0.25234222,1.0,0.16289772,-0.051739383,0.9388942
VIS_IFG,0.5270647,0.4760704,0.31768647,0.16289772,1.0,0.67474926,0.107127756
VIS_VWFA,0.4303447,0.3783048,0.5250911,-0.051739383,0.67474926,1.0,-0.105052434
mAWFA_p-e09,0.4015118,0.3763514,-0.2997573,0.9388942,0.107127756,-0.105052434,1.0
