,AUD_AWFA,AWFA_p-e09,BIG_OWFA,SYL_mAWFA,VIS_IFG,VIS_VWFA
AUD_AWFA,1.0,0.9044215,0.46505368,0.66951007,0.5089556,0.5155681
AWFA_p-e09,0.9044215,1.0,0.38895983,0.53912777,0.43057525,0.41243976
BIG_OWFA,0.46505368,0.38895983,1.0,0.5218648,0.3429475,0.51290065
SYL_mAWFA,0.66951007,0.53912777,0.5218648,1.0,0.5230876,0.68765116
VIS_IFG,0.5089556,0.43057525,0.3429475,0.5230876,1.0,0.5972654
VIS_VWFA,0.5155681,0.41243976,0.51290065,0.68765116,0.5972654,1.0
