,AUD_AWFA,AWFA_p-e09,BIG_OWFA,SYL_mAWFA,VIS_IFG,VIS_VWFA,mAWFA_p-e09
AUD_AWFA,1.0,0.7559193,-0.021478813,0.08422186,0.15206212,0.097308345,0.055478066
AWFA_p-e09,0.7559193,1.0,-0.082918786,0.13369474,0.14853701,0.07608908,-0.015704045
BIG_OWFA,-0.021478813,-0.082918786,1.0,0.08012616,0.08885395,0.09568862,0.008549957
SYL_mAWFA,0.08422186,0.13369474,0.08012616,1.0,0.25147694,0.31316686,0.6686041
VIS_IFG,0.15206212,0.14853701,0.08885395,0.25147694,1.0,0.18074453,0.18103766
VIS_VWFA,0.097308345,0.07608908,0.09568862,0.31316686,0.18074453,1.0,0.3175464
mAWFA_p-e09,0.055478066,-0.015704045,0.008549957,0.6686041,0.18103766,0.3175464,1.0
