,AUD_AWFA,BIG_OWFA,SYL_mAWFA,VIS_IFG,VIS_VWFA
AUD_AWFA,1.0,0.23041542,0.600091,0.439585,0.23708628
BIG_OWFA,0.23041542,1.0,0.41306674,0.31983116,0.46009
SYL_mAWFA,0.600091,0.41306674,1.0,0.60645795,0.52921134
VIS_IFG,0.439585,0.31983116,0.60645795,1.0,0.68008685
VIS_VWFA,0.23708628,0.46009,0.52921134,0.68008685,1.0
