,AUD_AWFA,AWFA_p-e09,BIG_OWFA,SYL_mAWFA,VIS_IFG,VIS_VWFA
AUD_AWFA,1.0,0.91054374,0.3455919,0.6433302,0.5708382,0.49170688
AWFA_p-e09,0.91054374,1.0,0.3591114,0.6253206,0.55303335,0.47814485
BIG_OWFA,0.3455919,0.3591114,1.0,0.45915878,0.32818162,0.54286534
SYL_mAWFA,0.6433302,0.6253206,0.45915878,1.0,0.5955659,0.54312396
VIS_IFG,0.5708382,0.55303335,0.32818162,0.5955659,1.0,0.6174559
VIS_VWFA,0.49170688,0.47814485,0.54286534,0.54312396,0.6174559,1.0
