,AUD_AWFA,AWFA_p-e09,BIG_OWFA,SYL_mAWFA,VIS_IFG,VIS_VWFA
AUD_AWFA,1.0,0.89798504,0.2530066,0.5436639,0.16798218,0.25496757
AWFA_p-e09,0.89798504,1.0,0.21751007,0.548549,0.21554267,0.28977183
BIG_OWFA,0.2530066,0.21751007,1.0,0.3787457,0.13637717,0.46570197
SYL_mAWFA,0.5436639,0.548549,0.3787457,1.0,0.3823653,0.5576586
VIS_IFG,0.16798218,0.21554267,0.13637717,0.3823653,1.0,0.55475533
VIS_VWFA,0.25496757,0.28977183,0.46570197,0.5576586,0.55475533,1.0
