,AUD_AWFA,AWFA_p-e09,BIG_OWFA,SYL_mAWFA,VIS_IFG,VIS_VWFA
AUD_AWFA,1.0,0.94735914,0.32080248,0.72715527,0.5964802,0.5420161
AWFA_p-e09,0.94735914,1.0,0.29389343,0.7051698,0.53357726,0.5030606
BIG_OWFA,0.32080248,0.29389343,1.0,0.43103266,0.34048754,0.5259077
SYL_mAWFA,0.72715527,0.7051698,0.43103266,1.0,0.5525709,0.67632014
VIS_IFG,0.5964802,0.53357726,0.34048754,0.5525709,1.0,0.7015014
VIS_VWFA,0.5420161,0.5030606,0.5259077,0.67632014,0.7015014,1.0
