,AUD_AWFA,AWFA_p-e09,BIG_OWFA,SYL_mAWFA,VIS_IFG,VIS_VWFA,mAWFA_p-e09
AUD_AWFA,1.0,0.888146,0.16666622,0.72969824,0.5713318,0.58093596,0.65496665
AWFA_p-e09,0.888146,1.0,0.14800973,0.6951202,0.5933111,0.53989714,0.5901582
BIG_OWFA,0.16666622,0.14800973,1.0,0.15050389,0.1824639,0.36906573,0.07043589
SYL_mAWFA,0.72969824,0.6951202,0.15050389,1.0,0.6521965,0.699032,0.90749
VIS_IFG,0.5713318,0.5933111,0.1824639,0.6521965,1.0,0.5512595,0.49764162
VIS_VWFA,0.58093596,0.53989714,0.36906573,0.699032,0.5512595,1.0,0.60827106
mAWFA_p-e09,0.65496665,0.5901582,0.07043589,0.90749,0.49764162,0.60827106,1.0
