,AUD_AWFA,AWFA_p-e09,BIG_OWFA,SYL_mAWFA,VIS_IFG,VIS_VWFA,mAWFA_p-e09
AUD_AWFA,1.0,0.91132224,0.565513,0.7705287,0.5296334,0.6782684,0.64076656
AWFA_p-e09,0.91132224,1.0,0.5242692,0.71844435,0.5334793,0.5992814,0.6337133
BIG_OWFA,0.565513,0.5242692,1.0,0.64364225,0.30509412,0.7069204,0.5523149
SYL_mAWFA,0.7705287,0.71844435,0.64364225,1.0,0.6018189,0.74329257,0.8524687
VIS_IFG,0.5296334,0.5334793,0.30509412,0.6018189,1.0,0.43549675,0.5377405
VIS_VWFA,0.6782684,0.5992814,0.7069204,0.74329257,0.43549675,1.0,0.64361817
mAWFA_p-e09,0.64076656,0.6337133,0.5523149,0.8524687,0.5377405,0.64361817,1.0
