,AUD_AWFA,AWFA_p-e09,BIG_OWFA,SYL_mAWFA,VIS_IFG,VIS_VWFA,mAWFA_p-e09
AUD_AWFA,1.0,0.79823756,0.28298226,0.74988365,0.5519642,0.34499028,0.69791275
AWFA_p-e09,0.79823756,1.0,0.10897465,0.6291206,0.5190583,0.48326656,0.5940615
BIG_OWFA,0.28298226,0.10897465,1.0,0.40323988,0.30180544,0.23693962,0.3997909
SYL_mAWFA,0.74988365,0.6291206,0.40323988,1.0,0.5489131,0.39928013,0.915615
VIS_IFG,0.5519642,0.5190583,0.30180544,0.5489131,1.0,0.5550318,0.5234912
VIS_VWFA,0.34499028,0.48326656,0.23693962,0.39928013,0.5550318,1.0,0.4498957
mAWFA_p-e09,0.69791275,0.5940615,0.3997909,0.915615,0.5234912,0.4498957,1.0
