,AUD_AWFA,BIG_OWFA,SYL_mAWFA,VIS_IFG,VIS_VWFA
AUD_AWFA,1.0,0.12841865,0.5588749,0.5475646,0.3023822
BIG_OWFA,0.12841865,1.0,0.29518893,0.17873725,0.42662096
SYL_mAWFA,0.5588749,0.29518893,1.0,0.63371265,0.6392687
VIS_IFG,0.5475646,0.17873725,0.63371265,1.0,0.50621915
VIS_VWFA,0.3023822,0.42662096,0.6392687,0.50621915,1.0
