,AUD_AWFA,BIG_OWFA,SYL_mAWFA,VIS_IFG,VIS_VWFA
AUD_AWFA,1.0,0.12796605,0.31519648,0.4387521,0.3937725
BIG_OWFA,0.12796605,1.0,-0.1308945,0.13259242,0.23609854
SYL_mAWFA,0.31519648,-0.1308945,1.0,0.17063628,-0.14916126
VIS_IFG,0.4387521,0.13259242,0.17063628,1.0,0.5144608
VIS_VWFA,0.3937725,0.23609854,-0.14916126,0.5144608,1.0
