,AUD_AWFA,AWFA_p-e09,BIG_OWFA,SYL_mAWFA,VIS_IFG,VIS_VWFA,mAWFA_p-e09
AUD_AWFA,1.0,0.86967534,0.33441496,0.54389304,0.5646675,0.34664628,0.5228325
AWFA_p-e09,0.86967534,1.0,0.32746765,0.6006778,0.6570384,0.31020665,0.56317943
BIG_OWFA,0.33441496,0.32746765,1.0,0.09347146,0.41722742,0.61119044,0.080441184
SYL_mAWFA,0.54389304,0.6006778,0.09347146,1.0,0.41928703,0.1448437,0.9372516
VIS_IFG,0.5646675,0.6570384,0.41722742,0.41928703,1.0,0.52066934,0.3587322
VIS_VWFA,0.34664628,0.31020665,0.61119044,0.1448437,0.52066934,1.0,0.13231598
mAWFA_p-e09,0.5228325,0.56317943,0.080441184,0.9372516,0.3587322,0.13231598,1.0
