,AUD_AWFA,AWFA_p-e09,BIG_OWFA,SYL_mAWFA,VIS_IFG,VIS_VWFA,mAWFA_p-e09
AUD_AWFA,1.0,0.9431919,0.15128615,0.84396696,0.6044244,0.47584403,0.82512635
AWFA_p-e09,0.9431919,1.0,0.1525864,0.7780286,0.5509807,0.45290402,0.75969666
BIG_OWFA,0.15128615,0.1525864,1.0,0.2600474,0.40669566,0.612348,0.15544096
SYL_mAWFA,0.84396696,0.7780286,0.2600474,1.0,0.6313808,0.6251994,0.9355609
VIS_IFG,0.6044244,0.5509807,0.40669566,0.6313808,1.0,0.61436105,0.5276672
VIS_VWFA,0.47584403,0.45290402,0.612348,0.6251994,0.61436105,1.0,0.51820934
mAWFA_p-e09,0.82512635,0.75969666,0.15544096,0.9355609,0.5276672,0.51820934,1.0
