,AUD_AWFA,BIG_OWFA,SYL_mAWFA,VIS_IFG,VIS_VWFA
AUD_AWFA,1.0,0.19416104,0.5240955,0.33493355,0.3150463
BIG_OWFA,0.19416104,1.0,-0.04971309,0.17724925,0.2866632
SYL_mAWFA,0.5240955,-0.04971309,1.0,0.15112013,0.15310477
VIS_IFG,0.33493355,0.17724925,0.15112013,1.0,0.60433036
VIS_VWFA,0.3150463,0.2866632,0.15310477,0.60433036,1.0
