,AUD_AWFA,BIG_OWFA,SYL_mAWFA,VIS_IFG,VIS_VWFA
AUD_AWFA,1.0,0.27307948,0.47398964,0.7041334,0.4692754
BIG_OWFA,0.27307948,1.0,-0.0520262,0.3007419,0.40053377
SYL_mAWFA,0.47398964,-0.0520262,1.0,0.4237416,0.07255327
VIS_IFG,0.7041334,0.3007419,0.4237416,1.0,0.43871596
VIS_VWFA,0.4692754,0.40053377,0.07255327,0.43871596,1.0
