,cluster_1,cluster_2,cluster_3,cluster_4,cluster_5,cluster_6,cluster_7
cluster_1,1.0,0.4169391595024193,0.4669191000472052,0.4750381328174154,0.34585754736878166,0.3559379058802492,0.5780098607708127
cluster_2,0.4169391595024193,1.0,0.3431528426646346,0.46163276710447093,0.4158892215729066,0.24812944868205694,0.10251929857393871
cluster_3,0.4669191000472052,0.3431528426646346,1.0,0.22470090098170165,0.4926693814523567,0.22155056464269565,0.4005110842909949
cluster_4,0.4750381328174154,0.46163276710447093,0.22470090098170165,1.0,0.27181246348077315,0.32619942034003513,0.16432488220772504
cluster_5,0.34585754736878166,0.4158892215729066,0.4926693814523567,0.27181246348077315,1.0,0.28047561073539284,0.21382991280153332
cluster_6,0.3559379058802492,0.24812944868205694,0.22155056464269565,0.32619942034003513,0.28047561073539284,1.0,0.35812336511342396
cluster_7,0.5780098607708127,0.10251929857393871,0.4005110842909949,0.16432488220772504,0.21382991280153332,0.35812336511342396,1.0
