,AUD_AWFA,BIG_OWFA,SYL_mAWFA,VIS_IFG,VIS_VWFA
AUD_AWFA,1.0,0.15345867,0.58577514,0.562858,0.29098243
BIG_OWFA,0.15345867,1.0,0.21086642,0.101090476,0.5135777
SYL_mAWFA,0.58577514,0.21086642,1.0,0.62574285,0.5299862
VIS_IFG,0.562858,0.101090476,0.62574285,1.0,0.27592006
VIS_VWFA,0.29098243,0.5135777,0.5299862,0.27592006,1.0
