,AUD_AWFA,AWFA_p-e09,BIG_OWFA,SYL_mAWFA,VIS_IFG,VIS_VWFA
AUD_AWFA,1.0,0.92730755,0.5752086,0.74932945,0.6801164,0.4344739
AWFA_p-e09,0.92730755,1.0,0.49699777,0.6924202,0.58676726,0.39174843
BIG_OWFA,0.5752086,0.49699777,1.0,0.5673204,0.48814055,0.45371848
SYL_mAWFA,0.74932945,0.6924202,0.5673204,1.0,0.6272635,0.5197403
VIS_IFG,0.6801164,0.58676726,0.48814055,0.6272635,1.0,0.47550496
VIS_VWFA,0.4344739,0.39174843,0.45371848,0.5197403,0.47550496,1.0
