,AUD_AWFA,AWFA_p-e09,BIG_OWFA,SYL_mAWFA,VIS_IFG,VIS_VWFA,mAWFA_p-e09
AUD_AWFA,1.0,0.8342593,0.19571078,0.51372963,0.41895807,0.5029729,0.45722738
AWFA_p-e09,0.8342593,1.0,0.099959955,0.47805324,0.33219767,0.49482015,0.37156582
BIG_OWFA,0.19571078,0.099959955,1.0,0.38357425,0.161332,0.31518823,0.37637427
SYL_mAWFA,0.51372963,0.47805324,0.38357425,1.0,0.38299128,0.54561186,0.82028896
VIS_IFG,0.41895807,0.33219767,0.161332,0.38299128,1.0,0.3768983,0.38274986
VIS_VWFA,0.5029729,0.49482015,0.31518823,0.54561186,0.3768983,1.0,0.43679202
mAWFA_p-e09,0.45722738,0.37156582,0.37637427,0.82028896,0.38274986,0.43679202,1.0
