,AUD_AWFA,BIG_OWFA,SYL_mAWFA,VIS_IFG,VIS_VWFA
AUD_AWFA,1.0,0.2172722,0.80147654,0.5617169,0.49895343
BIG_OWFA,0.2172722,1.0,0.37601632,0.165983,0.6114173
SYL_mAWFA,0.80147654,0.37601632,1.0,0.53439695,0.66283226
VIS_IFG,0.5617169,0.165983,0.53439695,1.0,0.6647927
VIS_VWFA,0.49895343,0.6114173,0.66283226,0.6647927,1.0
