,AUD_AWFA,AWFA_p-e09,BIG_OWFA,SYL_mAWFA,VIS_IFG,VIS_VWFA
AUD_AWFA,1.0,0.8671174,0.38147873,0.783092,0.7085367,0.4644554
AWFA_p-e09,0.8671174,1.0,0.3201173,0.70655465,0.59247756,0.42042992
BIG_OWFA,0.38147873,0.3201173,1.0,0.37778085,0.32594925,0.63645995
SYL_mAWFA,0.783092,0.70655465,0.37778085,1.0,0.64512414,0.56212276
VIS_IFG,0.7085367,0.59247756,0.32594925,0.64512414,1.0,0.5424994
VIS_VWFA,0.4644554,0.42042992,0.63645995,0.56212276,0.5424994,1.0
