,AUD_AWFA,BIG_OWFA,SYL_mAWFA,VIS_IFG,VIS_VWFA
AUD_AWFA,1.0,0.16628909,0.7280471,0.57003903,0.57962143
BIG_OWFA,0.16628909,1.0,0.15016332,0.18205103,0.3682306
SYL_mAWFA,0.7280471,0.15016332,1.0,0.6507207,0.6974502
VIS_IFG,0.57003903,0.18205103,0.6507207,1.0,0.5500122
VIS_VWFA,0.57962143,0.3682306,0.6974502,0.5500122,1.0
