,AUD_AWFA,BIG_OWFA,SYL_mAWFA,VIS_IFG,VIS_VWFA
AUD_AWFA,1.0,0.324995,0.5353358,0.6950454,0.46428823
BIG_OWFA,0.324995,1.0,-0.111109905,0.263042,0.6115478
SYL_mAWFA,0.5353358,-0.111109905,1.0,0.4969879,0.13460934
VIS_IFG,0.6950454,0.263042,0.4969879,1.0,0.45699012
VIS_VWFA,0.46428823,0.6115478,0.13460934,0.45699012,1.0
