,AUD_AWFA,AWFA_p-e09,BIG_OWFA,SYL_mAWFA,VIS_IFG,VIS_VWFA,mAWFA_p-e09
AUD_AWFA,1.0,0.8354509,0.26589435,0.48996902,0.48313183,0.12579328,0.31694826
AWFA_p-e09,0.8354509,1.0,0.18350153,0.314612,0.3416421,-0.032973606,0.16106401
BIG_OWFA,0.26589435,0.18350153,1.0,0.31896752,0.24997866,0.23314697,0.14461198
SYL_mAWFA,0.48996902,0.314612,0.31896752,1.0,0.4558312,0.33673614,0.8038318
VIS_IFG,0.48313183,0.3416421,0.24997866,0.4558312,1.0,0.32618642,0.25915244
VIS_VWFA,0.12579328,-0.032973606,0.23314697,0.33673614,0.32618642,1.0,0.30790323
mAWFA_p-e09,0.31694826,0.16106401,0.14461198,0.8038318,0.25915244,0.30790323,1.0
