,AUD_AWFA,AWFA_p-e09,BIG_OWFA,SYL_mAWFA,VIS_IFG,VIS_VWFA,mAWFA_p-e09
AUD_AWFA,1.0,0.85814613,0.37966606,0.637444,0.49494043,0.28436464,0.47662374
AWFA_p-e09,0.85814613,1.0,0.25946367,0.5475733,0.27484125,0.14323317,0.43467587
BIG_OWFA,0.37966606,0.25946367,1.0,0.33860123,0.37337065,0.39319065,0.2960695
SYL_mAWFA,0.637444,0.5475733,0.33860123,1.0,0.2884655,0.29943952,0.8403996
VIS_IFG,0.49494043,0.27484125,0.37337065,0.2884655,1.0,0.5512336,0.14526698
VIS_VWFA,0.28436464,0.14323317,0.39319065,0.29943952,0.5512336,1.0,0.22493887
mAWFA_p-e09,0.47662374,0.43467587,0.2960695,0.8403996,0.14526698,0.22493887,1.0
