,AUD_AWFA,BIG_OWFA,SYL_mAWFA,VIS_IFG,VIS_VWFA
AUD_AWFA,1.0,0.25827223,0.71322894,0.47554347,0.45848754
BIG_OWFA,0.25827223,1.0,0.30326784,0.30749625,0.59939075
SYL_mAWFA,0.71322894,0.30326784,1.0,0.56143975,0.49946865
VIS_IFG,0.47554347,0.30749625,0.56143975,1.0,0.36417544
VIS_VWFA,0.45848754,0.59939075,0.49946865,0.36417544,1.0
