,AUD_AWFA,AWFA_p-e09,BIG_OWFA,SYL_mAWFA,VIS_IFG,VIS_VWFA,mAWFA_p-e09
AUD_AWFA,1.0,0.85897374,0.38879126,0.5937184,0.6366856,0.59371555,0.5201143
AWFA_p-e09,0.85897374,1.0,0.36382708,0.6057829,0.5491864,0.5148773,0.5382715
BIG_OWFA,0.38879126,0.36382708,1.0,0.43235534,0.4111583,0.55492973,0.37840515
SYL_mAWFA,0.5937184,0.6057829,0.43235534,1.0,0.5000095,0.5684604,0.9049846
VIS_IFG,0.6366856,0.5491864,0.4111583,0.5000095,1.0,0.6651115,0.4449136
VIS_VWFA,0.59371555,0.5148773,0.55492973,0.5684604,0.6651115,1.0,0.5190813
mAWFA_p-e09,0.5201143,0.5382715,0.37840515,0.9049846,0.4449136,0.5190813,1.0
