,AUD_AWFA,BIG_OWFA,SYL_mAWFA,VIS_IFG,VIS_VWFA
AUD_AWFA,1.0,0.14800887,0.43069136,0.45585102,0.45014748
BIG_OWFA,0.14800887,1.0,-0.44127712,0.18189311,0.3513569
SYL_mAWFA,0.43069136,-0.44127712,1.0,0.22562045,0.1075865
VIS_IFG,0.45585102,0.18189311,0.22562045,1.0,0.6693166
VIS_VWFA,0.45014748,0.3513569,0.1075865,0.6693166,1.0
