,AUD_AWFA,AWFA_p-e09,BIG_OWFA,SYL_mAWFA,VIS_IFG,VIS_VWFA
AUD_AWFA,1.0,0.86082524,0.19803083,0.53102016,0.43228024,0.38755968
AWFA_p-e09,0.86082524,1.0,0.24509993,0.51433206,0.40791875,0.3742763
BIG_OWFA,0.19803083,0.24509993,1.0,0.40948033,0.1627415,0.40567437
SYL_mAWFA,0.53102016,0.51433206,0.40948033,1.0,0.53506386,0.4496662
VIS_IFG,0.43228024,0.40791875,0.1627415,0.53506386,1.0,0.3876821
VIS_VWFA,0.38755968,0.3742763,0.40567437,0.4496662,0.3876821,1.0
