,AUD_AWFA,AWFA_p-e09,BIG_OWFA,SYL_mAWFA,VIS_IFG,VIS_VWFA,mAWFA_p-e09
AUD_AWFA,1.0,0.9356461,0.35381627,0.681751,0.62096125,0.30540174,0.58426917
AWFA_p-e09,0.9356461,1.0,0.3155883,0.62548834,0.5753057,0.2668847,0.5168685
BIG_OWFA,0.35381627,0.3155883,1.0,0.48247883,0.3491756,0.51027167,0.41972873
SYL_mAWFA,0.681751,0.62548834,0.48247883,1.0,0.61603355,0.4280177,0.89274603
VIS_IFG,0.62096125,0.5753057,0.3491756,0.61603355,1.0,0.47758064,0.5920131
VIS_VWFA,0.30540174,0.2668847,0.51027167,0.4280177,0.47758064,1.0,0.41840094
mAWFA_p-e09,0.58426917,0.5168685,0.41972873,0.89274603,0.5920131,0.41840094,1.0
