,AUD_AWFA,AWFA_p-e09,BIG_OWFA,SYL_mAWFA,VIS_IFG,VIS_VWFA,mAWFA_p-e09
AUD_AWFA,1.0,0.9001763,0.13603455,0.43888378,0.46952438,0.13083337,0.47750685
AWFA_p-e09,0.9001763,1.0,0.111943506,0.3488797,0.4226725,0.12673573,0.39346823
BIG_OWFA,0.13603455,0.111943506,1.0,-0.2535037,0.21656936,0.75174934,-0.19146276
SYL_mAWFA,0.43888378,0.3488797,-0.2535037,1.0,0.2105817,-0.29213396,0.94404286
VIS_IFG,0.46952438,0.4226725,0.21656936,0.2105817,1.0,0.4479966,0.23874542
VIS_VWFA,0.13083337,0.12673573,0.75174934,-0.29213396,0.4479966,1.0,-0.22912727
mAWFA_p-e09,0.47750685,0.39346823,-0.19146276,0.94404286,0.23874542,-0.22912727,1.0
