,AUD_AWFA,AWFA_p-e09,BIG_OWFA,SYL_mAWFA,VIS_IFG,VIS_VWFA,mAWFA_p-e09
AUD_AWFA,1.0,0.89759856,0.5162171,0.7171423,0.29593268,0.38288057,0.63340974
AWFA_p-e09,0.89759856,1.0,0.45284143,0.692902,0.293504,0.3717608,0.6216091
BIG_OWFA,0.5162171,0.45284143,1.0,0.5314993,0.112856165,0.43590772,0.5052798
SYL_mAWFA,0.7171423,0.692902,0.5314993,1.0,0.31527212,0.48286235,0.8740428
VIS_IFG,0.29593268,0.293504,0.112856165,0.31527212,1.0,0.14402378,0.22830866
VIS_VWFA,0.38288057,0.3717608,0.43590772,0.48286235,0.14402378,1.0,0.4476202
mAWFA_p-e09,0.63340974,0.6216091,0.5052798,0.8740428,0.22830866,0.4476202,1.0
