,AUD_AWFA,AWFA_p-e09,BIG_OWFA,SYL_mAWFA,VIS_IFG,VIS_VWFA,mAWFA_p-e09
AUD_AWFA,1.0,0.8183892,0.3120986,0.44900054,0.20566635,0.029770095,0.42315602
AWFA_p-e09,0.8183892,1.0,0.19403234,0.36509657,0.08143646,-0.031541865,0.38140622
BIG_OWFA,0.3120986,0.19403234,1.0,0.22456896,0.22560586,0.08504831,0.18646796
SYL_mAWFA,0.44900054,0.36509657,0.22456896,1.0,0.38950795,0.26559076,0.7610896
VIS_IFG,0.20566635,0.08143646,0.22560586,0.38950795,1.0,0.20373598,0.2995848
VIS_VWFA,0.029770095,-0.031541865,0.08504831,0.26559076,0.20373598,1.0,0.21832715
mAWFA_p-e09,0.42315602,0.38140622,0.18646796,0.7610896,0.2995848,0.21832715,1.0
