,AUD_AWFA,BIG_OWFA,SYL_mAWFA,VIS_IFG,VIS_VWFA
AUD_AWFA,1.0,0.28539193,0.5226462,0.56117487,0.37522003
BIG_OWFA,0.28539193,1.0,-0.072696775,0.33559757,0.72670823
SYL_mAWFA,0.5226462,-0.072696775,1.0,0.23083784,-0.0797569
VIS_IFG,0.56117487,0.33559757,0.23083784,1.0,0.4345984
VIS_VWFA,0.37522003,0.72670823,-0.0797569,0.4345984,1.0
