,AUD_AWFA,AWFA_p-e09,BIG_OWFA,SYL_mAWFA,VIS_IFG,VIS_VWFA,mAWFA_p-e09
AUD_AWFA,1.0,0.9295816,0.35892758,0.67320615,0.59377086,0.45457637,0.6432415
AWFA_p-e09,0.9295816,1.0,0.37137502,0.66064745,0.6415197,0.46155494,0.60672635
BIG_OWFA,0.35892758,0.37137502,1.0,0.43201777,0.5059178,0.4499154,0.36917883
SYL_mAWFA,0.67320615,0.66064745,0.43201777,1.0,0.67956585,0.6147803,0.89872193
VIS_IFG,0.59377086,0.6415197,0.5059178,0.67956585,1.0,0.6173191,0.62764937
VIS_VWFA,0.45457637,0.46155494,0.4499154,0.6147803,0.6173191,1.0,0.5578904
mAWFA_p-e09,0.6432415,0.60672635,0.36917883,0.89872193,0.62764937,0.5578904,1.0
