,AUD_AWFA,AWFA_p-e09,BIG_OWFA,SYL_mAWFA,VIS_IFG,VIS_VWFA
AUD_AWFA,1.0,0.87019545,0.24225028,0.691027,0.58847654,0.32729653
AWFA_p-e09,0.87019545,1.0,0.23669587,0.6387124,0.5495594,0.271219
BIG_OWFA,0.24225028,0.23669587,1.0,0.19403718,0.35520533,0.32079104
SYL_mAWFA,0.691027,0.6387124,0.19403718,1.0,0.54654366,0.34490892
VIS_IFG,0.58847654,0.5495594,0.35520533,0.54654366,1.0,0.33531934
VIS_VWFA,0.32729653,0.271219,0.32079104,0.34490892,0.33531934,1.0
