,AUD_AWFA,AWFA_p-e09,BIG_OWFA,SYL_mAWFA,VIS_IFG,VIS_VWFA
AUD_AWFA,1.0,0.82690465,0.3122848,0.64126104,0.5192335,0.3920694
AWFA_p-e09,0.82690465,1.0,0.21551651,0.5575795,0.38218987,0.37218776
BIG_OWFA,0.3122848,0.21551651,1.0,0.19797924,0.1308952,0.18393889
SYL_mAWFA,0.64126104,0.5575795,0.19797924,1.0,0.31543535,0.40041053
VIS_IFG,0.5192335,0.38218987,0.1308952,0.31543535,1.0,0.34105924
VIS_VWFA,0.3920694,0.37218776,0.18393889,0.40041053,0.34105924,1.0
