,AUD_AWFA,AWFA_p-e09,BIG_OWFA,SYL_mAWFA,VIS_IFG,VIS_VWFA
AUD_AWFA,1.0,0.93066597,0.25247696,0.5672095,0.66462135,0.363372
AWFA_p-e09,0.93066597,1.0,0.21557878,0.50516117,0.6571199,0.3681937
BIG_OWFA,0.25247696,0.21557878,1.0,-0.020219,0.23986742,0.35219315
SYL_mAWFA,0.5672095,0.50516117,-0.020219,1.0,0.34696606,0.0010987517
VIS_IFG,0.66462135,0.6571199,0.23986742,0.34696606,1.0,0.58107376
VIS_VWFA,0.363372,0.3681937,0.35219315,0.0010987517,0.58107376,1.0
