,AUD_AWFA,AWFA_p-e09,BIG_OWFA,SYL_mAWFA,VIS_IFG,VIS_VWFA,mAWFA_p-e09
AUD_AWFA,1.0,0.8428576,0.08610775,0.50100195,0.4873057,0.31195402,0.4967298
AWFA_p-e09,0.8428576,1.0,0.10799986,0.50931543,0.38015816,0.28351396,0.4839605
BIG_OWFA,0.08610775,0.10799986,1.0,0.30855906,0.17506841,0.17602558,0.29001406
SYL_mAWFA,0.50100195,0.50931543,0.30855906,1.0,0.31560832,0.3084542,0.8266778
VIS_IFG,0.4873057,0.38015816,0.17506841,0.31560832,1.0,0.578152,0.31592938
VIS_VWFA,0.31195402,0.28351396,0.17602558,0.3084542,0.578152,1.0,0.27809525
mAWFA_p-e09,0.4967298,0.4839605,0.29001406,0.8266778,0.31592938,0.27809525,1.0
