,AUD_AWFA,BIG_OWFA,SYL_mAWFA,VIS_IFG,VIS_VWFA
AUD_AWFA,1.0,0.19423552,0.68311656,0.57749623,0.3048443
BIG_OWFA,0.19423552,1.0,0.027975788,0.23292899,0.6581156
SYL_mAWFA,0.68311656,0.027975788,1.0,0.6886197,0.1956784
VIS_IFG,0.57749623,0.23292899,0.6886197,1.0,0.35934383
VIS_VWFA,0.3048443,0.6581156,0.1956784,0.35934383,1.0
