,AUD_AWFA,AWFA_p-e09,BIG_OWFA,SYL_mAWFA,VIS_IFG,VIS_VWFA,mAWFA_p-e09
AUD_AWFA,1.0,0.90546536,0.4655904,0.6702827,0.509543,0.5161631,0.557044
AWFA_p-e09,0.90546536,1.0,0.38940874,0.53975,0.43107218,0.41291577,0.40686172
BIG_OWFA,0.4655904,0.38940874,1.0,0.5224671,0.34334332,0.5134926,0.411006
SYL_mAWFA,0.6702827,0.53975,0.5224671,1.0,0.52369136,0.68844473,0.83609617
VIS_IFG,0.509543,0.43107218,0.34334332,0.52369136,1.0,0.59795475,0.3949362
VIS_VWFA,0.5161631,0.41291577,0.5134926,0.68844473,0.59795475,1.0,0.56232136
mAWFA_p-e09,0.557044,0.40686172,0.411006,0.83609617,0.3949362,0.56232136,1.0
