,AUD_AWFA,AWFA_p-e09,BIG_OWFA,SYL_mAWFA,VIS_IFG,VIS_VWFA,mAWFA_p-e09
AUD_AWFA,1.0,0.8894506,0.29419002,0.5248111,0.63402516,0.48143938,0.5487642
AWFA_p-e09,0.8894506,1.0,0.27250165,0.4229448,0.54721063,0.4271134,0.4397947
BIG_OWFA,0.29419002,0.27250165,1.0,0.22510919,0.21000186,0.49529147,0.27043763
SYL_mAWFA,0.5248111,0.4229448,0.22510919,1.0,0.4615437,0.4833964,0.88299096
VIS_IFG,0.63402516,0.54721063,0.21000186,0.4615437,1.0,0.37804148,0.48794073
VIS_VWFA,0.48143938,0.4271134,0.49529147,0.4833964,0.37804148,1.0,0.44663817
mAWFA_p-e09,0.5487642,0.4397947,0.27043763,0.88299096,0.48794073,0.44663817,1.0
