,AUD_AWFA,BIG_OWFA,SYL_mAWFA,VIS_IFG,VIS_VWFA
AUD_AWFA,1.0,0.22839156,0.3224499,0.58393216,0.33013564
BIG_OWFA,0.22839156,1.0,0.10552724,0.341829,0.4837881
SYL_mAWFA,0.3224499,0.10552724,1.0,0.55056345,0.39821237
VIS_IFG,0.58393216,0.341829,0.55056345,1.0,0.6143042
VIS_VWFA,0.33013564,0.4837881,0.39821237,0.6143042,1.0
