,AUD_AWFA,AWFA_p-e09,BIG_OWFA,SYL_mAWFA,VIS_IFG,VIS_VWFA
AUD_AWFA,1.0,0.8326872,0.19827959,0.65808606,0.38948447,0.20019215
AWFA_p-e09,0.8326872,1.0,0.16967951,0.76702905,0.36165252,0.26238644
BIG_OWFA,0.19827959,0.16967951,1.0,0.12055539,0.41486576,0.5070742
SYL_mAWFA,0.65808606,0.76702905,0.12055539,1.0,0.32097435,0.14724877
VIS_IFG,0.38948447,0.36165252,0.41486576,0.32097435,1.0,0.3421239
VIS_VWFA,0.20019215,0.26238644,0.5070742,0.14724877,0.3421239,1.0
