,AUD_AWFA,AWFA_p-e09,BIG_OWFA,SYL_mAWFA,VIS_IFG,VIS_VWFA,mAWFA_p-e09
AUD_AWFA,1.0,0.88980746,0.4103284,0.74571216,0.687661,0.5054395,0.66820204
AWFA_p-e09,0.88980746,1.0,0.39017713,0.592024,0.5431198,0.45279795,0.5094593
BIG_OWFA,0.4103284,0.39017713,1.0,0.38462615,0.25543204,0.5435269,0.34203902
SYL_mAWFA,0.74571216,0.592024,0.38462615,1.0,0.7620083,0.4804607,0.8938297
VIS_IFG,0.687661,0.5431198,0.25543204,0.7620083,1.0,0.49594823,0.65446043
VIS_VWFA,0.5054395,0.45279795,0.5435269,0.4804607,0.49594823,1.0,0.42374048
mAWFA_p-e09,0.66820204,0.5094593,0.34203902,0.8938297,0.65446043,0.42374048,1.0
