,cluster_1,cluster_2,cluster_3,cluster_4,cluster_5,cluster_6,cluster_7
cluster_1,1.0,0.28435963,0.65361696,0.6575415,0.43988526,0.43503407,0.74335074
cluster_2,0.28435963,1.0,0.15224643,0.053306606,0.1923666,-0.12540919,0.23663525
cluster_3,0.65361696,0.15224643,1.0,0.5399404,0.4613966,0.55427307,0.57395345
cluster_4,0.6575415,0.053306606,0.5399404,1.0,0.22466853,0.5541607,0.614737
cluster_5,0.43988526,0.1923666,0.4613966,0.22466853,1.0,0.3772754,0.30702934
cluster_6,0.43503407,-0.12540919,0.55427307,0.5541607,0.3772754,1.0,0.4264788
cluster_7,0.74335074,0.23663525,0.57395345,0.614737,0.30702934,0.4264788,1.0
