,AUD_AWFA,AWFA_p-e09,BIG_OWFA,SYL_mAWFA,VIS_IFG,VIS_VWFA
AUD_AWFA,1.0,0.8522808,0.17662044,0.30300528,0.471762,0.2513203
AWFA_p-e09,0.8522808,1.0,0.17847726,0.2951482,0.5687192,0.31830513
BIG_OWFA,0.17662044,0.17847726,1.0,-0.24919021,0.2870517,0.63706464
SYL_mAWFA,0.30300528,0.2951482,-0.24919021,1.0,0.13596618,-0.21472123
VIS_IFG,0.471762,0.5687192,0.2870517,0.13596618,1.0,0.5088211
VIS_VWFA,0.2513203,0.31830513,0.63706464,-0.21472123,0.5088211,1.0
