,AUD_AWFA,BIG_OWFA,SYL_mAWFA,VIS_IFG,VIS_VWFA
AUD_AWFA,1.0,0.48131153,0.6809706,0.7388513,0.51006436
BIG_OWFA,0.48131153,1.0,0.47175553,0.54941857,0.66258603
SYL_mAWFA,0.6809706,0.47175553,1.0,0.7310079,0.42242903
VIS_IFG,0.7388513,0.54941857,0.7310079,1.0,0.5213034
VIS_VWFA,0.51006436,0.66258603,0.42242903,0.5213034,1.0
