,AUD_AWFA,AWFA_p-e09,BIG_OWFA,SYL_mAWFA,VIS_IFG,VIS_VWFA
AUD_AWFA,1.0,0.84204024,0.18297932,0.5561657,0.462096,0.36369327
AWFA_p-e09,0.84204024,1.0,0.22957163,0.48025358,0.3799374,0.40376988
BIG_OWFA,0.18297932,0.22957163,1.0,0.48150983,0.20346804,0.46571967
SYL_mAWFA,0.5561657,0.48025358,0.48150983,1.0,0.5415543,0.520575
VIS_IFG,0.462096,0.3799374,0.20346804,0.5415543,1.0,0.58281386
VIS_VWFA,0.36369327,0.40376988,0.46571967,0.520575,0.58281386,1.0
