,AUD_AWFA,AWFA_p-e09,BIG_OWFA,SYL_mAWFA,VIS_IFG,VIS_VWFA,mAWFA_p-e09
AUD_AWFA,1.0,0.8720133,0.28352284,0.6637991,0.45234266,0.5776878,0.5490798
AWFA_p-e09,0.8720133,1.0,0.31367347,0.5561091,0.28786182,0.5533728,0.38216466
BIG_OWFA,0.28352284,0.31367347,1.0,0.28811398,0.16370684,0.46787462,0.17773692
SYL_mAWFA,0.6637991,0.5561091,0.28811398,1.0,0.45446187,0.5727288,0.8907323
VIS_IFG,0.45234266,0.28786182,0.16370684,0.45446187,1.0,0.4650694,0.4083719
VIS_VWFA,0.5776878,0.5533728,0.46787462,0.5727288,0.4650694,1.0,0.4691999
mAWFA_p-e09,0.5490798,0.38216466,0.17773692,0.8907323,0.4083719,0.4691999,1.0
