,AUD_AWFA,AWFA_p-e09,BIG_OWFA,SYL_mAWFA,VIS_IFG,VIS_VWFA
AUD_AWFA,1.0,0.94442576,0.28741115,0.7335425,0.5578075,0.54596037
AWFA_p-e09,0.94442576,1.0,0.32458386,0.6888071,0.5046886,0.52154154
BIG_OWFA,0.28741115,0.32458386,1.0,0.29017118,0.36835086,0.63093114
SYL_mAWFA,0.7335425,0.6888071,0.29017118,1.0,0.49936184,0.60365224
VIS_IFG,0.5578075,0.5046886,0.36835086,0.49936184,1.0,0.6841301
VIS_VWFA,0.54596037,0.52154154,0.63093114,0.60365224,0.6841301,1.0
