,AUD_AWFA,BIG_OWFA,SYL_mAWFA,VIS_IFG,VIS_VWFA
AUD_AWFA,1.0,0.030519228,0.38057956,0.38740486,0.1397442
BIG_OWFA,0.030519228,1.0,0.23011754,0.17161848,0.26450977
SYL_mAWFA,0.38057956,0.23011754,1.0,0.6790788,0.53613824
VIS_IFG,0.38740486,0.17161848,0.6790788,1.0,0.46738625
VIS_VWFA,0.1397442,0.26450977,0.53613824,0.46738625,1.0
