,cluster_1,cluster_2,cluster_3,cluster_4,cluster_5,cluster_6,cluster_7
cluster_1,1.0,0.76699,0.4568155,0.5638439,0.3820556,0.1534527,0.73854804
cluster_2,0.76699,1.0,0.48225647,0.58089286,0.4162575,0.02336733,0.6184539
cluster_3,0.4568155,0.48225647,1.0,0.413789,0.4235321,-0.27958304,0.40513822
cluster_4,0.5638439,0.58089286,0.413789,1.0,0.18042393,-0.01637449,0.5368795
cluster_5,0.3820556,0.4162575,0.4235321,0.18042393,1.0,-0.1976522,0.2613244
cluster_6,0.1534527,0.02336733,-0.27958304,-0.01637449,-0.1976522,1.0,0.010669858
cluster_7,0.73854804,0.6184539,0.40513822,0.5368795,0.2613244,0.010669858,1.0
