,AUD_AWFA,AWFA_p-e09,BIG_OWFA,SYL_mAWFA,VIS_IFG,VIS_VWFA,mAWFA_p-e09
AUD_AWFA,1.0,0.90919036,0.23439087,0.34226972,0.5919242,0.20927435,0.2684086
AWFA_p-e09,0.90919036,1.0,0.17915526,0.3914277,0.63877344,0.2203756,0.26109335
BIG_OWFA,0.23439087,0.17915526,1.0,-0.18472348,0.12343309,0.4597258,-0.25416154
SYL_mAWFA,0.34226972,0.3914277,-0.18472348,1.0,0.43768662,-0.115221545,0.9106404
VIS_IFG,0.5919242,0.63877344,0.12343309,0.43768662,1.0,0.34599343,0.29569033
VIS_VWFA,0.20927435,0.2203756,0.4597258,-0.115221545,0.34599343,1.0,-0.20045516
mAWFA_p-e09,0.2684086,0.26109335,-0.25416154,0.9106404,0.29569033,-0.20045516,1.0
