,AUD_AWFA,AWFA_p-e09,BIG_OWFA,SYL_mAWFA,VIS_IFG,VIS_VWFA
AUD_AWFA,1.0,0.8193498,0.12896727,0.31766266,0.44218498,0.39685348
AWFA_p-e09,0.8193498,1.0,0.17213848,0.18448727,0.34105194,0.28069687
BIG_OWFA,0.12896727,0.17213848,1.0,-0.13191864,0.13362984,0.23794582
SYL_mAWFA,0.31766266,0.18448727,-0.13191864,1.0,0.17197137,-0.15032834
VIS_IFG,0.44218498,0.34105194,0.13362984,0.17197137,1.0,0.518486
VIS_VWFA,0.39685348,0.28069687,0.23794582,-0.15032834,0.518486,1.0
