,AUD_AWFA,AWFA_p-e09,BIG_OWFA,SYL_mAWFA,VIS_IFG,VIS_VWFA,mAWFA_p-e09
AUD_AWFA,1.0,0.84228075,0.37190577,0.4311383,0.55877924,0.22306332,0.4869402
AWFA_p-e09,0.84228075,1.0,0.31319943,0.39263088,0.5652788,0.24181733,0.4160931
BIG_OWFA,0.37190577,0.31319943,1.0,0.4020089,0.29608995,0.36742914,0.3679786
SYL_mAWFA,0.4311383,0.39263088,0.4020089,1.0,0.25038484,0.23838483,0.8598096
VIS_IFG,0.55877924,0.5652788,0.29608995,0.25038484,1.0,0.3297046,0.28751108
VIS_VWFA,0.22306332,0.24181733,0.36742914,0.23838483,0.3297046,1.0,0.2608707
mAWFA_p-e09,0.4869402,0.4160931,0.3679786,0.8598096,0.28751108,0.2608707,1.0
