,AUD_AWFA,AWFA_p-e09,BIG_OWFA,SYL_mAWFA,VIS_IFG,VIS_VWFA,mAWFA_p-e09
AUD_AWFA,1.0,0.9082008,0.5203115,0.79351914,0.6226604,0.54427135,0.7371886
AWFA_p-e09,0.9082008,1.0,0.4569868,0.7157887,0.5726685,0.5453221,0.6604109
BIG_OWFA,0.5203115,0.4569868,1.0,0.46888646,0.4901167,0.54715025,0.40576825
SYL_mAWFA,0.79351914,0.7157887,0.46888646,1.0,0.6389739,0.5512899,0.94135505
VIS_IFG,0.6226604,0.5726685,0.4901167,0.6389739,1.0,0.51954925,0.5869789
VIS_VWFA,0.54427135,0.5453221,0.54715025,0.5512899,0.51954925,1.0,0.49868077
mAWFA_p-e09,0.7371886,0.6604109,0.40576825,0.94135505,0.5869789,0.49868077,1.0
