,AUD_AWFA,AWFA_p-e09,BIG_OWFA,SYL_mAWFA,VIS_IFG,VIS_VWFA,mAWFA_p-e09
AUD_AWFA,1.0,0.9264358,0.104814574,0.65555733,0.60975534,0.46710998,0.6586783
AWFA_p-e09,0.9264358,1.0,0.049816396,0.57908463,0.53286785,0.38244903,0.5722839
BIG_OWFA,0.104814574,0.049816396,1.0,-0.049568113,-0.045415044,0.3651051,0.007796537
SYL_mAWFA,0.65555733,0.57908463,-0.049568113,1.0,0.66033095,0.4376149,0.9609172
VIS_IFG,0.60975534,0.53286785,-0.045415044,0.66033095,1.0,0.46936932,0.6295054
VIS_VWFA,0.46710998,0.38244903,0.3651051,0.4376149,0.46936932,1.0,0.4860701
mAWFA_p-e09,0.6586783,0.5722839,0.007796537,0.9609172,0.6295054,0.4860701,1.0
