,AUD_AWFA,BIG_OWFA,SYL_mAWFA,VIS_IFG,VIS_VWFA
AUD_AWFA,1.0,0.3948823,0.6315948,0.5576058,0.2549305
BIG_OWFA,0.3948823,1.0,0.34752023,0.34292105,0.33608156
SYL_mAWFA,0.6315948,0.34752023,1.0,0.5650464,0.26138
VIS_IFG,0.5576058,0.34292105,0.5650464,1.0,0.6145843
VIS_VWFA,0.2549305,0.33608156,0.26138,0.6145843,1.0
