,AUD_AWFA,AWFA_p-e09,BIG_OWFA,SYL_mAWFA,VIS_IFG,VIS_VWFA,mAWFA_p-e09
AUD_AWFA,1.0,0.8832165,0.30674946,0.57624334,0.30391535,0.14830765,0.4872732
AWFA_p-e09,0.8832165,1.0,0.21559677,0.49724674,0.2506606,0.05366924,0.401782
BIG_OWFA,0.30674946,0.21559677,1.0,0.50087804,0.24798468,0.37311304,0.35100898
SYL_mAWFA,0.57624334,0.49724674,0.50087804,1.0,0.36290225,0.4834904,0.8160148
VIS_IFG,0.30391535,0.2506606,0.24798468,0.36290225,1.0,0.3981023,0.24869591
VIS_VWFA,0.14830765,0.05366924,0.37311304,0.4834904,0.3981023,1.0,0.42376295
mAWFA_p-e09,0.4872732,0.401782,0.35100898,0.8160148,0.24869591,0.42376295,1.0
