,AUD_AWFA,AWFA_p-e09,BIG_OWFA,SYL_mAWFA,VIS_IFG,VIS_VWFA,mAWFA_p-e09
AUD_AWFA,1.0,0.8977352,0.033630513,0.19010025,0.34280896,-0.01361494,0.024295313
AWFA_p-e09,0.8977352,1.0,0.0016068219,0.08673823,0.21680123,-0.020421283,-0.03757194
BIG_OWFA,0.033630513,0.0016068219,1.0,0.17823727,0.03293266,-0.09419774,0.086368784
SYL_mAWFA,0.19010025,0.08673823,0.17823727,1.0,0.47247303,0.28463328,0.853229
VIS_IFG,0.34280896,0.21680123,0.03293266,0.47247303,1.0,0.3110699,0.28333238
VIS_VWFA,-0.01361494,-0.020421283,-0.09419774,0.28463328,0.3110699,1.0,0.3150156
mAWFA_p-e09,0.024295313,-0.03757194,0.086368784,0.853229,0.28333238,0.3150156,1.0
