,AUD_AWFA,AWFA_p-e09,BIG_OWFA,SYL_mAWFA,VIS_IFG,VIS_VWFA
AUD_AWFA,1.0,0.87293,0.08304925,0.27038935,0.3690246,0.009647309
AWFA_p-e09,0.87293,1.0,0.034975663,0.19322066,0.33914122,-0.04721224
BIG_OWFA,0.08304925,0.034975663,1.0,-0.020633329,0.26922828,0.38783503
SYL_mAWFA,0.27038935,0.19322066,-0.020633329,1.0,0.24605548,0.0485655
VIS_IFG,0.3690246,0.33914122,0.26922828,0.24605548,1.0,0.2661543
VIS_VWFA,0.009647309,-0.04721224,0.38783503,0.0485655,0.2661543,1.0
