,AUD_AWFA,AWFA_p-e09,BIG_OWFA,SYL_mAWFA,VIS_IFG,VIS_VWFA,mAWFA_p-e09
AUD_AWFA,1.0,0.89911526,0.1815453,0.45649812,0.39862892,0.25432867,0.44769073
AWFA_p-e09,0.89911526,1.0,0.14262907,0.3733386,0.39953172,0.24489987,0.37131098
BIG_OWFA,0.1815453,0.14262907,1.0,0.012331953,0.3464666,0.30143002,-0.0494603
SYL_mAWFA,0.45649812,0.3733386,0.012331953,1.0,0.3373709,0.2378316,0.93801194
VIS_IFG,0.39862892,0.39953172,0.3464666,0.3373709,1.0,0.63594127,0.2833059
VIS_VWFA,0.25432867,0.24489987,0.30143002,0.2378316,0.63594127,1.0,0.19896366
mAWFA_p-e09,0.44769073,0.37131098,-0.0494603,0.93801194,0.2833059,0.19896366,1.0
