,AUD_AWFA,AWFA_p-e09,BIG_OWFA,SYL_mAWFA,VIS_IFG,VIS_VWFA
AUD_AWFA,1.0,0.8781593,0.32178676,0.7421501,0.77981997,0.7066276
AWFA_p-e09,0.8781593,1.0,0.3279934,0.6328112,0.68883085,0.75878036
BIG_OWFA,0.32178676,0.3279934,1.0,0.34014735,0.3429322,0.54540956
SYL_mAWFA,0.7421501,0.6328112,0.34014735,1.0,0.67386806,0.66313136
VIS_IFG,0.77981997,0.68883085,0.3429322,0.67386806,1.0,0.71059155
VIS_VWFA,0.7066276,0.75878036,0.54540956,0.66313136,0.71059155,1.0
