,AUD_AWFA,AWFA_p-e09,BIG_OWFA,SYL_mAWFA,VIS_IFG,VIS_VWFA,mAWFA_p-e09
AUD_AWFA,1.0,0.7909729,-0.13157035,0.3555158,0.053061157,-0.07706243,0.33545473
AWFA_p-e09,0.7909729,1.0,-0.02246743,0.22933154,0.026237424,-0.0355007,0.21699965
BIG_OWFA,-0.13157035,-0.02246743,1.0,0.016401352,-0.17053944,0.11858631,-0.03280709
SYL_mAWFA,0.3555158,0.22933154,0.016401352,1.0,0.15637986,0.011333203,0.8744429
VIS_IFG,0.053061157,0.026237424,-0.17053944,0.15637986,1.0,0.5883176,0.13687949
VIS_VWFA,-0.07706243,-0.0355007,0.11858631,0.011333203,0.5883176,1.0,-0.016689066
mAWFA_p-e09,0.33545473,0.21699965,-0.03280709,0.8744429,0.13687949,-0.016689066,1.0
