,AUD_AWFA,AWFA_p-e09,BIG_OWFA,SYL_mAWFA,VIS_IFG,VIS_VWFA
AUD_AWFA,1.0,0.85953534,0.55670124,0.76987433,0.7113791,0.47589394
AWFA_p-e09,0.85953534,1.0,0.4368806,0.6939098,0.65973,0.45010757
BIG_OWFA,0.55670124,0.4368806,1.0,0.42323214,0.5353026,0.5699683
SYL_mAWFA,0.76987433,0.6939098,0.42323214,1.0,0.66385645,0.44483992
VIS_IFG,0.7113791,0.65973,0.5353026,0.66385645,1.0,0.6068608
VIS_VWFA,0.47589394,0.45010757,0.5699683,0.44483992,0.6068608,1.0
