,AUD_AWFA,AWFA_p-e09,BIG_OWFA,SYL_mAWFA,VIS_IFG,VIS_VWFA
AUD_AWFA,1.0,0.8965006,0.082957804,0.4747012,0.33701968,0.23159486
AWFA_p-e09,0.8965006,1.0,0.10672571,0.46750373,0.42708823,0.23256105
BIG_OWFA,0.082957804,0.10672571,1.0,0.26581755,0.29872668,0.55488604
SYL_mAWFA,0.4747012,0.46750373,0.26581755,1.0,0.29677558,0.39700106
VIS_IFG,0.33701968,0.42708823,0.29872668,0.29677558,1.0,0.38689065
VIS_VWFA,0.23159486,0.23256105,0.55488604,0.39700106,0.38689065,1.0
