,AUD_AWFA,AWFA_p-e09,BIG_OWFA,SYL_mAWFA,VIS_IFG,VIS_VWFA,mAWFA_p-e09
AUD_AWFA,1.0,0.8149246,0.1177575,0.41609326,0.46912816,0.14543457,0.36413845
AWFA_p-e09,0.8149246,1.0,0.16804217,0.50693274,0.49664405,0.29672775,0.41088778
BIG_OWFA,0.1177575,0.16804217,1.0,0.4888215,0.104552604,0.068926245,0.3442922
SYL_mAWFA,0.41609326,0.50693274,0.4888215,1.0,0.40941823,0.29664755,0.83745897
VIS_IFG,0.46912816,0.49664405,0.104552604,0.40941823,1.0,0.46872115,0.35654783
VIS_VWFA,0.14543457,0.29672775,0.068926245,0.29664755,0.46872115,1.0,0.21118973
mAWFA_p-e09,0.36413845,0.41088778,0.3442922,0.83745897,0.35654783,0.21118973,1.0
