,AUD_AWFA,AWFA_p-e09,BIG_OWFA,SYL_mAWFA,VIS_IFG,VIS_VWFA
AUD_AWFA,1.0,0.81969607,0.28210014,0.55097073,0.5710449,0.3687963
AWFA_p-e09,0.81969607,1.0,0.15421276,0.5139087,0.44572884,0.31657284
BIG_OWFA,0.28210014,0.15421276,1.0,0.51271,0.31415704,0.36535165
SYL_mAWFA,0.55097073,0.5139087,0.51271,1.0,0.37648615,0.39503047
VIS_IFG,0.5710449,0.44572884,0.31415704,0.37648615,1.0,0.31601408
VIS_VWFA,0.3687963,0.31657284,0.36535165,0.39503047,0.31601408,1.0
