,AUD_AWFA,AWFA_p-e09,BIG_OWFA,SYL_mAWFA,VIS_IFG,VIS_VWFA
AUD_AWFA,1.0,0.9043808,0.050241258,0.5997152,0.57677734,0.36848325
AWFA_p-e09,0.9043808,1.0,0.07226818,0.56854194,0.47007424,0.29476863
BIG_OWFA,0.050241258,0.07226818,1.0,0.29343823,0.17631142,0.43355173
SYL_mAWFA,0.5997152,0.56854194,0.29343823,1.0,0.63862777,0.5773988
VIS_IFG,0.57677734,0.47007424,0.17631142,0.63862777,1.0,0.58203393
VIS_VWFA,0.36848325,0.29476863,0.43355173,0.5773988,0.58203393,1.0
