,AUD_AWFA,BIG_OWFA,SYL_mAWFA,VIS_IFG,VIS_VWFA
AUD_AWFA,1.0,0.32962182,0.79074556,0.6676408,0.4626835
BIG_OWFA,0.32962182,1.0,0.5175664,0.4857001,0.61701477
SYL_mAWFA,0.79074556,0.5175664,1.0,0.7052065,0.65964407
VIS_IFG,0.6676408,0.4857001,0.7052065,1.0,0.66968054
VIS_VWFA,0.4626835,0.61701477,0.65964407,0.66968054,1.0
