,AUD_AWFA,AWFA_p-e09,BIG_OWFA,SYL_mAWFA,VIS_IFG,VIS_VWFA
AUD_AWFA,1.0,0.8703669,0.07673408,0.38816816,0.2031259,0.110857345
AWFA_p-e09,0.8703669,1.0,0.06503513,0.3854106,0.103663415,0.066281326
BIG_OWFA,0.07673408,0.06503513,1.0,-0.08974943,0.070067175,0.59855086
SYL_mAWFA,0.38816816,0.3854106,-0.08974943,1.0,0.20237564,0.20072787
VIS_IFG,0.2031259,0.103663415,0.070067175,0.20237564,1.0,0.36260226
VIS_VWFA,0.110857345,0.066281326,0.59855086,0.20072787,0.36260226,1.0
