,AUD_AWFA,AWFA_p-e09,BIG_OWFA,SYL_mAWFA,VIS_IFG,VIS_VWFA
AUD_AWFA,1.0,0.8820759,0.58267874,0.7883665,0.7991728,0.65138805
AWFA_p-e09,0.8820759,1.0,0.4766561,0.6337535,0.6794556,0.52738714
BIG_OWFA,0.58267874,0.4766561,1.0,0.55252266,0.6474721,0.69472504
SYL_mAWFA,0.7883665,0.6337535,0.55252266,1.0,0.71867913,0.5741711
VIS_IFG,0.7991728,0.6794556,0.6474721,0.71867913,1.0,0.750282
VIS_VWFA,0.65138805,0.52738714,0.69472504,0.5741711,0.750282,1.0
