,AUD_AWFA,AWFA_p-e09,BIG_OWFA,SYL_mAWFA,VIS_IFG,VIS_VWFA,mAWFA_p-e09
AUD_AWFA,1.0,0.8993677461599292,0.20008164081738433,0.49009967684040234,0.4897712935771487,0.3200117987507428,0.453840439341443
AWFA_p-e09,0.8993677461599292,1.0,0.17672443135386454,0.47134622905111684,0.46058412035424523,0.29326201928395945,0.43070561847887917
BIG_OWFA,0.20008164081738433,0.17672443135386454,1.0,-0.07512292293697433,0.26800709442033904,0.5100939886468419,-0.10919669393174508
SYL_mAWFA,0.49009967684040234,0.47134622905111684,-0.07512292293697433,1.0,0.3178223205644659,0.06738979857819473,0.9384162172669047
VIS_IFG,0.4897712935771487,0.46058412035424523,0.26800709442033904,0.3178223205644659,1.0,0.48941161265758587,0.26085043964324195
VIS_VWFA,0.3200117987507428,0.29326201928395945,0.5100939886468419,0.06738979857819473,0.48941161265758587,1.0,0.025431370110412476
mAWFA_p-e09,0.453840439341443,0.43070561847887917,-0.10919669393174508,0.9384162172669047,0.26085043964324195,0.025431370110412476,1.0
