,AUD_AWFA,AWFA_p-e09,BIG_OWFA,SYL_mAWFA,VIS_IFG,VIS_VWFA,mAWFA_p-e09
AUD_AWFA,1.0,0.8842696,0.51671183,0.68714046,0.4295916,0.6368604,0.5552141
AWFA_p-e09,0.8842696,1.0,0.3757912,0.5376139,0.4229707,0.59664404,0.42795467
BIG_OWFA,0.51671183,0.3757912,1.0,0.4710033,0.2186936,0.43345505,0.37885436
SYL_mAWFA,0.68714046,0.5376139,0.4710033,1.0,0.38384545,0.59658635,0.86164516
VIS_IFG,0.4295916,0.4229707,0.2186936,0.38384545,1.0,0.5368336,0.30148864
VIS_VWFA,0.6368604,0.59664404,0.43345505,0.59658635,0.5368336,1.0,0.4809221
mAWFA_p-e09,0.5552141,0.42795467,0.37885436,0.86164516,0.30148864,0.4809221,1.0
