,cluster_1,cluster_2,cluster_3,cluster_4,cluster_5,cluster_6,cluster_7
cluster_1,1.0,0.75253844,0.51450837,0.36524063,0.26985434,0.4359641,0.46317235
cluster_2,0.75253844,1.0,0.50282377,0.46152458,0.3578566,0.21154144,0.42376933
cluster_3,0.51450837,0.50282377,1.0,0.23719206,0.44996905,0.27206388,0.24068815
cluster_4,0.36524063,0.46152458,0.23719206,1.0,0.20705895,0.17845692,0.2381918
cluster_5,0.26985434,0.3578566,0.44996905,0.20705895,1.0,0.023499224,0.06549661
cluster_6,0.4359641,0.21154144,0.27206388,0.17845692,0.023499224,1.0,0.29020113
cluster_7,0.46317235,0.42376933,0.24068815,0.2381918,0.06549661,0.29020113,1.0
