,AUD_AWFA,BIG_OWFA,SYL_mAWFA,VIS_IFG,VIS_VWFA
AUD_AWFA,1.0,0.13513513,0.435982,0.46642002,0.12996835
BIG_OWFA,0.13513513,1.0,-0.25182763,0.21513747,0.74677896
SYL_mAWFA,0.435982,-0.25182763,1.0,0.20918941,-0.29020244
VIS_IFG,0.46642002,0.21513747,0.20918941,1.0,0.44503456
VIS_VWFA,0.12996835,0.74677896,-0.29020244,0.44503456,1.0
