,cluster_1,cluster_2,cluster_3,cluster_4,cluster_5,cluster_6,cluster_7
cluster_1,1.0,0.46473166,0.5753652,0.37693533,0.25566497,0.500946,0.40661886
cluster_2,0.46473166,1.0,0.6387256,0.4310409,0.49135622,0.2026679,0.23835969
cluster_3,0.5753652,0.6387256,1.0,0.39399654,0.3965817,0.26054835,0.25689068
cluster_4,0.37693533,0.4310409,0.39399654,1.0,0.18440579,0.027351119,0.1670388
cluster_5,0.25566497,0.49135622,0.3965817,0.18440579,1.0,0.41684696,0.15860999
cluster_6,0.500946,0.2026679,0.26054835,0.027351119,0.41684696,1.0,0.39420944
cluster_7,0.40661886,0.23835969,0.25689068,0.1670388,0.15860999,0.39420944,1.0
