,AUD_AWFA,AWFA_p-e09,BIG_OWFA,SYL_mAWFA,VIS_IFG,VIS_VWFA,mAWFA_p-e09
AUD_AWFA,1.0,0.8076556,0.13972075,0.33666843,0.05195025,-0.06277855,0.12878685
AWFA_p-e09,0.8076556,1.0,0.08770067,0.39413851,0.054023165,-0.02083159,0.14385256
BIG_OWFA,0.13972075,0.08770067,1.0,0.16538979,0.23428021,0.20442495,0.23608068
SYL_mAWFA,0.33666843,0.39413851,0.16538979,1.0,0.3674839,0.43638632,0.7742407
VIS_IFG,0.05195025,0.054023165,0.23428021,0.3674839,1.0,0.47302896,0.46102583
VIS_VWFA,-0.06277855,-0.02083159,0.20442495,0.43638632,0.47302896,1.0,0.4519402
mAWFA_p-e09,0.12878685,0.14385256,0.23608068,0.7742407,0.46102583,0.4519402,1.0
