,AUD_AWFA,AWFA_p-e09,BIG_OWFA,SYL_mAWFA,VIS_IFG,VIS_VWFA,mAWFA_p-e09
AUD_AWFA,1.0,0.84744906,0.38995513,0.6831808,0.3867683,0.45973605,0.50568706
AWFA_p-e09,0.84744906,1.0,0.3083276,0.5475494,0.30553687,0.3553068,0.37597835
BIG_OWFA,0.38995513,0.3083276,1.0,0.45909894,0.29696265,0.40652886,0.37183642
SYL_mAWFA,0.6831808,0.5475494,0.45909894,1.0,0.3161662,0.562352,0.84103596
VIS_IFG,0.3867683,0.30553687,0.29696265,0.3161662,1.0,0.49783137,0.28356954
VIS_VWFA,0.45973605,0.3553068,0.40652886,0.562352,0.49783137,1.0,0.46179074
mAWFA_p-e09,0.50568706,0.37597835,0.37183642,0.84103596,0.28356954,0.46179074,1.0
