,cluster_1,cluster_2,cluster_3,cluster_4,cluster_5,cluster_6,cluster_7
cluster_1,1.0,0.47478786,0.5106723,0.5088258,0.37664908,0.37693134,0.4654221
cluster_2,0.47478786,1.0,0.51244104,0.4916124,0.46977422,0.18251078,0.29335123
cluster_3,0.5106723,0.51244104,1.0,0.35881856,0.45907697,0.12665208,0.17319973
cluster_4,0.5088258,0.4916124,0.35881856,1.0,0.16053322,0.4006405,0.47211632
cluster_5,0.37664908,0.46977422,0.45907697,0.16053322,1.0,0.13295029,0.11106944
cluster_6,0.37693134,0.18251078,0.12665208,0.4006405,0.13295029,1.0,0.54791546
cluster_7,0.4654221,0.29335123,0.17319973,0.47211632,0.11106944,0.54791546,1.0
