,AUD_AWFA,AWFA_p-e09,BIG_OWFA,SYL_mAWFA,VIS_IFG,VIS_VWFA,mAWFA_p-e09
AUD_AWFA,1.0,0.95024246,0.2908587,0.7619999,0.686846,0.7216856,0.76294845
AWFA_p-e09,0.95024246,1.0,0.26390117,0.7666087,0.68777317,0.72171885,0.7568294
BIG_OWFA,0.2908587,0.26390117,1.0,0.13413695,0.2504169,0.34478298,0.11430631
SYL_mAWFA,0.7619999,0.7666087,0.13413695,1.0,0.6395573,0.7321685,0.9480216
VIS_IFG,0.686846,0.68777317,0.2504169,0.6395573,1.0,0.7289402,0.60809153
VIS_VWFA,0.7216856,0.72171885,0.34478298,0.7321685,0.7289402,1.0,0.70406383
mAWFA_p-e09,0.76294845,0.7568294,0.11430631,0.9480216,0.60809153,0.70406383,1.0
