,AUD_AWFA,AWFA_p-e09,BIG_OWFA,SYL_mAWFA,VIS_IFG,VIS_VWFA,mAWFA_p-e09
AUD_AWFA,1.0,0.8404177,0.32410222,0.6150813,0.3349802,0.021741634,0.43210316
AWFA_p-e09,0.8404177,1.0,0.19714586,0.49110526,0.2621324,-0.004512841,0.35227272
BIG_OWFA,0.32410222,0.19714586,1.0,0.5895778,0.25137043,0.29361477,0.4929615
SYL_mAWFA,0.6150813,0.49110526,0.5895778,1.0,0.5204867,0.3977496,0.8351898
VIS_IFG,0.3349802,0.2621324,0.25137043,0.5204867,1.0,0.48031437,0.47973374
VIS_VWFA,0.021741634,-0.004512841,0.29361477,0.3977496,0.48031437,1.0,0.371166
mAWFA_p-e09,0.43210316,0.35227272,0.4929615,0.8351898,0.47973374,0.371166,1.0
