,cluster_1,cluster_2,cluster_3,cluster_4,cluster_5,cluster_6,cluster_7
cluster_1,1.0,0.41558823,0.47536737,0.4784955,0.35566542,0.30335343,0.5705427
cluster_2,0.41558823,1.0,0.34416005,0.46531716,0.4172998,0.24326311,0.10594888
cluster_3,0.47536737,0.34416005,1.0,0.22914025,0.4968466,0.19832885,0.39976
cluster_4,0.4784955,0.46531716,0.22914025,1.0,0.27542707,0.3101802,0.1665898
cluster_5,0.35566542,0.4172998,0.4968466,0.27542707,1.0,0.25349352,0.21296637
cluster_6,0.30335343,0.24326311,0.19832885,0.3101802,0.25349352,1.0,0.35281292
cluster_7,0.5705427,0.10594888,0.39976,0.1665898,0.21296637,0.35281292,1.0
