,AUD_AWFA,AWFA_p-e09,BIG_OWFA,SYL_mAWFA,VIS_IFG,VIS_VWFA
AUD_AWFA,1.0,0.8150748,0.19940102,0.50361085,0.48660073,0.25549075
AWFA_p-e09,0.8150748,1.0,0.2341581,0.44982913,0.47997108,0.29089567
BIG_OWFA,0.19940102,0.2341581,1.0,0.17047913,0.4293188,0.43427455
SYL_mAWFA,0.50361085,0.44982913,0.17047913,1.0,0.29818717,0.1843718
VIS_IFG,0.48660073,0.47997108,0.4293188,0.29818717,1.0,0.5040723
VIS_VWFA,0.25549075,0.29089567,0.43427455,0.1843718,0.5040723,1.0
