,AUD_AWFA,BIG_OWFA,SYL_mAWFA,VIS_IFG,VIS_VWFA
AUD_AWFA,1.0,0.043413337,0.5902487,0.3452327,0.12623447
BIG_OWFA,0.043413337,1.0,-0.24423508,0.32236198,0.58969796
SYL_mAWFA,0.5902487,-0.24423508,1.0,0.15503865,-0.20008072
VIS_IFG,0.3452327,0.32236198,0.15503865,1.0,0.4906482
VIS_VWFA,0.12623447,0.58969796,-0.20008072,0.4906482,1.0
